Date_open,Date_close,Price_open,Price_close,Points,Usdt,Pcnt_cng,Pcnts_25
2020-01-01 01:30:00,2020-01-01 02:15:00,7206.63,7226.0,-19.36999999999989,-0.1936999999999989,0.004908365556102454,8.799999999999955
2020-01-02 10:00:00,2020-01-02 10:15:00,7163.99,7173.0,-9.010000000000218,-0.09010000000000218,0.003070542672562171,5.482499999999845
2020-01-03 04:30:00,2020-01-03 09:00:00,7239.6,7301.0,-61.399999999999636,-0.6139999999999963,0.04205290006102979,73.04000000000019
2020-01-03 16:15:00,2020-01-05 01:15:00,7364.14,7408.28,-44.13999999999942,-0.4413999999999942,0.013635087294290001,24.7650000000001
2020-01-06 21:15:00,2020-01-06 21:30:00,7576.94,7588.36,-11.420000000000073,-0.11420000000000073,0.005305859797398123,9.997499999999945
2020-01-07 08:15:00,2020-01-07 11:00:00,7904.0,7910.98,-6.979999999999563,-0.06979999999999563,0.0038240310697761426,7.527499999999918
2020-01-07 11:15:00,2020-01-07 11:30:00,7940.96,7946.99,-6.029999999999745,-0.06029999999999745,0.008119842579662313,15.990000000000009
2020-01-07 18:30:00,2020-01-07 18:45:00,8075.8,8128.34,-52.539999999999964,-0.5253999999999996,0.016898358013498517,33.549999999999955
2020-01-07 23:30:00,2020-01-07 23:45:00,8181.97,8199.5,-17.529999999999745,-0.17529999999999746,0.015742704055537123,31.7025000000001
2020-01-08 05:00:00,2020-01-08 13:30:00,8348.36,8382.87,-34.51000000000022,-0.3451000000000022,0.004801124635462515,9.97250000000031
2020-01-09 19:45:00,2020-01-09 20:00:00,7921.34,7964.0,-42.659999999999854,-0.42659999999999854,0.012146255947908892,23.7650000000001
2020-01-10 14:30:00,2020-01-10 14:45:00,7955.0,7975.0,-20.0,-0.2,0.011057447890188104,21.75
2020-01-10 18:15:00,2020-01-10 19:15:00,8093.24,8126.0,-32.76000000000022,-0.32760000000000217,0.020604425052176197,40.847499999999854
2020-01-10 23:45:00,2020-01-11 01:15:00,8207.09,8211.62,-4.530000000000655,-0.04530000000000655,0.016015657883660227,32.34249999999997
2020-01-11 16:00:00,2020-01-11 16:15:00,8129.96,8131.0,-1.0399999999999636,-0.010399999999999637,0.007196597566610977,14.522500000000036
2020-01-14 14:15:00,2020-01-14 14:30:00,8688.3,8720.51,-32.210000000000946,-0.3221000000000095,0.01585583015402157,33.90249999999969
2020-01-16 05:45:00,2020-01-16 06:45:00,8709.66,8734.0,-24.340000000000146,-0.24340000000000145,0.005256159886982065,11.384999999999764
2020-01-17 16:15:00,2020-01-17 16:30:00,8893.02,8911.0,-17.979999999999563,-0.17979999999999563,0.006020498201316904,13.305000000000291
2020-01-19 01:00:00,2020-01-19 01:30:00,9125.0,9131.22,-6.219999999999345,-0.062199999999993455,0.019655607826485302,43.97499999999991
2020-01-19 21:15:00,2020-01-19 21:30:00,8739.99,8755.67,-15.680000000000291,-0.1568000000000029,0.010264483845574917,22.199999999999818
2020-01-22 07:00:00,2020-01-22 07:15:00,8763.24,8766.0,-2.7600000000002183,-0.027600000000002182,0.0032708734273876067,7.142499999999927
2020-01-23 15:30:00,2020-01-23 21:00:00,8395.88,8407.0,-11.1200000000008,-0.111200000000008,0.0029158558771637307,6.102499999999964
2020-01-26 08:15:00,2020-01-26 12:00:00,8466.95,8489.0,-22.049999999999272,-0.22049999999999273,0.012822138434596269,26.797500000000127
2020-01-26 17:00:00,2020-01-26 18:45:00,8588.0,8592.37,-4.3700000000008,-0.043700000000008,0.015128823724794625,31.997499999999945
2020-01-27 00:15:00,2020-01-27 00:30:00,8689.1,8699.0,-9.899999999999636,-0.09899999999999637,0.01262002072065468,27.07250000000022
2020-01-28 14:15:00,2020-01-28 14:30:00,9189.65,9193.0,-3.350000000000364,-0.03350000000000364,0.012075991189427272,27.41249999999991
2020-01-29 06:15:00,2020-01-29 10:00:00,9377.67,9324.229999999998,53.44000000000233,0.5344000000000233,0.0014266934776828815,3.3400000000001455
2020-01-30 07:30:00,2020-01-30 07:45:00,9385.04,9399.0,-13.959999999999127,-0.13959999999999126,0.00549188003145566,12.815000000000055
2020-01-31 16:00:00,2020-01-31 21:30:00,9350.0,9378.78,-28.780000000000655,-0.28780000000000655,0.0058652162126109075,13.63000000000011
2020-02-05 05:00:00,2020-02-05 05:30:00,9246.54,9265.27,-18.729999999999563,-0.18729999999999564,0.0017919826652221965,4.135000000000218
2020-02-05 06:00:00,2020-02-05 06:15:00,9294.79,9299.0,-4.209999999999127,-0.04209999999999127,0.005602071186767152,12.945000000000164
2020-02-05 16:00:00,2020-02-05 16:15:00,9561.05,9563.77,-2.720000000001164,-0.027200000000011642,0.010189537656596382,24.109999999999673
2020-02-07 22:45:00,2020-02-07 23:45:00,9821.79,9829.0,-7.209999999999127,-0.07209999999999127,0.005142485217273837,12.5625
2020-02-08 08:15:00,2020-02-08 08:30:00,9809.93,9818.79,-8.860000000000582,-0.08860000000000583,0.003800347700093772,9.284999999999854
2020-02-10 23:15:00,2020-02-10 23:30:00,9874.75,9899.0,-24.25,-0.2425,0.004669925779719869,11.474999999999909
2020-02-11 08:45:00,2020-02-11 09:00:00,9804.28,9806.59,-2.3099999999994907,-0.023099999999994906,0.005244470236734408,12.787500000000364
2020-02-11 11:45:00,2020-02-11 12:00:00,9812.27,9824.0,-11.729999999999563,-0.11729999999999563,0.0018030324841928217,4.414999999999964
2020-02-11 12:15:00,2020-02-11 13:15:00,9869.38,9886.0,-16.6200000000008,-0.166200000000008,0.006972729424632317,17.08499999999958
2020-02-11 15:30:00,2020-02-11 15:45:00,10163.64,10201.0,-37.36000000000058,-0.3736000000000058,0.030103520759895343,74.25499999999965
2020-02-12 13:00:00,2020-02-12 13:15:00,10386.34,10387.39,-1.0499999999992724,-0.010499999999992723,0.006428294573643425,16.585000000000036
2020-02-12 16:45:00,2020-02-12 20:30:00,10355.37,10391.0,-35.6299999999992,-0.356299999999992,0.0022619047619048395,5.8425000000002
2020-02-13 06:00:00,2020-02-13 06:45:00,10449.56,10471.0,-21.44000000000051,-0.2144000000000051,0.00227319377010615,5.924999999999727
2020-02-14 09:30:00,2020-02-14 09:45:00,10215.62,10228.57,-12.949999999998909,-0.1294999999999891,0.0036784572487419663,9.360000000000127
2020-02-14 14:15:00,2020-02-14 14:30:00,10320.68,10326.0,-5.319999999999709,-0.05319999999999709,0.006107410487198773,15.662499999999909
2020-02-16 02:45:00,2020-02-16 03:00:00,10053.92,10055.86,-1.9400000000005093,-0.019400000000005094,0.012026848015590164,29.86999999999989
2020-02-17 20:00:00,2020-02-17 23:45:00,9682.84,9714.48,-31.639999999999418,-0.3163999999999942,0.004485663305531327,10.809999999999945
2020-02-18 15:00:00,2020-02-18 15:15:00,9751.54,9786.0,-34.45999999999913,-0.3445999999999913,0.011063958618244277,26.677500000000236
2020-02-23 04:00:00,2020-02-23 10:15:00,9887.15,9951.0,-63.850000000000364,-0.6385000000000036,0.020420484885889344,49.46499999999969
2020-02-23 14:15:00,2020-02-23 14:45:00,9896.65,9907.85,-11.200000000000728,-0.11200000000000727,0.0026614983415026005,6.567500000000109
2020-02-27 12:15:00,2020-02-27 16:30:00,8890.78,8948.0,-57.219999999999345,-0.5721999999999935,0.00947620842662705,20.865000000000236
2020-02-28 01:45:00,2020-02-28 09:30:00,8899.19,8649.429999999998,249.76000000000204,2.4976000000000202,0.007065946190624439,15.610000000000127
2020-03-01 12:00:00,2020-03-02 10:30:00,8715.13,8763.24,-48.11000000000058,-0.48110000000000586,0.01601822393570323,34.34999999999991
2020-03-02 13:00:00,2020-03-02 13:15:00,8778.8,8791.47,-12.670000000000073,-0.12670000000000073,0.0048728112698497765,10.642499999999927
2020-03-02 21:15:00,2020-03-02 22:00:00,8915.28,8945.0,-29.719999999999345,-0.29719999999999347,0.005172841454889961,11.470000000000255
2020-03-05 00:30:00,2020-03-05 00:45:00,8849.21,8870.9,-21.69000000000051,-0.2169000000000051,0.010647580282275608,23.30749999999989
2020-03-06 02:30:00,2020-03-06 05:15:00,9079.43,9089.0,-9.569999999999709,-0.09569999999999709,0.005722343391557367,12.914999999999964
2020-03-06 05:30:00,2020-03-06 05:45:00,9110.45,9117.95,-7.5,-0.075,0.006209252470944649,14.055000000000291
2020-03-07 15:00:00,2020-03-07 15:45:00,9119.97,9127.0,-7.030000000000655,-0.07030000000000655,0.002314562953144881,5.264999999999873
2020-03-10 10:30:00,2020-03-10 10:45:00,8030.0,8046.14,-16.140000000000327,-0.1614000000000033,0.01759437142321283,34.710000000000036
2020-03-11 13:15:00,2020-03-11 17:30:00,7883.32,7652.360000000001,230.95999999999913,2.309599999999991,0.007378366843096586,14.434999999999945
2020-03-12 22:00:00,2020-03-12 23:15:00,5879.23,4758.630000000001,1120.5999999999985,11.205999999999985,0.05003500575094473,70.03749999999991
2020-03-17 01:15:00,2020-03-17 01:30:00,5239.01,5281.0,-41.98999999999978,-0.41989999999999783,0.0474395859032776,59.320000000000164
2020-03-17 07:15:00,2020-03-17 07:45:00,5355.06,5395.06,-40.0,-0.4,0.02140442966026052,28.055000000000064
2020-03-18 03:15:00,2020-03-18 04:30:00,5397.03,5408.84,-11.8100000000004,-0.11810000000000401,0.007884500103645012,10.554999999999836
2020-03-19 05:45:00,2020-03-19 06:15:00,5362.6,5376.0,-13.399999999999636,-0.13399999999999637,0.010550992064613886,13.997500000000173
2020-03-19 12:15:00,2020-03-19 12:30:00,5721.08,5796.0,-74.92000000000007,-0.7492000000000008,0.027862019403521367,38.76999999999998
2020-03-19 16:15:00,2020-03-19 17:45:00,6222.08,6330.0,-107.92000000000007,-1.0792000000000008,0.059818869030078846,87.7974999999999
2020-03-22 03:45:00,2020-03-22 04:00:00,6348.31,6361.98,-13.669999999999163,-0.13669999999999163,0.013799326083137829,21.60250000000019
2020-03-23 16:15:00,2020-03-23 16:45:00,6257.79,6317.18,-59.39000000000033,-0.5939000000000033,0.015815634151250948,24.357500000000073
2020-03-24 00:15:00,2020-03-24 08:15:00,6593.51,6690.51,-97.0,-0.97,0.02301409735647413,37.08249999999998
2020-03-25 09:15:00,2020-03-25 09:30:00,6890.21,6937.0,-46.789999999999964,-0.46789999999999965,0.026456137841856107,44.397500000000036
2020-03-25 19:00:00,2020-03-25 22:00:00,6648.8,6673.65,-24.849999999999454,-0.24849999999999456,0.005048825467847832,8.350000000000136
2020-03-30 20:15:00,2020-03-30 21:00:00,6434.83,6508.52,-73.69000000000051,-0.7369000000000051,0.013032013287049022,20.694999999999936
2020-03-31 08:30:00,2020-04-01 00:15:00,6491.99,6291.0700000000015,200.91999999999825,2.0091999999999826,0.007797558431236116,12.55749999999989
2020-04-01 20:15:00,2020-04-01 20:30:00,6253.83,6286.0,-32.17000000000007,-0.3217000000000007,0.010461974962353049,16.1875
2020-04-01 22:30:00,2020-04-01 23:30:00,6559.01,6600.0,-40.98999999999978,-0.4098999999999978,0.03327782827670186,52.809999999999945
2020-04-02 06:45:00,2020-04-02 07:15:00,6635.0,6645.21,-10.210000000000036,-0.10210000000000037,0.0050746042566083465,8.375
2020-04-03 07:30:00,2020-04-03 08:00:00,6924.93,6951.0,-26.06999999999971,-0.2606999999999971,0.019337431332026197,32.84249999999997
2020-04-04 08:15:00,2020-04-04 08:45:00,6748.93,6761.58,-12.649999999999636,-0.12649999999999637,0.004544236723029391,7.632500000000164
2020-04-05 05:30:00,2020-04-05 17:45:00,6816.52,6840.59,-24.06999999999971,-0.24069999999999708,0.006588992749450052,11.1550000000002
2020-04-06 21:30:00,2020-04-06 21:45:00,7263.58,7276.0,-12.420000000000073,-0.12420000000000073,0.007238559055270949,13.049999999999955
2020-04-07 00:15:00,2020-04-07 12:15:00,7410.0,7451.0,-41.0,-0.41000000000000003,0.01908900869182531,34.700000000000045
2020-04-08 20:15:00,2020-04-08 22:45:00,7346.23,7360.47,-14.240000000000691,-0.1424000000000069,0.009042085599692315,16.457499999999982
2020-04-09 08:00:00,2020-04-09 11:45:00,7336.51,7219.109999999999,117.40000000000146,1.1740000000000146,0.004016608367683254,7.337500000000091
2020-04-12 16:00:00,2020-04-12 16:15:00,7035.4,7044.76,-9.360000000000582,-0.09360000000000582,0.009403345260880415,16.38499999999999
2020-04-14 04:00:00,2020-04-14 14:00:00,6906.35,6917.55,-11.199999999999818,-0.11199999999999818,0.008666556642972646,14.835000000000036
2020-04-14 16:30:00,2020-04-14 17:00:00,6942.41,6949.0,-6.5900000000001455,-0.06590000000000146,0.006060351361260372,10.454999999999927
2020-04-15 04:00:00,2020-04-15 10:45:00,6906.56,6780.319999999999,126.2400000000016,1.262400000000016,0.004590545454545513,7.8900000000001
2020-04-17 09:30:00,2020-04-17 09:45:00,7105.6,7115.48,-9.8799999999992,-0.098799999999992,0.00699950823459057,12.347500000000082
2020-04-22 05:45:00,2020-04-22 06:15:00,6896.19,6908.7,-12.510000000000218,-0.12510000000000218,0.006280323646790157,10.759999999999991
2020-04-22 13:15:00,2020-04-22 13:45:00,7041.47,7076.0,-34.529999999999745,-0.34529999999999744,0.014792119132476272,25.660000000000082
2020-04-23 01:15:00,2020-04-23 01:30:00,7129.43,7140.05,-10.61999999999989,-0.1061999999999989,0.0031221683804121586,5.547500000000127
2020-04-24 09:15:00,2020-04-25 15:45:00,7603.22,7613.91,-10.6899999999996,-0.106899999999996,0.007450652511796156,14.057500000000118
2020-04-26 23:30:00,2020-04-26 23:45:00,7666.89,7689.85,-22.960000000000036,-0.22960000000000036,0.0072175986442370894,13.735000000000127
2020-04-28 09:30:00,2020-04-28 09:45:00,7730.26,7745.12,-14.859999999999673,-0.14859999999999673,0.005107281516789883,9.820000000000164
2020-04-28 16:15:00,2020-04-28 16:30:00,7731.32,7738.0,-6.680000000000291,-0.06680000000000291,0.002747031830809736,5.294999999999845
2020-04-29 02:00:00,2020-04-29 06:00:00,7759.94,7880.99,-121.05000000000018,-1.210500000000002,0.0019302800907425083,3.7374999999999545
2020-04-29 13:00:00,2020-04-29 13:15:00,8304.51,8351.0,-46.48999999999978,-0.4648999999999978,0.020666489683347413,42.037500000000136
2020-04-30 05:30:00,2020-04-30 05:45:00,9293.45,9321.0,-27.549999999999272,-0.27549999999999275,0.013461272125112242,30.860000000000127
2020-04-30 06:00:00,2020-04-30 09:15:00,9414.89,8835.529999999999,579.3600000000006,5.793600000000006,0.015624511194653768,36.210000000000036
2020-05-01 04:30:00,2020-05-01 04:45:00,8757.25,8768.16,-10.909999999999854,-0.10909999999999855,0.008794008923027672,19.085000000000036
2020-05-01 10:00:00,2020-05-01 10:45:00,8868.9,8887.47,-18.56999999999971,-0.1856999999999971,0.008667427146868491,19.05249999999978
2020-05-06 22:00:00,2020-05-06 22:45:00,9329.0,9351.0,-22.0,-0.22,0.006532915428145943,15.137499999999818
2020-05-07 12:45:00,2020-05-07 13:00:00,9375.83,9385.15,-9.319999999999709,-0.09319999999999709,0.010615100217195595,24.61999999999989
2020-05-07 13:15:00,2020-05-07 16:45:00,9457.35,9631.0,-173.64999999999964,-1.7364999999999964,0.013920113728101084,32.460000000000036
2020-05-09 16:15:00,2020-05-09 17:45:00,9756.6,9784.12,-27.520000000000437,-0.2752000000000044,0.01062143802710993,25.63500000000022
2020-05-10 07:00:00,2020-05-10 07:15:00,8640.49,8647.97,-7.479999999999563,-0.07479999999999563,0.005868397034719101,12.602499999999964
2020-05-13 20:00:00,2020-05-13 20:15:00,9242.0,9275.63,-33.6299999999992,-0.336299999999992,0.01817669034186365,41.247499999999945
2020-05-14 09:00:00,2020-05-14 09:15:00,9685.51,9730.0,-44.48999999999978,-0.44489999999999785,0.01648006817456726,39.257500000000164
2020-05-19 22:45:00,2020-05-19 23:45:00,9754.14,9776.97,-22.829999999999927,-0.22829999999999928,0.008994340651212906,21.737499999999727
2020-05-20 06:15:00,2020-05-20 06:30:00,9797.5,9813.2,-15.700000000000728,-0.15700000000000727,0.006316762530813476,15.375
2020-05-22 10:00:00,2020-05-22 10:30:00,9160.86,9186.52,-25.659999999999854,-0.25659999999999855,0.009719289118540529,22.045000000000073
2020-05-23 14:30:00,2020-05-23 20:30:00,9207.5,9217.0,-9.5,-0.095,0.0063523430002908185,14.5300000000002
2020-05-27 23:30:00,2020-05-27 23:45:00,9180.44,9197.0,-16.55999999999949,-0.16559999999999492,0.009035823451374712,20.552500000000236
2020-05-30 04:15:00,2020-05-30 04:30:00,9491.71,9501.0,-9.290000000000873,-0.09290000000000874,0.013692529502856744,32.05249999999978
2020-05-30 22:15:00,2020-05-30 22:30:00,9548.88,9573.65,-24.770000000000437,-0.24770000000000436,0.011748251748251663,27.7199999999998
2020-06-05 01:15:00,2020-06-05 01:30:00,9812.2,9828.0,-15.799999999999272,-0.15799999999999273,0.0013797776843412007,3.380000000000109
2020-06-06 12:00:00,2020-06-07 12:15:00,9715.69,9521.730000000001,193.95999999999913,1.9395999999999913,0.0050159301555776,12.122499999999945
2020-06-07 18:30:00,2020-06-07 19:15:00,9524.39,9536.97,-12.579999999999927,-0.12579999999999927,0.003198855700746257,7.592499999999745
2020-06-07 19:45:00,2020-06-09 00:00:00,9771.75,9824.13,-52.3799999999992,-0.523799999999992,0.025750437729099167,61.32749999999987
2020-06-09 21:00:00,2020-06-09 21:15:00,9795.01,9801.0,-5.989999999999782,-0.059899999999997816,0.007716041444401806,18.75
2020-06-10 22:15:00,2020-06-10 22:30:00,9878.87,9894.83,-15.959999999999127,-0.15959999999999128,0.0032446693991624517,7.987500000000182
2020-06-12 13:45:00,2020-06-12 14:00:00,9536.9,9542.8,-5.899999999999636,-0.05899999999999636,0.009107136621862811,21.517499999999927
2020-06-16 02:45:00,2020-06-16 03:00:00,9451.81,9461.0,-9.19000000000051,-0.09190000000000509,0.0074397703690359815,17.449999999999818
2020-06-17 07:45:00,2020-06-17 13:15:00,9508.72,9530.57,-21.850000000000364,-0.21850000000000364,0.0027111644931302535,6.427499999999782
2020-06-18 05:45:00,2020-06-18 06:30:00,9420.86,9431.0,-10.139999999999418,-0.10139999999999418,0.0013999185772490454,3.292500000000018
2020-06-18 23:30:00,2020-06-19 02:00:00,9399.5,9302.980000000003,96.5199999999968,0.965199999999968,0.0025737650887377454,6.0324999999998
2020-06-19 22:00:00,2020-06-20 11:15:00,9335.27,9351.63,-16.359999999998763,-0.16359999999998764,0.004863246750031517,11.295000000000073
2020-06-20 22:15:00,2020-06-21 02:00:00,9381.0,9395.29,-14.290000000000873,-0.14290000000000874,0.006120809572787409,14.267499999999927
2020-06-22 16:00:00,2020-06-22 16:15:00,9522.29,9533.16,-10.869999999998981,-0.10869999999998982,0.005210637046827178,12.340000000000146
2020-06-22 21:00:00,2020-06-24 15:45:00,9704.23,9233.829999999998,470.40000000000146,4.704000000000015,0.012267084470768182,29.40000000000009
2020-06-28 06:30:00,2020-06-28 06:45:00,8998.0,9007.2,-9.200000000000728,-0.09200000000000728,0.004353164415671392,9.75
2020-06-29 20:00:00,2020-06-29 20:45:00,9157.25,9171.0,-13.75,-0.1375,0.0019355417547453609,4.422500000000127
2020-06-30 09:30:00,2020-06-30 14:45:00,9162.88,9179.0,-16.1200000000008,-0.161200000000008,0.0030498017519391047,6.964999999999691
2020-07-01 08:30:00,2020-07-01 08:45:00,9175.11,9189.0,-13.889999999999418,-0.1388999999999942,0.004231402787734826,9.664999999999964
2020-07-02 21:45:00,2020-07-04 17:30:00,9125.76,9151.0,-25.23999999999978,-0.25239999999999785,0.005815055659649533,13.190000000000055
2020-07-06 06:00:00,2020-07-06 06:15:00,9146.37,9151.0,-4.6299999999992,-0.046299999999992,0.006953488909757858,15.790000000000418
2020-07-08 13:30:00,2020-07-08 13:45:00,9327.14,9344.75,-17.610000000000582,-0.17610000000000584,0.0033552245870512093,7.797499999999673
2020-07-08 22:15:00,2020-07-08 22:30:00,9437.97,9452.7,-14.730000000001382,-0.14730000000001384,0.0008717092181658416,2.0549999999998363
2020-07-10 23:30:00,2020-07-12 13:15:00,9289.6,9318.24,-28.639999999999418,-0.28639999999999416,0.0068193543072914715,15.730000000000018
2020-07-13 08:15:00,2020-07-13 09:00:00,9278.5,9289.88,-11.3799999999992,-0.113799999999992,0.001074602904017151,2.4899999999997817
2020-07-17 18:30:00,2020-07-17 20:00:00,9162.58,9167.75,-5.170000000000073,-0.05170000000000073,0.0015565665464991223,3.5599999999999454
2020-07-24 21:00:00,2020-07-25 17:15:00,9620.18,9651.0,-30.81999999999971,-0.3081999999999971,0.004939991998236778,11.822500000000218
2020-07-26 08:45:00,2020-07-26 09:45:00,9775.0,9795.62,-20.6200000000008,-0.20620000000000802,0.006303422872890707,15.30749999999989
2020-07-27 05:45:00,2020-07-27 11:00:00,10300.0,10338.95,-38.95000000000073,-0.3895000000000073,0.007657216537709413,19.56750000000011
2020-07-27 16:30:00,2020-07-27 16:45:00,10456.07,10530.63,-74.55999999999949,-0.7455999999999949,0.014156977956588157,36.48999999999978
2020-07-27 17:00:00,2020-07-27 21:45:00,10766.51,10998.24,-231.72999999999956,-2.3172999999999955,0.03361439733803613,87.53499999999985
2020-07-27 22:00:00,2020-07-27 22:15:00,11278.42,11401.0,-122.57999999999993,-1.2257999999999993,0.039473259767394575,107.07250000000022
2020-07-31 15:00:00,2020-07-31 15:15:00,11254.65,11268.84,-14.19000000000051,-0.1419000000000051,0.007644188026612231,21.3449999999998
2020-07-31 15:30:00,2020-07-31 16:00:00,11320.01,11391.0,-70.98999999999978,-0.7098999999999979,0.005815420593963756,16.362500000000182
2020-08-01 05:30:00,2020-08-01 05:45:00,11554.99,11581.0,-26.01000000000022,-0.26010000000000216,0.01393270218783268,39.695000000000164
2020-08-01 16:30:00,2020-08-01 16:45:00,11693.02,11696.12,-3.100000000000364,-0.03100000000000364,0.004371193243848097,12.72250000000031
2020-08-01 19:30:00,2020-08-01 21:00:00,11852.49,11887.19,-34.70000000000073,-0.3470000000000073,0.01407340862422996,41.122499999999945
2020-08-02 00:00:00,2020-08-02 01:30:00,11869.0,11874.86,-5.860000000000582,-0.05860000000000582,0.00847547634726087,24.9375
2020-08-04 07:30:00,2020-08-04 08:15:00,11313.72,11316.53,-2.8100000000013097,-0.028100000000013097,0.00517168924375698,14.552499999999782
2020-08-05 04:00:00,2020-08-05 04:30:00,11263.77,11266.0,-2.2299999999995634,-0.022299999999995636,0.005121189893614284,14.34750000000031
2020-08-05 06:00:00,2020-08-05 09:00:00,11319.99,11338.35,-18.360000000000582,-0.18360000000000581,0.006987538962979767,19.637499999999818
2020-08-06 12:30:00,2020-08-06 12:45:00,11779.99,11785.73,-5.739999999999782,-0.05739999999999782,0.006712849016873075,19.637499999999818
2020-08-07 00:15:00,2020-08-07 01:00:00,11815.66,11830.0,-14.340000000000146,-0.14340000000000147,0.0040567916845117725,11.934999999999945
2020-08-08 21:00:00,2020-08-08 21:15:00,11739.99,11752.04,-12.050000000001091,-0.12050000000001092,0.004620058189286307,13.497499999999945
2020-08-11 01:30:00,2020-08-11 06:30:00,11929.17,11729.210000000001,199.95999999999913,1.9995999999999914,0.004208202923097367,12.497499999999945
2020-08-12 03:45:00,2020-08-12 04:00:00,11386.45,11387.47,-1.0199999999986176,-0.010199999999986177,0.00827057349431743,23.350000000000364
2020-08-12 07:45:00,2020-08-12 08:15:00,11450.69,11489.0,-38.30999999999949,-0.3830999999999949,0.009961412096756456,28.235000000000127
2020-08-12 19:15:00,2020-08-12 19:30:00,11565.88,11573.4,-7.520000000000437,-0.07520000000000436,0.005052251788796012,14.534999999999854
2020-08-13 11:15:00,2020-08-13 20:45:00,11590.73,11635.72,-44.98999999999978,-0.4498999999999978,0.019127439179333065,54.38499999999976
2020-08-14 16:15:00,2020-08-14 16:30:00,11849.09,11865.27,-16.18000000000029,-0.1618000000000029,0.012974766869676168,37.94250000000011
2020-08-15 00:30:00,2020-08-17 13:15:00,11955.75,11994.58,-38.82999999999993,-0.38829999999999926,0.0159637794031046,46.965000000000146
2020-08-20 18:45:00,2020-08-20 19:00:00,11867.46,11877.0,-9.540000000000873,-0.09540000000000873,0.0025859920502497506,7.652499999999691
2020-08-22 12:00:00,2020-08-22 12:15:00,11590.91,11594.3,-3.389999999999418,-0.03389999999999418,0.003183277321615791,9.195000000000164
2020-08-24 06:30:00,2020-08-24 06:45:00,11732.31,11746.82,-14.510000000000218,-0.1451000000000022,0.006216214130051602,18.11999999999989
2020-08-26 10:15:00,2020-08-26 14:00:00,11433.56,11451.47,-17.909999999999854,-0.17909999999999854,0.006155614281025036,17.487499999999727
2020-08-27 13:15:00,2020-08-30 01:30:00,11550.5,11594.0,-43.5,-0.435,0.0236166043808894,66.62249999999995
2020-09-01 03:30:00,2020-09-01 04:00:00,11692.1,11711.0,-18.899999999999636,-0.18899999999999637,0.004829879940528943,14.050000000000182
2020-09-01 15:00:00,2020-09-01 15:15:00,11929.78,11949.0,-19.219999999999345,-0.19219999999999346,0.00649721541884304,19.252500000000055
2020-09-06 21:30:00,2020-09-07 12:30:00,10336.39,9911.190000000002,425.1999999999971,4.251999999999971,0.010390915426941432,26.574999999999818
2020-09-10 14:00:00,2020-09-13 03:30:00,10447.07,10485.6,-38.530000000000655,-0.3853000000000066,0.00801913554278486,20.777500000000146
2020-09-13 19:30:00,2020-09-13 23:45:00,10308.44,10323.2,-14.760000000000218,-0.14760000000000217,0.005045487384331592,12.9375
2020-09-14 02:00:00,2020-09-14 07:30:00,10354.85,10369.0,-14.149999999999636,-0.14149999999999638,0.006024576307413718,15.502500000000055
2020-09-14 07:45:00,2020-09-14 08:00:00,10395.81,10401.0,-5.190000000000509,-0.051900000000005095,0.0048610413009688306,12.572499999999764
2020-09-15 12:30:00,2020-09-16 07:45:00,10914.37,10924.42,-10.049999999999272,-0.10049999999999272,0.009280553652160538,25.090000000000146
2020-09-16 15:30:00,2020-09-16 16:00:00,10973.62,11022.93,-49.30999999999949,-0.49309999999999493,0.00845369673477242,22.9975000000004
2020-09-18 06:45:00,2020-09-18 09:15:00,10960.99,10980.79,-19.80000000000109,-0.19800000000001092,0.004911335586233931,13.392499999999927
2020-09-18 09:30:00,2020-09-18 09:45:00,11009.18,11030.98,-21.799999999999272,-0.21799999999999273,0.0050934003080325705,13.947500000000218
2020-09-19 23:45:00,2020-09-20 01:00:00,11073.74,10968.220000000003,105.5199999999968,1.055199999999968,0.002387900819743287,6.5949999999998
2020-09-21 04:15:00,2020-09-21 04:30:00,10974.01,10979.46,-5.449999999998909,-0.054499999999989085,0.003160125198364789,8.642499999999927
2020-09-23 12:30:00,2020-09-23 13:30:00,10509.25,10516.0,-6.75,-0.0675,0.003814960107208642,9.985000000000127
2020-09-26 05:00:00,2020-09-26 05:30:00,10729.71,10741.0,-11.290000000000873,-0.11290000000000873,0.003620802544195971,9.677499999999782
2020-09-28 00:00:00,2020-10-02 05:15:00,10845.75,10413.589999999997,432.1600000000035,4.321600000000035,0.0100617356959725,27.01000000000022
2020-10-03 15:15:00,2020-10-03 16:15:00,10541.97,10549.0,-7.030000000000655,-0.07030000000000655,0.001310769108021553,3.449999999999818
2020-10-04 04:15:00,2020-10-04 06:15:00,10567.0,10575.54,-8.540000000000873,-0.08540000000000873,0.002553109129049169,6.727499999999964
2020-10-05 13:00:00,2020-10-05 14:00:00,10696.14,10730.96,-34.81999999999971,-0.3481999999999971,0.00233901030626408,6.239999999999782
2020-10-07 05:15:00,2020-10-07 06:00:00,10595.8,10607.0,-11.200000000000728,-0.11200000000000727,0.0014933837429110842,3.949999999999818
2020-10-09 10:30:00,2020-10-09 11:00:00,10982.59,11020.0,-37.409999999999854,-0.37409999999999854,0.010080023986042512,27.40000000000009
2020-10-12 15:30:00,2020-10-12 21:15:00,11559.08,11601.0,-41.92000000000007,-0.41920000000000074,0.007829610925881945,22.449999999999818
2020-10-12 21:30:00,2020-10-16 04:15:00,11679.99,11203.949999999999,476.0400000000009,4.760400000000009,0.01029411001489495,29.752500000000055
2020-10-18 14:00:00,2020-10-18 14:15:00,11444.99,11450.0,-5.010000000000218,-0.050100000000002184,0.0016760255701112248,4.787499999999909
2020-10-19 15:30:00,2020-10-19 15:45:00,11734.02,11799.0,-64.97999999999956,-0.6497999999999956,0.0076064107496152935,22.144999999999982
2020-10-20 06:15:00,2020-10-20 06:30:00,11769.81,11785.14,-15.329999999999927,-0.15329999999999927,0.0026698539077068943,7.835000000000036
2020-10-20 11:00:00,2020-10-20 11:15:00,11905.0,11916.85,-11.850000000000364,-0.11850000000000364,0.010347039992939034,30.480000000000018
2020-10-20 15:15:00,2020-10-20 15:30:00,11963.23,11971.0,-7.770000000000437,-0.07770000000000436,0.005312600577646518,15.804999999999836
2020-10-21 02:45:00,2020-10-21 03:00:00,12115.48,12130.99,-15.510000000000218,-0.15510000000000218,0.011959272654377212,35.79500000000007
2020-10-21 12:45:00,2020-10-21 13:30:00,12401.27,12437.99,-36.719999999999345,-0.3671999999999935,0.009090650186540693,27.93000000000029
2020-10-22 20:30:00,2020-10-22 22:15:00,13154.02,13179.16,-25.139999999999418,-0.2513999999999942,0.006260623706221926,20.460000000000036
2020-10-23 18:30:00,2020-10-23 18:45:00,12863.85,12875.23,-11.3799999999992,-0.113799999999992,0.005904597469257169,18.877500000000055
2020-10-24 02:15:00,2020-10-24 03:00:00,12980.32,12993.23,-12.909999999999854,-0.12909999999999855,0.0014280412997876237,4.627500000000055
2020-10-25 03:30:00,2020-10-25 03:45:00,13312.37,13351.0,-38.6299999999992,-0.386299999999992,0.01401158707597721,45.98750000000018
2020-10-26 11:00:00,2020-10-26 11:15:00,13162.53,13168.9,-6.369999999998981,-0.06369999999998982,0.007580663681249333,24.757500000000164
2020-10-27 15:15:00,2020-10-27 15:30:00,13444.98,13492.41,-47.43000000000029,-0.47430000000000294,0.005716397278390498,19.105000000000018
2020-10-27 15:45:00,2020-10-27 16:00:00,13605.24,13651.57,-46.32999999999993,-0.46329999999999927,0.012007003961671614,40.35500000000002
2020-10-28 02:30:00,2020-10-28 02:45:00,13798.99,13825.0,-26.01000000000022,-0.26010000000000216,0.0063440781796966,21.747499999999945
2020-10-29 14:30:00,2020-10-29 16:15:00,13450.57,13476.24,-25.670000000000073,-0.2567000000000007,0.01711478315578059,56.58249999999998
2020-10-31 06:30:00,2020-10-31 06:45:00,13550.0,13571.0,-21.0,-0.21,0.006375444142077942,21.460000000000036
2020-11-02 20:15:00,2020-11-03 13:30:00,13659.41,13697.99,-38.57999999999993,-0.38579999999999925,0.010105185627786017,34.16249999999991
2020-11-06 13:45:00,2020-11-07 01:30:00,15699.99,15735.0,-35.01000000000022,-0.3501000000000022,0.012515864908370462,48.51749999999993
2020-11-08 15:00:00,2020-11-08 17:00:00,15413.33,15439.41,-26.079999999999927,-0.26079999999999925,0.011147112096309164,42.48000000000002
2020-11-08 17:15:00,2020-11-08 17:30:00,15571.88,15591.0,-19.1200000000008,-0.191200000000008,0.014310671188065728,54.92499999999973
2020-11-08 22:15:00,2020-11-08 22:30:00,15433.99,15465.25,-31.26000000000022,-0.3126000000000022,0.008822793108835119,33.74499999999989
2020-11-10 21:30:00,2020-11-10 21:45:00,15363.2,15371.0,-7.799999999999272,-0.07799999999999273,0.005313440649129743,20.300000000000182
2020-11-11 00:45:00,2020-11-11 10:45:00,15476.99,15521.0,-44.01000000000022,-0.4401000000000022,0.011567973856209135,44.247499999999945
2020-11-12 09:45:00,2020-11-12 10:00:00,16061.21,16131.0,-69.79000000000087,-0.6979000000000087,0.013644674253913308,54.04999999999973
2020-11-15 05:30:00,2020-11-15 05:45:00,16005.11,16013.0,-7.889999999999418,-0.07889999999999418,0.004563025932674387,18.175000000000182
2020-11-16 05:15:00,2020-11-16 05:30:00,16115.53,16135.97,-20.43999999999869,-0.2043999999999869,0.007367952563062398,29.4675000000002
2020-11-18 03:45:00,2020-11-18 04:00:00,18071.58,18121.0,-49.419999999998254,-0.49419999999998254,0.023756205306638436,104.83750000000055
2020-11-19 02:00:00,2020-11-19 02:15:00,17959.0,18063.0,-104.0,-1.04,0.01291824685447688,57.26000000000022
2020-11-19 18:00:00,2020-11-19 20:45:00,18039.86,18052.0,-12.139999999999418,-0.12139999999999418,0.003968600693990406,17.827500000000327
2020-11-20 04:30:00,2020-11-20 04:45:00,18210.6,18246.0,-35.400000000001455,-0.3540000000000146,0.013447070143697571,60.407499999999345
2020-11-20 14:30:00,2020-11-20 14:45:00,18563.51,18639.0,-75.4900000000016,-0.754900000000016,0.01696130689879954,77.40249999999924
2020-11-22 22:30:00,2020-11-23 00:15:00,18671.33,18370.009999999995,301.320000000007,3.01320000000007,0.00405087115508721,18.832500000000437
2020-11-24 14:45:00,2020-11-24 15:00:00,19400.0,19401.0,-1.0,-0.01,0.012452117277443116,59.649999999999636
2020-11-25 10:15:00,2020-11-25 11:00:00,19361.67,19367.64,-5.970000000001164,-0.05970000000001164,0.012956988094073398,61.914999999999964
2020-11-28 10:30:00,2020-11-28 10:45:00,17219.99,17244.09,-24.099999999998545,-0.24099999999998545,0.01772990543735234,74.9975000000004
2020-11-28 13:30:00,2020-11-28 13:45:00,17297.02,17312.27,-15.25,-0.1525,0.009093322210003352,38.967499999999745
2020-11-30 23:45:00,2020-12-01 10:00:00,19720.0,19776.34,-56.340000000000146,-0.5634000000000015,0.011437657075447505,55.75
2020-12-03 20:00:00,2020-12-03 20:15:00,19439.74,19445.0,-5.259999999998399,-0.05259999999998399,0.004663686400165462,22.5600000000004
2020-12-06 00:00:00,2020-12-06 00:45:00,19215.78,19281.16,-65.38000000000102,-0.6538000000000102,0.007673001752540435,36.57999999999993
2020-12-11 22:00:00,2020-12-12 00:15:00,18148.45,18175.0,-26.549999999999272,-0.26549999999999274,0.010913225044046822,48.98000000000047
2020-12-12 09:15:00,2020-12-12 11:30:00,18452.15,18476.85,-24.69999999999709,-0.2469999999999709,0.0066688816257145615,30.5600000000004
2020-12-12 18:00:00,2020-12-12 18:15:00,18572.47,18596.0,-23.529999999998836,-0.23529999999998835,0.009827243005416108,45.1850000000004
2020-12-14 03:00:00,2020-12-14 23:15:00,19317.63,19345.48,-27.849999999998545,-0.2784999999999855,0.007438331160365112,35.657500000000255
2020-12-16 12:30:00,2020-12-16 13:30:00,19851.99,19928.16,-76.16999999999825,-0.7616999999999825,0.005223091584113369,25.787500000000364
2020-12-16 20:15:00,2020-12-16 20:30:00,20802.99,20821.0,-18.0099999999984,-0.180099999999984,0.004733158528451353,24.5
2020-12-17 05:30:00,2020-12-17 05:45:00,22097.53,22118.79,-21.260000000002037,-0.21260000000002038,0.013522172243725653,73.70499999999993
2020-12-17 08:00:00,2020-12-17 08:15:00,22679.7,22743.85,-64.14999999999782,-0.6414999999999782,0.018180691752492675,101.24250000000029
2020-12-19 14:00:00,2020-12-19 14:15:00,23567.25,23649.3,-82.04999999999927,-0.8204999999999928,0.018479544193427407,106.90250000000015
2020-12-20 15:30:00,2020-12-20 15:45:00,23784.27,23786.0,-1.7299999999995634,-0.017299999999995635,0.009625376525202992,56.6875
2020-12-20 20:00:00,2020-12-20 20:15:00,24090.99,24117.53,-26.539999999997235,-0.2653999999999724,0.010709556917097551,63.81750000000011
2020-12-23 10:00:00,2020-12-23 10:15:00,23730.23,23748.28,-18.049999999999272,-0.18049999999999272,0.011909112424016887,69.81999999999971
2020-12-24 08:00:00,2020-12-24 08:15:00,23307.1,23334.0,-26.900000000001455,-0.26900000000001456,0.010088709044820721,58.19749999999931
2020-12-25 08:00:00,2020-12-25 08:15:00,23874.97,23887.24,-12.270000000000437,-0.12270000000000438,0.013862866965737155,81.61250000000018
2020-12-25 22:15:00,2020-12-25 22:30:00,24530.61,24547.84,-17.229999999999563,-0.17229999999999565,0.007620013883697419,46.37750000000051
2020-12-26 14:00:00,2020-12-26 14:15:00,25244.98,25315.64,-70.65999999999985,-0.7065999999999986,0.014703056933548423,91.44999999999982
2020-12-26 16:00:00,2020-12-26 17:15:00,25727.79,25971.0,-243.20999999999913,-2.4320999999999913,0.010716955693166615,68.19999999999982
2020-12-30 02:45:00,2020-12-30 03:00:00,28047.22,28076.0,-28.779999999998836,-0.28779999999998834,0.01657120944457455,114.30000000000018
2020-12-31 03:15:00,2020-12-31 03:30:00,28964.62,28996.5,-31.88000000000102,-0.3188000000000102,0.008336597023862278,59.86749999999938
2021-01-01 09:30:00,2021-01-01 10:00:00,29249.99,29334.12,-84.12999999999738,-0.8412999999999738,0.007720346311397756,56.022500000000036
2021-01-02 05:30:00,2021-01-02 05:45:00,29523.32,29601.0,-77.68000000000029,-0.7768000000000029,0.005460959841596356,40.087499999999636
2021-01-02 12:15:00,2021-01-02 12:30:00,30336.94,30477.0,-140.0600000000013,-1.4006000000000132,0.02014090394138935,149.73749999999927
2021-01-05 18:00:00,2021-01-05 18:15:00,33197.82,33251.0,-53.18000000000029,-0.5318000000000029,0.026246430313600726,212.26000000000022
2021-01-05 19:15:00,2021-01-05 19:30:00,33879.11,34006.48,-127.37000000000262,-1.2737000000000263,0.0156677156379464,130.65500000000065
2021-01-06 04:00:00,2021-01-06 04:15:00,34691.0,34736.0,-45.0,-0.45,0.027460451021107446,231.79249999999956
2021-01-07 12:00:00,2021-01-07 13:00:00,37929.97,38248.0,-318.02999999999884,-3.1802999999999884,0.018254228187919493,169.9925000000003
2021-01-07 16:00:00,2021-01-07 17:15:00,39134.85,39667.0,-532.1500000000015,-5.3215000000000146,0.020731345662142405,198.70999999999913
2021-01-09 09:00:00,2021-01-09 09:15:00,40684.62,40759.31,-74.68999999999505,-0.7468999999999505,0.028168569160619064,278.65750000000116
2021-01-13 06:00:00,2021-01-13 06:15:00,33564.31,33634.53,-70.22000000000116,-0.7022000000000117,0.015039465327970413,124.32749999999942
2021-01-14 13:30:00,2021-01-14 13:45:00,38732.91,38960.74,-227.82999999999447,-2.2782999999999447,0.01073100135484674,102.8075000000008
2021-01-14 14:00:00,2021-01-14 14:15:00,39284.0,39353.08,-69.08000000000175,-0.6908000000000175,0.015231312458602205,147.34250000000065
2021-01-17 21:00:00,2021-01-17 21:15:00,36549.01,36611.0,-61.98999999999796,-0.6198999999999797,0.024527947524808042,218.7525000000005
2021-01-22 04:00:00,2021-01-22 05:15:00,31378.21,31397.46,-19.25,-0.1925,0.028912517116729524,220.4324999999999
2021-01-25 00:15:00,2021-01-25 00:30:00,32712.13,32739.0,-26.86999999999898,-0.26869999999998984,0.0146442307692308,118.03250000000025
2021-01-25 12:30:00,2021-01-25 12:45:00,34027.04,34121.0,-93.95999999999913,-0.9395999999999913,0.024374897832067928,202.41749999999956
2021-01-26 10:15:00,2021-01-26 22:45:00,32319.71,32501.77,-182.0600000000013,-1.820600000000013,0.020858937949729112,165.09499999999935
2021-01-27 20:15:00,2021-01-27 20:45:00,31397.4,31500.0,-102.59999999999854,-1.0259999999999854,0.022358953252184736,171.66499999999996
2021-01-28 14:00:00,2021-01-28 15:15:00,31973.3,32216.37,-243.0699999999997,-2.430699999999997,0.02098829257731585,164.3175000000001
2021-01-28 23:15:00,2021-01-29 00:00:00,33580.93,33779.95,-199.0199999999968,-1.990199999999968,0.005771796160442189,48.17749999999978
2021-02-01 01:30:00,2021-02-01 01:45:00,33497.98,33501.0,-3.0199999999967986,-0.030199999999967985,0.02847860113563181,231.89000000000124
2021-02-01 09:00:00,2021-02-02 09:00:00,34621.76,34721.0,-99.23999999999796,-0.9923999999999796,0.025947871933128884,218.90999999999985
2021-02-02 19:00:00,2021-02-02 19:15:00,35328.53,35601.0,-272.47000000000116,-2.724700000000012,0.012186568673685278,106.33749999999964
2021-02-04 20:00:00,2021-02-05 08:00:00,37741.59,37860.33,-118.74000000000524,-1.1874000000000524,0.013078197269206105,121.80499999999847
2021-02-06 11:00:00,2021-02-06 11:15:00,40347.35,40401.0,-53.650000000001455,-0.5365000000000145,0.013622116953798806,135.55749999999898
2021-02-06 14:30:00,2021-02-06 15:30:00,40551.75,40654.68,-102.93000000000029,-1.029300000000003,0.008987940439685857,90.3075000000008
2021-02-09 06:45:00,2021-02-09 07:00:00,48209.97,48251.0,-41.029999999998836,-0.41029999999998834,0.02717115481722487,318.817500000001
2021-02-11 13:00:00,2021-02-11 13:15:00,47422.07,47501.0,-78.93000000000029,-0.7893000000000029,0.0223821196578985,259.54249999999956
2021-02-12 00:00:00,2021-02-14 06:00:00,48610.26,49279.98,-669.7200000000012,-6.697200000000012,0.01736373813561613,207.41250000000036
2021-02-15 16:15:00,2021-02-15 17:00:00,48503.77,48649.0,-145.2300000000032,-1.4523000000000321,0.011455458859588081,137.33499999999913
2021-02-17 06:30:00,2021-02-17 06:45:00,50219.66,50585.5,-365.8399999999965,-3.6583999999999652,0.00908200042316639,112.99750000000131
2021-02-17 19:30:00,2021-02-17 20:15:00,52366.35,52500.0,-133.65000000000146,-1.3365000000000147,0.016309833662520035,210.09499999999935
2021-02-21 05:00:00,2021-02-21 05:15:00,56888.4,56891.0,-2.599999999998545,-0.025999999999985448,0.006498101948439783,91.81999999999971
2021-02-21 10:15:00,2021-02-21 18:45:00,57577.1,58012.57,-435.47000000000116,-4.354700000000012,0.018975525835020636,268.0524999999998
2021-02-22 21:45:00,2021-02-22 22:00:00,54899.99,54901.0,-1.0100000000020373,-0.010100000000020372,0.014444284917354134,195.42499999999927
2021-02-26 14:30:00,2021-02-26 15:30:00,47385.6,47474.24,-88.63999999999942,-0.8863999999999942,0.030502128829293984,350.64500000000044
2021-03-01 08:15:00,2021-03-01 08:30:00,46897.86,47114.59,-216.72999999999593,-2.167299999999959,0.016898193221207777,194.82999999999993
2021-03-01 11:00:00,2021-03-01 11:45:00,47744.01,47896.93,-152.91999999999825,-1.5291999999999826,0.01162872741904418,137.20499999999993
2021-03-01 15:30:00,2021-03-01 15:45:00,49170.41,49277.0,-106.58999999999651,-1.065899999999965,0.022253633627103225,267.60000000000036
2021-03-02 14:15:00,2021-03-03 07:15:00,49565.88,49715.72,-149.84000000000378,-1.498400000000038,0.014882979814701307,181.71749999999884
2021-03-04 01:15:00,2021-03-04 02:00:00,51538.08,51672.84,-134.75999999999476,-1.3475999999999477,0.015838926174496677,200.89500000000044
2021-03-09 01:30:00,2021-03-09 01:45:00,53385.14,53673.3,-288.1600000000035,-2.881600000000035,0.02498786568076601,325.3649999999998
2021-03-09 13:45:00,2021-03-09 22:45:00,54812.39,54845.78,-33.38999999999942,-0.3338999999999942,0.01703085953822397,229.46750000000065
2021-03-11 13:00:00,2021-03-11 13:15:00,56762.1,56851.0,-88.90000000000146,-0.8890000000000146,0.012975818684750576,181.77499999999964
2021-03-13 08:00:00,2021-03-13 10:00:00,57640.81,57721.0,-80.19000000000233,-0.8019000000000233,0.012623356837904812,179.6374999999989
2021-03-17 17:45:00,2021-03-17 18:00:00,55579.99,55624.43,-44.44000000000233,-0.4444000000000233,0.005661415200001437,78.22249999999985
2021-03-18 00:00:00,2021-03-18 15:45:00,59325.11,59616.0,-290.8899999999994,-2.9088999999999943,0.013334137280600532,195.15999999999985
2021-03-20 11:45:00,2021-03-20 12:00:00,59338.99,59390.42,-51.43000000000029,-0.5143000000000029,0.009940268862453307,146.01000000000022
2021-03-20 13:15:00,2021-03-21 06:15:00,59785.04,56752.11999999999,3032.920000000013,30.329200000000128,0.012845518841353671,189.5575000000008
2021-03-23 07:45:00,2021-03-23 08:30:00,54196.11,54296.0,-99.88999999999942,-0.9988999999999942,0.009799672667269803,131.48749999999927
2021-03-23 13:30:00,2021-03-23 16:15:00,55361.21,55500.0,-138.79000000000087,-1.3879000000000088,0.0036175488554912164,49.88749999999891
2021-03-26 03:30:00,2021-03-26 03:45:00,52560.68,52699.24,-138.55999999999767,-1.3855999999999769,0.015861419431499883,205.16749999999956
2021-03-27 21:45:00,2021-03-29 08:45:00,56447.79,56659.76,-211.97000000000116,-2.1197000000000115,0.012278368261741505,171.17000000000007
2021-03-31 13:30:00,2021-03-31 13:45:00,58710.01,58867.0,-156.98999999999796,-1.5698999999999796,0.00821858573625964,119.64500000000044
2021-04-01 08:15:00,2021-04-02 02:15:00,59420.29,59593.22,-172.9300000000003,-1.729300000000003,0.009848095250881976,144.8675000000003
2021-04-02 02:30:00,2021-04-10 04:15:00,60152.23,60398.85,-246.61999999999534,-2.4661999999999535,0.01993418404390355,293.91250000000036
2021-04-12 06:45:00,2021-04-12 07:00:00,60929.95,60956.48,-26.530000000006112,-0.2653000000000611,0.011571739388490852,174.25
2021-04-13 08:15:00,2021-04-13 08:30:00,62630.69,62853.83,-223.13999999999942,-2.231399999999994,0.026277527752037816,400.90999999999985
2021-04-14 05:00:00,2021-04-14 05:15:00,64542.08,64667.0,-124.91999999999825,-1.2491999999999825,0.012064410006162585,192.34500000000116
2021-04-15 19:30:00,2021-04-15 19:45:00,63393.43,63401.0,-7.569999999999709,-0.07569999999999709,0.008950509509150453,140.59250000000065
2021-04-20 18:15:00,2021-04-20 18:45:00,56153.0,56178.78,-25.779999999998836,-0.25779999999998837,0.007160953299105441,99.8125
2021-04-21 06:15:00,2021-04-21 14:30:00,55757.86,55819.88,-62.0199999999968,-0.620199999999968,0.008977639864398092,124.03000000000065
2021-04-23 18:30:00,2021-04-23 19:45:00,50725.39,50822.1,-96.70999999999913,-0.9670999999999913,0.017347420119036196,216.23749999999927
2021-04-23 20:00:00,2021-04-23 20:15:00,51136.37,51192.31,-55.93999999999505,-0.5593999999999505,0.009828856022030626,124.43000000000029
2021-04-25 13:00:00,2021-04-25 13:15:00,49948.99,49960.16,-11.17000000000553,-0.1117000000000553,0.004327441897125458,53.80500000000029
2021-04-28 11:15:00,2021-04-28 11:30:00,54914.69,55085.48,-170.79000000000087,-1.7079000000000089,0.010817641320153925,146.92250000000058
2021-04-30 13:45:00,2021-04-30 14:00:00,55958.79,55987.11,-28.31999999999971,-0.2831999999999971,0.02500472124159401,341.27499999999964
2021-04-30 23:30:00,2021-04-30 23:45:00,57817.12,57892.02,-74.89999999999418,-0.7489999999999418,0.011792466863108624,168.46500000000015
2021-05-02 17:30:00,2021-05-02 18:15:00,56864.38,56924.15,-59.770000000004075,-0.5977000000000408,0.004039863280291217,57.19999999999891
2021-05-05 13:30:00,2021-05-05 13:45:00,56156.7,56199.0,-42.30000000000291,-0.42300000000002913,0.009379549192799309,130.45749999999862
2021-05-09 16:15:00,2021-05-09 20:00:00,57707.53,57951.0,-243.47000000000116,-2.434700000000012,0.006234000656669402,89.3799999999992
2021-05-14 09:15:00,2021-05-14 09:30:00,50652.57,50801.0,-148.4300000000003,-1.4843000000000028,0.0073950781153977,92.95750000000044
2021-05-24 03:15:00,2021-05-24 06:45:00,35651.66,35922.33,-270.66999999999825,-2.706699999999983,0.016074895910610267,141.00750000000153
2021-05-24 07:00:00,2021-05-24 07:30:00,36472.91,36677.63,-204.7199999999939,-2.047199999999939,0.030357090392990508,268.64750000000095
2021-05-25 14:30:00,2021-05-25 15:30:00,37956.12,38086.75,-130.62999999999738,-1.3062999999999738,0.013149872889544681,123.15999999999985
2021-05-31 15:15:00,2021-05-31 16:15:00,36947.42,37151.0,-203.58000000000175,-2.0358000000000174,0.013223559325845204,120.54999999999927
2021-05-31 22:00:00,2021-05-31 23:15:00,37179.26,37252.65,-73.38999999999942,-0.7338999999999942,0.010965303458777519,100.81500000000051
2021-05-31 23:30:00,2021-06-01 00:00:00,37375.26,37501.0,-125.73999999999796,-1.2573999999999796,0.013464682865719372,124.14000000000124
2021-06-01 05:30:00,2021-06-01 05:45:00,37100.0,37136.81,-36.80999999999767,-0.3680999999999767,0.00990936131535383,91.00749999999971
2021-06-02 02:15:00,2021-06-02 02:30:00,36466.74,36537.27,-70.52999999999884,-0.7052999999999884,0.010329443388094956,93.20749999999862
2021-06-03 05:00:00,2021-06-03 05:15:00,38338.62,38444.55,-105.93000000000029,-1.059300000000003,0.014510617286041444,137.09000000000015
2021-06-09 05:15:00,2021-06-09 06:15:00,33536.7,33887.59,-350.8899999999994,-3.5088999999999944,0.02571576252679986,210.1999999999989
2021-06-09 06:45:00,2021-06-09 07:00:00,34171.95,34348.1,-176.15000000000146,-1.7615000000000145,0.021551503795249304,180.22999999999956
2021-06-11 07:30:00,2021-06-11 07:45:00,37046.51,37144.19,-97.68000000000029,-0.9768000000000029,0.015198445462813865,138.65500000000065
2021-06-13 08:30:00,2021-06-13 09:45:00,35581.02,35775.19,-194.17000000000553,-1.9417000000000553,0.009017945711966815,79.5
2021-06-13 10:45:00,2021-06-13 12:00:00,35947.01,36081.0,-133.98999999999796,-1.3398999999999797,0.005046339425809535,45.12250000000131
2021-06-13 16:00:00,2021-06-13 16:15:00,36476.3,36636.0,-159.6999999999971,-1.5969999999999709,0.018638678070545096,166.85750000000007
2021-06-13 20:00:00,2021-06-14 01:30:00,38953.47,39375.18,-421.7099999999991,-4.217099999999991,0.04316692799308004,402.97999999999956
2021-06-19 14:30:00,2021-06-19 15:00:00,36186.12,36301.0,-114.87999999999738,-1.1487999999999738,0.012182456289532736,108.88250000000153
2021-06-20 03:00:00,2021-06-20 03:45:00,35633.13,35736.9,-103.77000000000407,-1.0377000000000407,0.008879797279123356,78.40749999999935
2021-06-24 11:30:00,2021-06-24 11:45:00,33677.01,33751.0,-73.98999999999796,-0.7398999999999797,0.013887396122258906,115.31999999999971
2021-06-24 12:00:00,2021-06-24 15:00:00,34083.01,34301.68,-218.66999999999825,-2.1866999999999828,0.01791011166156768,149.92250000000058
2021-06-25 02:00:00,2021-06-25 02:15:00,35400.0,35491.0,-91.0,-0.91,0.028629908547827394,246.32250000000022
2021-06-26 05:00:00,2021-06-26 08:00:00,32421.57,30595.329999999994,1826.2400000000052,18.262400000000053,0.014283117696506316,114.14000000000033
2021-06-27 00:00:00,2021-06-27 00:15:00,32380.94,32481.0,-100.06000000000131,-1.000600000000013,0.02130162659167658,168.84499999999935
2021-06-28 07:30:00,2021-06-28 07:45:00,35121.54,35216.0,-94.45999999999913,-0.9445999999999913,0.018015652173913068,155.38500000000022
2021-06-28 19:15:00,2021-06-28 19:30:00,34446.42,34493.64,-47.220000000001164,-0.47220000000001167,0.011186737017743014,95.27000000000044
2021-06-29 06:45:00,2021-06-29 07:00:00,35330.0,35406.58,-76.58000000000175,-0.7658000000000175,0.018641749491976507,161.63999999999942
2021-07-02 22:45:00,2021-07-02 23:00:00,33686.13,33700.77,-14.639999999999418,-0.14639999999999417,0.0073549245249277095,61.48749999999927
2021-07-03 07:30:00,2021-07-03 07:45:00,34345.65,34500.0,-154.34999999999854,-1.5434999999999854,0.020066522106765024,168.90999999999985
2021-07-04 05:45:00,2021-07-04 06:45:00,35185.64,35330.68,-145.04000000000087,-1.4504000000000088,0.013411290322580628,116.40999999999985
2021-07-04 16:15:00,2021-07-04 21:30:00,35637.62,35684.84,-47.21999999999389,-0.4721999999999389,0.005185909759641871,45.965000000000146
2021-07-06 12:00:00,2021-07-06 12:45:00,34093.85,34240.85,-147.0,-1.47,0.008705127454095516,73.55749999999898
2021-07-08 15:00:00,2021-07-08 15:15:00,32787.79,32851.0,-63.20999999999913,-0.6320999999999913,0.005455400186875866,44.475000000000364
2021-07-09 13:00:00,2021-07-09 13:30:00,33180.01,33273.77,-93.75999999999476,-0.9375999999999476,0.013341408299807374,109.21000000000095
2021-07-10 00:30:00,2021-07-11 21:30:00,34180.89,34249.58,-68.69000000000233,-0.6869000000000233,0.011119061937860612,93.96999999999935
2021-07-12 03:15:00,2021-07-12 04:15:00,34463.34,34541.34,-78.0,-0.78,0.008771893877880561,74.91999999999825
2021-07-14 21:15:00,2021-07-14 22:15:00,32849.28,32935.46,-86.18000000000029,-0.8618000000000029,0.0034735915702704774,28.42749999999978
2021-07-18 23:45:00,2021-07-19 05:45:00,31767.0,31850.0,-83.0,-0.8300000000000001,0.006930312700882056,54.659999999999854
2021-07-20 19:15:00,2021-07-20 19:30:00,29840.5,29848.0,-7.5,-0.075,0.0030710131452539664,22.840000000000146
2021-07-21 12:00:00,2021-07-21 14:00:00,31590.98,31746.2,-155.22000000000116,-1.5522000000000116,0.0055339254521102055,43.465000000000146
2021-07-23 21:15:00,2021-07-23 21:30:00,32588.89,32601.0,-12.110000000000582,-0.12110000000000583,0.006543838809130642,52.967499999999745
2021-07-23 22:30:00,2021-07-23 23:15:00,33118.37,33301.0,-182.62999999999738,-1.8262999999999738,0.01648711526892815,134.29250000000047
2021-07-25 00:00:00,2021-07-25 00:15:00,34360.43,34380.99,-20.55999999999767,-0.20559999999997672,0.010006760728982959,85.10750000000007
2021-07-25 07:15:00,2021-07-25 07:30:00,34629.58,34735.64,-106.05999999999767,-1.0605999999999767,0.005910923953315792,50.87250000000131
2021-07-27 11:45:00,2021-07-27 12:30:00,38030.0,38070.94,-40.94000000000233,-0.4094000000000233,0.013628681400486791,127.83250000000044
2021-07-27 22:45:00,2021-07-27 23:45:00,39147.03,39400.0,-252.97000000000116,-2.5297000000000116,0.025294077436397534,241.4400000000005
2021-07-28 02:00:00,2021-07-28 02:15:00,40150.03,40224.0,-73.97000000000116,-0.7397000000000117,0.02437996992943131,238.88999999999942
2021-07-29 09:45:00,2021-07-30 08:30:00,40377.06,39087.860000000015,1289.1999999999825,12.891999999999825,0.00804648436290707,80.57499999999891
2021-07-30 18:15:00,2021-07-30 19:15:00,39068.74,39151.0,-82.26000000000204,-0.8226000000000204,0.0016387718235848353,15.979999999999563
2021-07-31 10:30:00,2021-07-31 21:45:00,41894.29,41924.99,-30.69999999999709,-0.3069999999999709,0.006017959988166286,62.652500000000146
2021-08-01 03:15:00,2021-08-01 03:30:00,42254.95,42386.0,-131.0500000000029,-1.310500000000029,0.012972439349836514,135.28249999999935
2021-08-02 06:45:00,2021-08-02 07:00:00,40253.67,40334.0,-80.33000000000175,-0.8033000000000174,0.015184258689248067,150.52000000000044
2021-08-04 11:00:00,2021-08-04 12:00:00,38081.45,38249.86,-168.4100000000035,-1.684100000000035,0.00571211108047592,54.0724999999984
2021-08-06 23:45:00,2021-08-07 00:30:00,42825.43,42927.44,-102.01000000000204,-1.0201000000000204,0.0034281400366267547,36.57749999999942
2021-08-07 23:45:00,2021-08-08 00:00:00,44601.11,44754.01,-152.90000000000146,-1.5290000000000146,0.010003541717995912,110.4375
2021-08-09 18:15:00,2021-08-09 18:30:00,46005.43,46101.0,-95.56999999999971,-0.9556999999999971,0.0038210520504880423,43.780000000000655
2021-08-10 12:15:00,2021-08-10 12:30:00,45807.47,45833.05,-25.580000000001746,-0.25580000000001746,0.010791863790425075,122.26749999999993
2021-08-13 01:30:00,2021-08-13 02:15:00,44848.19,44931.0,-82.80999999999767,-0.8280999999999767,0.007983053514035969,88.79750000000058
2021-08-16 10:00:00,2021-08-16 11:00:00,47398.05,47589.88,-191.82999999999447,-1.9182999999999448,0.005940172536448779,69.97249999999985
2021-08-17 09:30:00,2021-08-17 09:45:00,46724.99,46869.0,-144.01000000000204,-1.4401000000000204,0.010859521757876953,125.48999999999978
2021-08-18 04:00:00,2021-08-18 05:15:00,45193.01,45301.0,-107.98999999999796,-1.0798999999999797,0.01090311321316042,121.85750000000007
2021-08-18 05:30:00,2021-08-18 05:45:00,45385.56,45400.9,-15.340000000003783,-0.15340000000003784,0.006619408518310379,74.61249999999927
2021-08-19 14:00:00,2021-08-19 14:15:00,45246.53,45342.95,-96.41999999999825,-0.9641999999999825,0.017756431870433416,197.35000000000036
2021-08-20 00:15:00,2021-08-20 13:15:00,47277.16,47500.9,-223.73999999999796,-2.2373999999999796,0.012742080354601018,148.70750000000044
2021-08-20 16:15:00,2021-08-20 16:30:00,49090.01,49099.0,-8.989999999997963,-0.08989999999997964,0.010944100918931325,132.85750000000007
2021-08-22 09:45:00,2021-08-22 10:00:00,49230.0,49296.0,-66.0,-0.66,0.003557809149519897,43.63249999999971
2021-08-22 10:15:00,2021-08-22 13:15:00,49360.01,48797.61000000001,562.3999999999942,5.623999999999942,0.0028565966150345674,35.149999999999636
2021-08-23 08:00:00,2021-08-23 09:15:00,50294.84,50305.28,-10.440000000002328,-0.10440000000002328,0.004286928054328812,53.67249999999876
2021-08-24 06:30:00,2021-08-24 06:45:00,49691.94,49800.8,-108.86000000000058,-1.0886000000000058,0.002189645439589921,27.142499999999927
2021-08-25 02:00:00,2021-08-25 02:30:00,48229.97,48289.0,-59.029999999998836,-0.5902999999999884,0.0075302645734758285,90.11750000000029
2021-08-25 05:45:00,2021-08-25 06:00:00,48535.74,48579.86,-44.12000000000262,-0.4412000000000262,0.007537055250841337,90.76999999999862
2021-08-25 12:00:00,2021-08-25 12:15:00,47632.86,47700.99,-68.12999999999738,-0.6812999999999738,0.0032987019825702446,39.152500000000146
2021-08-26 22:15:00,2021-08-26 22:30:00,47394.12,47419.95,-25.82999999999447,-0.2582999999999447,0.004558378229663858,53.76500000000124
2021-08-27 20:30:00,2021-08-28 00:00:00,48991.53,49221.0,-229.47000000000116,-2.2947000000000117,0.014474918465600225,174.7574999999997
2021-08-28 16:00:00,2021-08-28 16:15:00,48925.69,48935.71,-10.019999999996799,-0.10019999999996798,0.006836513869761933,83.05249999999978
2021-08-30 20:00:00,2021-08-30 22:15:00,48703.74,47848.780000000006,854.9599999999919,8.549599999999918,0.0044079191585893575,53.43499999999949
2021-08-31 07:30:00,2021-08-31 07:45:00,47642.79,47667.0,-24.209999999999127,-0.24209999999999127,0.012543841919793141,147.5550000000003
2021-09-02 06:30:00,2021-09-02 06:45:00,49832.22,49840.0,-7.779999999998836,-0.07779999999998836,0.0068016188115421535,84.16250000000036
2021-09-02 12:00:00,2021-09-02 12:15:00,50164.03,50243.49,-79.45999999999913,-0.7945999999999913,0.0031542025704760384,39.43249999999898
2021-09-04 12:30:00,2021-09-04 12:45:00,50276.91,50351.0,-74.08999999999651,-0.7408999999999651,0.006858191088517174,85.6150000000016
2021-09-06 19:00:00,2021-09-06 19:15:00,52065.14,52079.73,-14.590000000003783,-0.14590000000003783,0.007189493299833334,92.91250000000036
2021-09-08 02:00:00,2021-09-08 02:15:00,47290.71,47301.16,-10.450000000004366,-0.10450000000004366,0.00939174868251706,110.00250000000051
2021-09-12 08:00:00,2021-09-12 08:15:00,45559.06,45613.52,-54.45999999999913,-0.5445999999999913,0.009563574123793184,107.89499999999862
2021-09-12 23:00:00,2021-09-13 13:45:00,46364.37,46513.2,-148.82999999999447,-1.4882999999999447,0.022292068832842647,252.75500000000102
2021-09-15 21:30:00,2021-09-15 22:45:00,48179.99,48232.5,-52.51000000000204,-0.5251000000000203,0.005635777764883115,67.50249999999869
2021-09-15 23:00:00,2021-09-15 23:15:00,48366.11,48367.11,-1.0,-0.01,0.007627291666666679,91.52750000000015
2021-09-21 10:45:00,2021-09-21 14:45:00,43420.65,42197.00999999999,1223.640000000014,12.23640000000014,0.007095253270691265,76.47750000000087
2021-09-22 15:30:00,2021-09-22 15:45:00,43006.13,43167.76,-161.63000000000466,-1.6163000000000467,0.016727752262074052,176.88999999999942
2021-10-01 03:45:00,2021-10-01 04:00:00,43609.27,43651.0,-41.7300000000032,-0.41730000000003203,0.0038968701420050707,42.31999999999971
2021-10-04 13:15:00,2021-10-04 13:30:00,47807.01,47871.0,-63.98999999999796,-0.6398999999999796,0.00248971026004719,29.6825000000008
2021-10-06 12:15:00,2021-10-06 12:30:00,52262.98,52461.0,-198.0199999999968,-1.980199999999968,0.019936414708338426,255.39249999999993
2021-10-06 20:00:00,2021-10-06 20:15:00,55319.14,55323.72,-4.580000000001746,-0.045800000000017466,0.006706567952566838,92.13249999999971
2021-10-11 01:15:00,2021-10-11 02:45:00,55529.09,55667.0,-137.9100000000035,-1.3791000000000349,0.010171187982968035,139.77749999999833
2021-10-11 13:30:00,2021-10-11 13:45:00,57275.6,57401.0,-125.40000000000146,-1.2540000000000147,0.01376188358967237,194.3799999999992
2021-10-11 19:15:00,2021-10-11 19:30:00,57583.43,57679.0,-95.56999999999971,-0.9556999999999971,0.0043234963863600035,61.972499999999854
2021-10-13 16:30:00,2021-10-13 16:45:00,56868.46,56893.64,-25.18000000000029,-0.2518000000000029,0.012433309690853161,174.59499999999935
2021-10-14 01:00:00,2021-10-14 01:15:00,58215.95,58361.89,-145.94000000000233,-1.4594000000000233,0.0151650612445896,217.41499999999905
2021-10-14 11:15:00,2021-10-15 02:15:00,58039.65,58200.2,-160.54999999999563,-1.6054999999999564,0.007261035249836595,104.59749999999985
2021-10-15 16:30:00,2021-10-15 16:45:00,61283.97,61501.0,-217.02999999999884,-2.1702999999999886,0.01992434941596142,299.2975000000006
2021-10-17 03:15:00,2021-10-17 10:30:00,61276.76,61446.0,-169.23999999999796,-1.6923999999999797,0.004162381380324325,63.5
2021-10-17 22:00:00,2021-10-17 22:15:00,61243.47,61319.57,-76.09999999999854,-0.7609999999999855,0.02315944896195466,346.5650000000005
2021-10-18 05:00:00,2021-10-18 07:30:00,62405.99,62591.25,-185.26000000000204,-1.8526000000000205,0.004644748087776221,72.1299999999992
2021-10-19 17:00:00,2021-10-19 17:15:00,63396.01,63501.0,-104.98999999999796,-1.0498999999999796,0.012452350658271213,194.9300000000003
2021-10-20 12:30:00,2021-10-20 13:30:00,64327.97,64701.0,-373.02999999999884,-3.7302999999999886,0.007389899286019427,117.97249999999985
2021-10-21 08:30:00,2021-10-21 09:00:00,66044.9,66151.0,-106.10000000000582,-1.0610000000000581,0.014064728274154214,229.0049999999992
2021-10-28 03:00:00,2021-10-28 04:00:00,59095.37,59189.88,-94.50999999999476,-0.9450999999999476,0.006835603405858421,100.30249999999978
2021-10-28 08:15:00,2021-10-28 08:30:00,59722.05,59801.0,-78.94999999999709,-0.7894999999999709,0.012939982821995991,190.73250000000007
2021-10-31 00:00:00,2021-10-31 00:15:00,62388.4,62397.53,-9.12999999999738,-0.0912999999999738,0.011518539199415843,177.61000000000058
2021-11-02 15:30:00,2021-11-02 15:45:00,63937.13,64029.41,-92.28000000000611,-0.9228000000000611,0.008958100637120756,141.91749999999956
2021-11-04 13:00:00,2021-11-04 13:45:00,61983.83,62051.0,-67.16999999999825,-0.6716999999999825,0.004600162074554323,70.95750000000044
2021-11-07 10:00:00,2021-11-07 17:45:00,62194.28,62401.0,-206.72000000000116,-2.0672000000000117,0.009673627886438566,148.96999999999935
2021-11-08 00:15:00,2021-11-08 00:30:00,64301.9,64680.48,-378.58000000000175,-3.7858000000000174,0.02243909233624244,352.8024999999998
2021-11-08 06:15:00,2021-11-08 07:00:00,66042.39,66241.0,-198.61000000000058,-1.986100000000006,0.011085406220705982,181.02000000000044
2021-11-08 23:00:00,2021-11-08 23:15:00,67389.25,67555.18,-165.92999999999302,-1.6592999999999303,0.017670883476217498,292.53749999999854
2021-11-14 00:00:00,2021-11-14 00:15:00,64678.24,64739.13,-60.88999999999942,-0.6088999999999942,0.005413337478625804,87.05999999999949
2021-11-15 00:00:00,2021-11-15 00:15:00,65954.9,66145.0,-190.10000000000582,-1.9010000000000582,0.01736471674166364,281.4349999999977
2021-11-21 15:30:00,2021-11-21 16:00:00,59233.75,59287.13,-53.37999999999738,-0.5337999999999739,0.005354877308813483,78.875
2021-11-25 07:15:00,2021-11-25 07:30:00,57511.83,57690.79,-178.95999999999913,-1.7895999999999912,0.004862709824592389,69.57750000000124
2021-11-27 02:30:00,2021-11-27 03:15:00,54453.74,54551.0,-97.26000000000204,-0.9726000000000204,0.005196759519916237,70.3799999999992
2021-11-27 08:15:00,2021-11-27 08:30:00,55094.64,55233.16,-138.52000000000407,-1.3852000000000408,0.013264946928074034,180.3150000000005
2021-11-27 13:30:00,2021-11-27 13:45:00,55149.29,55190.0,-40.70999999999913,-0.4070999999999913,0.007465939357624914,102.17250000000058
2021-11-29 17:00:00,2021-11-29 17:15:00,57979.99,58032.72,-52.7300000000032,-0.5273000000000321,0.015411205707319419,219.99499999999898
2021-12-01 12:00:00,2021-12-01 13:15:00,57279.03,57410.34,-131.30999999999767,-1.3130999999999768,0.006911028376280997,98.28499999999985
2021-12-02 19:00:00,2021-12-02 19:15:00,56802.21,56971.0,-168.79000000000087,-1.6879000000000088,0.010198337968267888,143.36000000000058
2021-12-05 12:15:00,2021-12-05 15:30:00,49437.01,48184.32999999998,1252.6800000000221,12.526800000000222,0.006375112369065724,78.29250000000138
2021-12-06 21:45:00,2021-12-06 22:00:00,50063.93,50589.0,-525.0699999999997,-5.2506999999999975,0.023822767818250826,291.2275000000009
2021-12-07 11:00:00,2021-12-07 11:15:00,51349.74,51400.0,-50.26000000000204,-0.5026000000000204,0.0037132692347913443,47.49250000000029
2021-12-10 12:00:00,2021-12-10 13:30:00,49081.98,49218.71,-136.72999999999593,-1.3672999999999593,0.01410348644961993,170.65000000000146
2021-12-14 08:00:00,2021-12-14 08:30:00,47086.54,47268.0,-181.45999999999913,-1.8145999999999913,0.008406647535015225,98.13500000000022
2021-12-14 12:00:00,2021-12-14 12:15:00,47763.55,47873.0,-109.44999999999709,-1.094499999999971,0.010158999390904293,120.08750000000146
2021-12-14 20:30:00,2021-12-14 21:00:00,47793.24,47886.32,-93.08000000000175,-0.9308000000000175,0.020260587501320794,237.27249999999913
2021-12-15 18:30:00,2021-12-15 18:45:00,47646.77,47698.3,-51.53000000000611,-0.5153000000000612,0.012125727069921375,142.70749999999862
2021-12-15 19:00:00,2021-12-15 20:15:00,48949.99,49257.03,-307.0400000000009,-3.0704000000000087,0.03556921834923247,420.3274999999994
2021-12-16 09:45:00,2021-12-16 10:00:00,48954.59,48980.0,-25.410000000003492,-0.2541000000000349,0.004196511959689741,51.14499999999862
2021-12-17 21:30:00,2021-12-18 10:45:00,46880.07,47091.38,-211.30999999999767,-2.1130999999999767,0.01535175778178888,177.20249999999942
2021-12-19 02:45:00,2021-12-19 03:00:00,47121.61,47161.92,-40.30999999999767,-0.4030999999999767,0.010434437654122452,121.65250000000015
2021-12-19 03:15:00,2021-12-19 03:30:00,47810.0,47889.0,-79.0,-0.79,0.01915699664814378,224.67000000000007
2021-12-19 16:15:00,2021-12-19 18:00:00,47321.64,46949.240000000005,372.3999999999942,3.723999999999942,0.0019712656796081044,23.274999999999636
2021-12-20 14:45:00,2021-12-20 16:45:00,46282.07,46301.0,-18.93000000000029,-0.1893000000000029,0.014550075495984947,165.9375
2021-12-21 03:30:00,2021-12-21 03:45:00,47361.63,47751.7,-390.0699999999997,-3.9006999999999974,0.008912033609929615,104.59000000000015
2021-12-21 04:00:00,2021-12-21 04:15:00,48286.37,48420.36,-133.98999999999796,-1.3398999999999797,0.021749084927295718,256.95750000000044
2021-12-22 02:15:00,2021-12-22 02:30:00,49224.22,49261.85,-37.62999999999738,-0.3762999999999738,0.010070702991621334,122.69499999999971
2021-12-22 08:30:00,2021-12-23 00:00:00,49437.25,48391.25,1046.0,10.46,0.005317661652338805,65.375
2021-12-23 17:45:00,2021-12-23 18:00:00,50030.94,50195.29,-164.34999999999854,-1.6434999999999855,0.01876545784125161,230.39000000000124
2021-12-24 18:15:00,2021-12-24 18:30:00,51174.18,51288.87,-114.69000000000233,-1.1469000000000233,0.005389800832379901,68.58500000000095
2021-12-24 18:45:00,2021-12-24 19:00:00,51582.1,51651.0,-68.90000000000146,-0.6890000000000146,0.008858543958370541,113.23250000000007
2021-12-26 08:15:00,2021-12-26 09:45:00,50029.99,50090.99,-61.0,-0.61,0.0031669041076112783,39.48499999999876
2022-01-04 10:45:00,2022-01-04 13:15:00,46599.84,46751.0,-151.1600000000035,-1.511600000000035,0.005262762782197191,60.98999999999978
2022-01-05 08:45:00,2022-01-05 09:00:00,46626.53,46678.0,-51.470000000001164,-0.5147000000000117,0.006791326914983754,78.6299999999992
2022-01-08 21:30:00,2022-01-08 22:15:00,41944.51,42101.0,-156.48999999999796,-1.5648999999999798,0.02360055855151456,241.77250000000095
2022-01-09 16:45:00,2022-01-09 17:00:00,42127.99,42133.48,-5.490000000005239,-0.054900000000052386,0.013827749353843403,143.64749999999913
2022-01-10 21:00:00,2022-01-11 01:30:00,41853.89,41991.0,-137.11000000000058,-1.3711000000000058,0.01251874558047,129.36999999999898
2022-01-11 16:30:00,2022-01-11 17:00:00,42755.34,42920.0,-164.6600000000035,-1.646600000000035,0.024904587906773207,259.73249999999825
2022-01-14 04:30:00,2022-01-14 04:45:00,42738.11,42768.0,-29.889999999999418,-0.29889999999999417,0.0029820910261753692,31.767499999999927
2022-01-15 14:45:00,2022-01-15 15:30:00,43162.19,43301.0,-138.80999999999767,-1.3880999999999768,0.0070391169116359705,75.42500000000109
2022-01-16 05:15:00,2022-01-16 06:15:00,43075.7,43108.69,-32.99000000000524,-0.3299000000000524,0.0017052548499069812,18.332499999998618
2022-01-17 06:15:00,2022-01-17 07:00:00,42800.0,42851.0,-51.0,-0.51,0.005267082787737151,56.0625
2022-01-18 21:15:00,2022-01-18 21:30:00,42244.06,42282.0,-37.94000000000233,-0.3794000000000233,0.018231681846678772,189.09749999999985
2022-01-22 03:00:00,2022-01-22 06:30:00,36579.68,35491.12,1088.5599999999977,10.885599999999977,0.007495412798553673,68.03499999999985
2022-01-26 03:30:00,2022-01-26 03:45:00,37358.73,37420.81,-62.07999999999447,-0.6207999999999447,0.015178466615362533,139.64249999999993
2022-01-28 00:00:00,2022-01-28 06:30:00,37345.01,37452.0,-106.98999999999796,-1.0698999999999796,0.013838917884363538,127.44000000000051
2022-01-30 04:45:00,2022-01-30 05:00:00,38081.78,38201.0,-119.22000000000116,-1.1922000000000117,0.005167873401223009,48.94750000000022
2022-01-31 19:00:00,2022-01-31 19:15:00,38577.67,38596.1,-18.43000000000029,-0.1843000000000029,0.005826480541896355,55.86750000000029
2022-01-31 22:30:00,2022-02-01 09:00:00,38565.89,38726.6,-160.70999999999913,-1.6070999999999913,0.004446392606153356,42.68000000000029
2022-02-01 12:15:00,2022-02-01 12:30:00,38553.86,38580.64,-26.779999999998836,-0.2677999999999884,0.006232010999324517,59.69499999999971
2022-02-03 11:30:00,2022-02-03 11:45:00,36687.63,36701.0,-13.37000000000262,-0.1337000000000262,0.008971044318113922,81.54999999999927
2022-02-04 19:45:00,2022-02-04 23:45:00,40701.71,40876.0,-174.29000000000087,-1.7429000000000088,0.007218259233724763,72.92250000000058
2022-02-05 04:15:00,2022-02-05 06:30:00,41621.4,41685.55,-64.15000000000146,-0.6415000000000146,0.005386438754531827,55.74749999999949
2022-02-07 14:30:00,2022-02-07 14:45:00,43281.12,43364.92,-83.79999999999563,-0.8379999999999563,0.011814640728600011,126.34500000000116
2022-02-07 17:45:00,2022-02-07 18:00:00,44188.04,44334.33,-146.29000000000087,-1.4629000000000087,0.013254758083008505,144.51000000000022
2022-02-08 20:30:00,2022-02-08 20:45:00,44023.29,44101.0,-77.70999999999913,-0.7770999999999912,0.024144936619192356,259.46999999999935
2022-02-09 12:00:00,2022-02-09 12:30:00,43809.25,43878.26,-69.01000000000204,-0.6901000000000204,0.004841487612897554,52.77000000000044
2022-02-10 10:15:00,2022-02-10 10:30:00,44644.41,44721.73,-77.31999999999971,-0.7731999999999971,0.007319492933327439,81.10000000000036
2022-02-10 11:30:00,2022-02-10 14:00:00,45024.67,43436.470000000016,1588.1999999999825,15.881999999999826,0.008896956638063953,99.26249999999891
2022-02-10 15:00:00,2022-02-10 15:30:00,44839.02,45501.0,-661.9800000000032,-6.6198000000000325,0.03098115498165159,336.85499999999956
2022-02-11 08:00:00,2022-02-11 09:15:00,43469.97,43539.26,-69.29000000000087,-0.6929000000000087,0.00683079695333296,73.72999999999956
2022-02-15 10:45:00,2022-02-15 11:45:00,44235.0,44375.0,-140.0,-1.4000000000000001,0.006003957153578495,66.0
2022-02-17 08:00:00,2022-02-17 08:30:00,43907.9,43304.69999999999,603.2000000000116,6.032000000000116,0.0034462978579476913,37.70000000000073
2022-02-21 14:15:00,2022-02-21 15:00:00,38580.0,38913.6,-333.59999999999854,-3.3359999999999856,0.029730876712548183,278.47500000000036
2022-02-22 10:30:00,2022-02-22 10:45:00,37600.0,37756.3,-156.3000000000029,-1.563000000000029,0.013133006041075038,121.85000000000036
2022-02-22 23:30:00,2022-02-23 08:15:00,38329.9,38451.0,-121.09999999999854,-1.2109999999999854,0.01134300791556732,107.47500000000036
2022-02-23 13:00:00,2022-02-23 13:15:00,39113.4,39177.3,-63.900000000001455,-0.6390000000000146,0.00660114419832771,64.125
2022-02-26 08:15:00,2022-02-26 21:15:00,39316.3,39578.0,-261.6999999999971,-2.616999999999971,0.005200330325800476,50.850000000000364
2022-03-01 12:15:00,2022-03-01 12:45:00,44459.3,44529.4,-70.09999999999854,-0.7009999999999854,0.022593555213101246,245.57500000000073
2022-03-05 03:30:00,2022-03-05 07:15:00,39038.8,39101.0,-62.19999999999709,-0.6219999999999709,0.004823507003608659,46.850000000000364
2022-03-05 16:15:00,2022-03-05 16:30:00,39233.7,39261.0,-27.30000000000291,-0.2730000000000291,0.00372748669668433,36.42499999999927
2022-03-06 00:00:00,2022-03-06 00:15:00,39488.7,39491.0,-2.3000000000029104,-0.023000000000029105,0.0037492501499700064,36.875
2022-03-07 12:15:00,2022-03-07 12:30:00,38646.3,38701.0,-54.69999999999709,-0.546999999999971,0.009922491154165889,94.92500000000109
2022-03-10 23:00:00,2022-03-10 23:15:00,39450.0,39511.0,-61.0,-0.61,0.004993121720079483,49.0
2022-03-11 11:45:00,2022-03-11 12:30:00,39878.4,40201.0,-322.59999999999854,-3.2259999999999853,0.02542054729003488,247.14999999999964
2022-03-14 07:30:00,2022-03-14 07:45:00,39069.9,39150.5,-80.59999999999854,-0.8059999999999855,0.011361341927467615,109.72500000000036
2022-03-16 02:00:00,2022-03-16 02:15:00,41402.8,41646.6,-243.79999999999563,-2.437999999999956,0.05611305257250728,549.9500000000007
2022-03-16 08:00:00,2022-03-16 08:30:00,39736.8,39951.0,-214.1999999999971,-2.141999999999971,0.00847911437541097,83.52500000000146
2022-03-17 21:45:00,2022-03-17 22:00:00,40983.3,40987.0,-3.6999999999970896,-0.036999999999970896,0.006374666349079426,64.90000000000146
2022-03-19 11:15:00,2022-03-19 11:30:00,41785.1,41786.8,-1.7000000000043656,-0.017000000000043657,0.0028704803734504215,29.899999999999636
2022-03-19 12:45:00,2022-03-19 13:00:00,41836.3,41849.0,-12.69999999999709,-0.1269999999999709,0.0031218454854326913,32.55000000000109
2022-03-19 23:15:00,2022-03-19 23:30:00,42194.6,42227.9,-33.30000000000291,-0.3330000000000291,0.007750160615809373,81.125
2022-03-20 20:00:00,2022-03-20 20:15:00,41631.9,41651.0,-19.099999999998545,-0.19099999999998546,0.008798414298453032,90.77499999999964
2022-03-21 20:00:00,2022-03-21 20:30:00,41194.3,41200.0,-5.69999999999709,-0.0569999999999709,0.005440380362887317,55.725000000000364
2022-03-22 10:30:00,2022-03-22 10:45:00,42811.7,42837.0,-25.30000000000291,-0.2530000000000291,0.008568130418394201,90.92499999999927
2022-03-23 06:45:00,2022-03-23 07:00:00,42207.1,42239.6,-32.5,-0.325,0.004928559693905491,51.75
2022-03-23 23:45:00,2022-03-24 00:00:00,42867.9,43052.0,-184.09999999999854,-1.8409999999999855,0.01085657018216121,115.10000000000036
2022-03-28 13:30:00,2022-03-28 13:45:00,47520.5,47577.8,-57.30000000000291,-0.5730000000000292,0.006790254237288135,80.125
2022-03-28 17:45:00,2022-03-28 18:00:00,47574.0,47659.0,-85.0,-0.85,0.004900511174010393,58.0
2022-04-03 21:30:00,2022-04-03 21:45:00,46678.1,46762.9,-84.80000000000291,-0.8480000000000292,0.007037467719769785,81.54999999999927
2022-04-04 19:00:00,2022-04-04 19:30:00,45681.1,45741.0,-59.900000000001455,-0.5990000000000145,0.009509224146313338,107.57499999999891
2022-04-08 08:00:00,2022-04-08 08:15:00,43816.9,43844.0,-27.099999999998545,-0.2709999999999855,0.009299015046115107,100.92500000000109
2022-04-10 17:00:00,2022-04-10 17:15:00,42814.3,42961.0,-146.6999999999971,-1.466999999999971,0.0035628646369276853,38.0
2022-04-10 17:30:00,2022-04-10 20:00:00,43171.2,43339.0,-167.8000000000029,-1.6780000000000292,0.009538552918039397,101.97499999999854
2022-04-16 21:45:00,2022-04-16 22:00:00,40465.1,40609.2,-144.09999999999854,-1.4409999999999854,0.004730028355340587,47.625
2022-04-18 16:45:00,2022-04-18 17:00:00,39441.0,39630.3,-189.3000000000029,-1.893000000000029,0.00944927031772268,92.29999999999927
2022-04-18 18:15:00,2022-04-19 13:45:00,40746.8,41311.0,-564.1999999999971,-5.641999999999971,0.017504956824436018,175.25
2022-04-19 14:00:00,2022-04-19 15:00:00,41507.9,41661.0,-153.09999999999854,-1.5309999999999855,0.013527405204388348,138.5
2022-04-22 19:30:00,2022-04-22 23:00:00,39605.9,39761.8,-155.90000000000146,-1.5590000000000146,0.002594713366444407,25.625
2022-04-23 21:00:00,2022-04-23 21:15:00,39785.0,39791.4,-6.400000000001455,-0.06400000000001456,0.0010215275611154915,10.149999999999636
2022-04-27 20:00:00,2022-04-27 20:15:00,39000.0,39140.0,-140.0,-1.4000000000000001,0.006812766385877811,65.97500000000036
2022-04-28 00:30:00,2022-04-28 00:45:00,39287.1,39351.0,-63.900000000001455,-0.6390000000000146,0.001991889617179692,19.524999999999636
2022-04-28 01:00:00,2022-04-28 08:45:00,39520.0,39691.0,-171.0,-1.71,0.007143275815054726,70.07500000000073
2022-04-29 12:30:00,2022-04-29 13:15:00,39100.3,39129.0,-28.69999999999709,-0.2869999999999709,0.009357784902601593,90.625
2022-05-03 21:15:00,2022-05-04 03:30:00,37949.2,38041.0,-91.80000000000291,-0.9180000000000291,0.010068962947387357,94.57499999999891
2022-05-04 06:00:00,2022-05-04 06:30:00,38280.2,38361.0,-80.80000000000291,-0.8080000000000291,0.007283558839472143,69.19999999999891
2022-05-05 10:30:00,2022-05-05 13:45:00,39589.0,39181.79999999999,407.20000000001164,4.072000000000116,0.0025780506088049523,25.450000000000728
2022-05-07 10:30:00,2022-05-07 21:00:00,36066.0,35674.79999999999,391.20000000001164,3.9120000000001167,0.002719068510517705,24.450000000000728
2022-05-09 20:00:00,2022-05-10 05:45:00,31815.0,31889.5,-74.5,-0.745,0.040804509335017,311.8249999999998
2022-05-10 11:30:00,2022-05-10 12:30:00,31760.6,31841.0,-80.40000000000146,-0.8040000000000146,0.014615165910085583,114.375
2022-05-10 12:45:00,2022-05-10 13:00:00,32153.2,32301.0,-147.79999999999927,-1.4779999999999927,0.017503109167376123,138.27500000000055
2022-05-11 13:45:00,2022-05-11 14:45:00,31223.0,31890.6,-667.5999999999985,-6.675999999999986,0.0671902984564483,491.4499999999998
2022-05-12 00:30:00,2022-05-13 03:00:00,30025.1,30258.0,-232.90000000000146,-2.3290000000000144,0.032574566939153,236.79999999999927
2022-05-15 20:00:00,2022-05-15 20:15:00,30815.4,31076.4,-261.0,-2.61,0.02029977849369095,153.27500000000055
2022-05-19 15:30:00,2022-05-19 15:45:00,30362.7,30532.6,-169.89999999999782,-1.6989999999999783,0.017060033363034,127.32499999999982
2022-05-19 21:00:00,2022-05-19 21:15:00,30405.4,30433.3,-27.899999999997817,-0.27899999999997815,0.012197476613735526,91.60000000000036
2022-05-23 06:00:00,2022-05-23 06:15:00,30379.9,30397.2,-17.299999999999272,-0.17299999999999272,0.0065835685791155,49.67500000000018
2022-05-23 06:30:00,2022-05-23 19:15:00,30560.3,29502.700000000008,1057.5999999999913,10.575999999999913,0.008727253522753832,66.09999999999945
2022-05-25 02:15:00,2022-05-25 02:45:00,30003.0,30148.5,-145.5,-1.455,0.01252024838012959,92.75
2022-05-28 11:15:00,2022-05-28 12:30:00,28894.7,28920.9,-26.200000000000728,-0.2620000000000073,0.0037517325709442205,27.0
2022-05-29 05:45:00,2022-05-29 06:00:00,29033.0,29048.2,-15.200000000000728,-0.15200000000000727,0.003234344872388458,23.399999999999636
2022-05-29 22:30:00,2022-05-30 01:30:00,29448.0,29596.2,-148.20000000000073,-1.4820000000000073,0.007799425737762755,56.975000000000364
2022-05-30 06:15:00,2022-05-30 20:15:00,30575.1,30984.0,-408.90000000000146,-4.089000000000015,0.008303845557706427,62.94999999999982
2022-06-02 15:15:00,2022-06-02 15:30:00,30281.5,30376.0,-94.5,-0.9450000000000001,0.010383613110312568,77.80000000000018
2022-06-04 00:00:00,2022-06-04 00:30:00,29730.1,29745.0,-14.900000000001455,-0.14900000000001457,0.0022418047708302434,16.625
2022-06-04 22:00:00,2022-06-05 15:45:00,29908.3,29969.7,-61.400000000001455,-0.6140000000000145,0.005503519966649433,40.92500000000018
2022-06-06 06:45:00,2022-06-06 08:30:00,31260.4,31474.9,-214.5,-2.145,0.0031898847918873418,24.850000000000364
2022-06-09 07:15:00,2022-06-09 07:45:00,30401.4,30422.0,-20.599999999998545,-0.20599999999998544,0.004052353634733352,30.675000000000182
2022-06-11 18:30:00,2022-06-12 01:45:00,28590.1,28172.500000000007,417.59999999999127,4.175999999999913,0.0036649968229672367,26.099999999999454
2022-06-14 05:15:00,2022-06-18 06:45:00,22854.9,19131.69999999999,3723.2000000000116,37.23200000000012,0.04245556260006125,232.70000000000073
2022-06-19 08:30:00,2022-06-19 08:45:00,18583.1,18658.9,-75.80000000000291,-0.7580000000000291,0.015630892327199393,71.5
2022-06-20 22:45:00,2022-06-20 23:30:00,20483.1,20577.8,-94.70000000000073,-0.9470000000000073,0.008259784497398477,41.94999999999982
2022-06-21 05:15:00,2022-06-21 05:30:00,20753.3,20889.0,-135.70000000000073,-1.3570000000000073,0.011201847647075913,57.474999999999454
2022-06-23 22:30:00,2022-06-24 02:30:00,21072.6,21251.0,-178.40000000000146,-1.7840000000000147,0.019161943084869563,99.04999999999927
2022-06-24 11:15:00,2022-06-24 11:30:00,21142.6,21260.2,-117.60000000000218,-1.176000000000022,0.011515699529707685,60.17499999999927
2022-06-25 21:15:00,2022-06-25 21:30:00,21367.1,21451.0,-83.90000000000146,-0.8390000000000146,0.008286341221716186,43.899999999999636
2022-06-30 23:30:00,2022-06-30 23:45:00,19053.1,19144.0,-90.90000000000146,-0.9090000000000146,0.008906586743906353,42.04999999999927
2022-07-01 07:30:00,2022-07-01 08:00:00,19531.6,19666.9,-135.3000000000029,-1.353000000000029,0.007261175402768286,35.19999999999982
2022-07-02 14:30:00,2022-07-02 18:45:00,19323.2,19355.3,-32.099999999998545,-0.32099999999998546,0.003432500220697934,16.525000000000546
2022-07-03 16:30:00,2022-07-03 17:45:00,19130.2,19233.0,-102.79999999999927,-1.0279999999999927,0.004985474355539522,23.725000000000364
2022-07-03 20:00:00,2022-07-04 11:45:00,19525.5,19646.4,-120.90000000000146,-1.2090000000000145,0.014475058321080201,69.64999999999964
2022-07-04 17:15:00,2022-07-04 22:30:00,19970.9,20062.9,-92.0,-0.92,0.014214615814331494,69.97500000000036
2022-07-05 19:00:00,2022-07-05 19:30:00,20250.1,20274.1,-24.0,-0.24,0.025300753402462586,124.92499999999927
2022-07-06 04:00:00,2022-07-06 04:15:00,20244.8,20301.0,-56.20000000000073,-0.5620000000000073,0.019755598762882482,98.05000000000018
2022-07-06 16:45:00,2022-07-06 17:00:00,20291.9,20326.0,-34.099999999998545,-0.3409999999999855,0.006457788777732072,32.55000000000018
2022-07-07 14:30:00,2022-07-07 14:45:00,20889.4,20952.5,-63.099999999998545,-0.6309999999999855,0.017377243992480394,89.20000000000073
2022-07-09 10:45:00,2022-07-09 11:00:00,21725.5,21743.7,-18.200000000000728,-0.18200000000000727,0.0029082515868436238,15.75
2022-07-09 20:45:00,2022-07-09 21:00:00,21671.1,21695.4,-24.30000000000291,-0.2430000000000291,0.0030548342752405684,16.5
2022-07-09 21:15:00,2022-07-09 21:45:00,21701.4,21726.3,-24.899999999997817,-0.24899999999997818,0.0025176815155980763,13.625
2022-07-14 15:00:00,2022-07-14 15:15:00,20026.4,20091.0,-64.59999999999854,-0.6459999999999855,0.014791355240821985,72.97500000000036
2022-07-14 23:30:00,2022-07-15 00:00:00,20565.5,20593.0,-27.5,-0.275,0.0034251755280479295,17.550000000000182
2022-07-15 18:45:00,2022-07-15 19:30:00,21027.4,21046.0,-18.599999999998545,-0.18599999999998545,0.011384898055380566,59.17500000000018
2022-07-17 07:00:00,2022-07-17 17:45:00,21592.7,20829.099999999995,763.6000000000058,7.636000000000059,0.00891981048323045,47.725000000000364
2022-07-18 05:30:00,2022-07-18 05:45:00,21762.3,21811.4,-49.10000000000218,-0.49100000000002186,0.02236180078266303,119.0
2022-07-19 15:00:00,2022-07-19 15:15:00,22747.4,22861.7,-114.29999999999927,-1.1429999999999927,0.02115720435803408,117.82500000000073
2022-07-19 15:30:00,2022-07-19 15:45:00,22831.4,23189.0,-357.59999999999854,-3.5759999999999854,0.009470668340908721,53.55000000000018
2022-07-23 08:15:00,2022-07-23 10:30:00,22846.1,22441.30000000001,404.79999999998836,4.047999999999884,0.004449349084849662,25.299999999999272
2022-07-25 20:00:00,2022-07-25 20:15:00,22153.7,22210.8,-57.099999999998545,-0.5709999999999854,0.02443908033220502,132.125
2022-07-27 16:15:00,2022-07-27 16:30:00,21662.4,21700.0,-37.599999999998545,-0.37599999999998546,0.009718512717967361,52.125
2022-07-30 11:30:00,2022-07-30 12:15:00,24027.2,24074.0,-46.79999999999927,-0.46799999999999276,0.009363854429661929,55.725000000000364
2022-08-01 20:15:00,2022-08-01 20:45:00,23006.0,23069.8,-63.79999999999927,-0.6379999999999927,0.0041815435919371835,23.949999999999818
2022-08-02 11:15:00,2022-08-02 11:30:00,22885.0,22940.3,-55.29999999999927,-0.5529999999999927,0.003943830033647646,22.475000000000364
2022-08-02 16:30:00,2022-08-03 11:00:00,23356.8,23449.7,-92.90000000000146,-0.9290000000000146,0.01715818628390266,98.5
2022-08-05 21:15:00,2022-08-05 22:45:00,23172.3,23225.0,-52.70000000000073,-0.5270000000000072,0.010126416739319933,58.07499999999982
2022-08-07 03:00:00,2022-08-07 11:45:00,22997.6,23027.0,-29.400000000001455,-0.2940000000000146,0.0027075930326349346,15.524999999999636
2022-08-08 08:45:00,2022-08-08 09:00:00,24120.4,24166.9,-46.5,-0.465,0.01402884805374435,83.42500000000018
2022-08-08 12:00:00,2022-08-09 02:15:00,24190.4,23643.999999999993,546.4000000000087,5.4640000000000875,0.005678936384272014,34.150000000000546
2022-08-10 08:45:00,2022-08-10 11:15:00,23088.0,23128.1,-40.099999999998545,-0.4009999999999855,0.005461054061822331,31.350000000000364
2022-08-11 01:15:00,2022-08-11 01:45:00,24380.1,24449.0,-68.90000000000146,-0.6890000000000146,0.016672018281672845,99.94999999999982
2022-08-11 05:00:00,2022-08-11 05:15:00,24569.5,24599.4,-29.900000000001455,-0.29900000000001453,0.011548437564329533,70.125
2022-08-14 07:00:00,2022-08-14 07:15:00,24747.3,24833.0,-85.70000000000073,-0.8570000000000073,0.005660760728218436,34.82499999999982
2022-08-14 20:15:00,2022-08-14 21:00:00,24289.8,24338.9,-49.10000000000218,-0.49100000000002186,0.0012613771270280365,7.649999999999636
2022-08-14 21:15:00,2022-08-14 21:30:00,24380.0,24386.6,-6.599999999998545,-0.06599999999998545,0.0036639084434564244,22.25
2022-08-15 03:00:00,2022-08-15 03:15:00,25134.1,25175.9,-41.80000000000291,-0.4180000000000291,0.01347586078976113,83.54999999999927
2022-08-17 05:00:00,2022-08-17 05:15:00,24078.1,24098.0,-19.900000000001455,-0.19900000000001455,0.003066091774458895,18.399999999999636
2022-08-20 06:30:00,2022-08-20 06:45:00,21212.3,21213.9,-1.6000000000021828,-0.016000000000021827,0.004522465525079558,23.875
2022-08-20 12:30:00,2022-08-20 13:45:00,21267.3,21301.0,-33.70000000000073,-0.3370000000000073,0.0022243062002535677,11.800000000000182
2022-08-23 08:15:00,2022-08-23 09:45:00,21429.3,21512.5,-83.20000000000073,-0.8320000000000073,0.009711070903539454,51.524999999999636
2022-08-24 04:45:00,2022-08-24 05:15:00,21316.4,21349.0,-32.599999999998545,-0.32599999999998547,0.0032238480038027286,17.125
2022-08-29 12:15:00,2022-08-29 12:30:00,19971.9,19991.0,-19.099999999998545,-0.19099999999998546,0.008355884966475482,41.375
2022-08-29 22:00:00,2022-08-29 23:15:00,20193.6,20235.8,-42.20000000000073,-0.42200000000000726,0.0011551637804097744,5.824999999999818
2022-09-04 00:00:00,2022-09-04 07:45:00,19825.7,19626.899999999998,198.8000000000029,1.988000000000029,0.0025131472491909754,12.425000000000182
2022-09-04 23:30:00,2022-09-05 00:00:00,19988.3,20023.4,-35.10000000000218,-0.35100000000002185,0.00821673207097954,40.724999999999454
2022-09-06 00:45:00,2022-09-06 01:00:00,20093.6,20168.6,-75.0,-0.75,0.011889714213773061,59.024999999999636
2022-09-06 08:45:00,2022-09-06 09:00:00,20008.3,20018.5,-10.200000000000728,-0.10200000000000728,0.007310037204665975,36.30000000000018
2022-09-08 04:30:00,2022-09-08 04:45:00,19327.0,19361.0,-34.0,-0.34,0.006137715978364497,29.475000000000364
2022-09-09 08:30:00,2022-09-09 08:45:00,20729.7,20801.0,-71.29999999999927,-0.7129999999999928,0.005144591632886702,26.525000000000546
2022-09-09 15:30:00,2022-09-09 16:15:00,21291.1,21346.0,-54.900000000001455,-0.5490000000000146,0.009415669076685958,49.649999999999636
2022-09-10 18:30:00,2022-09-10 18:45:00,21418.0,21424.0,-6.0,-0.06,0.006418750646104041,34.149999999999636
2022-09-12 01:30:00,2022-09-12 01:45:00,22113.7,22191.0,-77.29999999999927,-0.7729999999999927,0.022267936390532577,120.42500000000018
2022-09-13 09:30:00,2022-09-13 10:15:00,22412.0,22434.4,-22.400000000001455,-0.22400000000001455,0.008445710326084543,46.92500000000018
2022-09-14 02:15:00,2022-09-14 18:00:00,20389.1,19811.9,577.1999999999971,5.771999999999971,0.007127756263336722,36.07499999999982
2022-09-14 21:45:00,2022-09-14 22:00:00,20191.4,20221.0,-29.599999999998545,-0.29599999999998544,0.016973567571923604,84.25
2022-09-17 00:15:00,2022-09-17 00:30:00,19915.3,19933.7,-18.400000000001455,-0.18400000000001457,0.010672418167977633,52.57499999999982
2022-09-17 13:45:00,2022-09-17 14:00:00,19889.7,19901.0,-11.299999999999272,-0.11299999999999273,0.002196905185401776,10.900000000000546
2022-09-18 05:45:00,2022-09-18 06:00:00,20059.6,20075.8,-16.200000000000728,-0.16200000000000728,0.0024787606196900822,12.399999999999636
2022-09-22 08:45:00,2022-09-22 12:45:00,19195.0,19280.2,-85.20000000000073,-0.8520000000000073,0.015178760313094987,71.75
2022-09-22 18:45:00,2022-09-22 19:00:00,19185.6,19216.0,-30.400000000001455,-0.30400000000001454,0.011056187354419803,52.44999999999982
2022-09-23 03:15:00,2022-09-23 03:30:00,19398.3,19421.0,-22.700000000000728,-0.22700000000000728,0.005963709531044998,28.75
2022-09-24 08:45:00,2022-09-24 09:00:00,19072.3,19076.6,-4.299999999999272,-0.042999999999992725,0.0063157561495520795,29.925000000000182
2022-09-26 22:30:00,2022-09-26 23:30:00,19158.5,19196.0,-37.5,-0.375,0.003814374112555435,18.199999999999818
2022-09-27 01:15:00,2022-09-27 01:30:00,19700.0,19701.0,-1.0,-0.01,0.02123335959855672,102.39999999999964
2022-09-29 11:15:00,2022-09-29 12:30:00,19478.4,19188.799999999996,289.6000000000058,2.896000000000058,0.003730804905699343,18.100000000000364
2022-09-29 23:45:00,2022-09-30 00:30:00,19582.5,19621.0,-38.5,-0.385,0.007387249278508482,35.899999999999636
2022-09-30 07:15:00,2022-09-30 07:30:00,19562.1,19593.3,-31.200000000000728,-0.31200000000000727,0.008132218116602984,39.44999999999982
2022-10-02 16:15:00,2022-10-02 19:00:00,19191.5,19226.1,-34.599999999998545,-0.34599999999998543,0.003907557750251126,18.675000000000182
2022-10-03 17:15:00,2022-10-03 18:00:00,19506.6,19597.7,-91.10000000000218,-0.9110000000000218,0.006989757991244621,33.849999999999454
2022-10-04 03:30:00,2022-10-04 04:30:00,19608.5,19627.9,-19.400000000001455,-0.19400000000001455,0.003628900171976162,17.725000000000364
2022-10-04 06:30:00,2022-10-04 06:45:00,19819.8,19849.0,-29.200000000000728,-0.2920000000000073,0.011126585959381,54.524999999999636
2022-10-07 08:30:00,2022-10-07 09:15:00,19982.1,20011.3,-29.200000000000728,-0.2920000000000073,0.003283676512675183,16.349999999999454
2022-10-08 11:30:00,2022-10-08 21:30:00,19534.9,19371.299999999996,163.60000000000582,1.6360000000000583,0.0020980814609624222,10.225000000000364
2022-10-12 00:15:00,2022-10-12 00:45:00,19076.8,19121.0,-44.20000000000073,-0.4420000000000073,0.0019853983927726913,9.449999999999818
2022-10-12 09:15:00,2022-10-12 09:30:00,19184.5,19189.0,-4.5,-0.045,0.0037671680837148462,18.0
2022-10-12 21:00:00,2022-10-12 22:00:00,19179.8,19185.9,-6.100000000002183,-0.06100000000002183,0.0027080719364282347,12.949999999999818
2022-10-16 08:15:00,2022-10-16 19:30:00,19173.4,19189.0,-15.599999999998545,-0.15599999999998546,0.00259362678965489,12.400000000000546
2022-10-17 05:00:00,2022-10-17 05:45:00,19238.2,19256.6,-18.399999999997817,-0.18399999999997818,0.0034581861995941596,16.574999999999818
2022-10-18 23:00:00,2022-10-19 13:45:00,19359.1,19086.700000000004,272.3999999999942,2.723999999999942,0.0035301435902751824,17.024999999999636
2022-10-20 12:15:00,2022-10-20 14:15:00,19230.1,19271.8,-41.70000000000073,-0.4170000000000073,0.002575505586344493,12.349999999999454
2022-10-21 02:30:00,2022-10-21 08:30:00,19099.0,18934.199999999997,164.8000000000029,1.6480000000000292,0.0021618444941179323,10.300000000000182
2022-10-22 13:15:00,2022-10-23 17:45:00,19219.9,19251.0,-31.099999999998545,-0.31099999999998545,0.0032781579675422124,15.700000000000728
2022-10-25 03:15:00,2022-10-25 04:00:00,19348.0,19357.0,-9.0,-0.09,0.0029495466821488387,14.225000000000364
2022-10-28 13:30:00,2022-10-28 16:15:00,20536.4,20586.0,-49.599999999998545,-0.49599999999998545,0.01665849830939757,84.125
2022-10-29 02:30:00,2022-10-29 02:45:00,20724.9,20769.8,-44.89999999999782,-0.4489999999999782,0.0051360395751492045,26.475000000000364
2022-10-31 10:00:00,2022-11-04 13:15:00,20716.9,20839.7,-122.79999999999927,-1.2279999999999927,0.010565699038550763,54.150000000000546
2022-11-04 14:15:00,2022-11-04 14:30:00,21131.4,21250.4,-119.0,-1.19,0.018807885715938836,97.52500000000055
2022-11-05 03:15:00,2022-11-05 14:30:00,21392.0,21207.600000000006,184.39999999999418,1.843999999999942,0.0021596653221461048,11.524999999999636
2022-11-12 07:15:00,2022-11-12 08:30:00,16799.1,16868.6,-69.5,-0.6950000000000001,0.0033206916116701136,13.899999999999636
2022-11-14 23:15:00,2022-11-15 01:45:00,16634.6,16761.1,-126.5,-1.2650000000000001,0.017039722668883945,69.67499999999973
2022-11-21 04:15:00,2022-11-21 21:45:00,16189.7,15476.499999999996,713.2000000000044,7.132000000000044,0.011135815731291522,44.57500000000027
2022-11-23 23:30:00,2022-11-23 23:45:00,16609.9,16611.0,-1.0999999999985448,-0.010999999999985449,0.006367844505840858,26.275000000000546
2022-11-27 04:30:00,2022-11-28 01:00:00,16584.3,16327.499999999996,256.8000000000029,2.5680000000000294,0.0038861750231536573,16.050000000000182
2022-11-29 19:00:00,2022-11-29 20:00:00,16436.3,16472.5,-36.20000000000073,-0.36200000000000726,0.004805076508310981,19.649999999999636
2022-11-30 16:00:00,2022-11-30 16:15:00,16864.3,16880.1,-15.799999999999272,-0.15799999999999273,0.003343625989850175,14.050000000000182
2022-12-03 04:15:00,2022-12-03 06:00:00,17022.4,16960.4,62.0,0.62,0.0009113947868218193,3.875
2022-12-04 05:00:00,2022-12-04 16:30:00,17052.1,17076.9,-24.80000000000291,-0.2480000000000291,0.005608303355546296,23.774999999999636
2022-12-05 04:45:00,2022-12-07 08:00:00,17346.0,16716.0,630.0,6.3,0.00916310323762981,39.375
2022-12-08 18:15:00,2022-12-08 18:30:00,17005.5,17033.6,-28.099999999998545,-0.28099999999998543,0.004162976085031001,17.625
2022-12-09 11:45:00,2022-12-09 12:30:00,17231.9,17250.0,-18.099999999998545,-0.18099999999998545,0.001639182268930563,7.050000000000182
2022-12-11 03:30:00,2022-12-11 05:30:00,17160.8,17164.4,-3.600000000002183,-0.03600000000002183,0.0013186915778785721,5.649999999999636
2022-12-12 18:15:00,2022-12-12 18:45:00,17005.7,17019.0,-13.299999999999272,-0.13299999999999274,0.0007709238138955889,3.2750000000005457
2022-12-13 13:30:00,2022-12-14 15:15:00,17873.0,18101.0,-228.0,-2.2800000000000002,0.02619310091406003,114.05000000000018
2022-12-16 00:00:00,2022-12-16 00:30:00,17367.9,17385.0,-17.099999999998545,-0.17099999999998544,0.0018805558600083173,8.150000000000546
2022-12-16 07:00:00,2022-12-16 07:30:00,17462.3,17489.6,-27.299999999999272,-0.27299999999999275,0.004619721551029759,20.074999999999818
2022-12-17 23:00:00,2022-12-18 04:30:00,16736.2,16791.0,-54.79999999999927,-0.5479999999999927,0.0018737017282353843,7.824999999999818
2022-12-25 21:30:00,2022-12-25 21:45:00,16816.9,16822.7,-5.799999999999272,-0.057999999999992724,0.0033949880668258624,14.225000000000364
2022-12-26 02:00:00,2022-12-26 04:00:00,16856.5,16893.0,-36.5,-0.365,0.0015805203833652334,6.649999999999636
2022-12-29 19:00:00,2022-12-29 20:30:00,16629.8,16570.600000000002,59.19999999999709,0.5919999999999709,0.0008907613602166279,3.699999999999818
2023-01-01 06:15:00,2023-01-01 11:00:00,16540.3,16546.7,-6.400000000001455,-0.06400000000001456,0.0016229145850364412,6.699999999999818
2023-01-01 12:00:00,2023-01-01 16:00:00,16557.0,16566.9,-9.900000000001455,-0.09900000000001455,0.0010943895906014634,4.524999999999636
2023-01-02 15:30:00,2023-01-02 21:45:00,16737.4,16745.8,-8.399999999997817,-0.08399999999997818,0.002557697952044704,10.675000000000182
2023-01-03 06:00:00,2023-01-03 06:30:00,16730.3,16758.9,-28.600000000002183,-0.28600000000002185,0.002696984771025993,11.25
2023-01-03 20:00:00,2023-01-03 22:45:00,16656.6,16665.9,-9.30000000000291,-0.0930000000000291,0.0016717983257961654,6.949999999999818
2023-01-04 23:30:00,2023-01-05 00:15:00,16852.4,16861.9,-9.5,-0.095,0.0020037220474829046,8.425000000000182
2023-01-06 19:30:00,2023-01-06 19:45:00,16920.7,16934.0,-13.299999999999272,-0.13299999999999274,0.004696703401102163,19.775000000000546
2023-01-07 18:30:00,2023-01-07 19:15:00,16933.3,16934.3,-1.0,-0.01,0.0005968138413537951,2.524999999999636
2023-01-09 02:30:00,2023-01-09 02:45:00,17227.7,17244.9,-17.200000000000728,-0.17200000000000729,0.0035358536727442607,15.175000000000182
2023-01-09 13:30:00,2023-01-09 13:45:00,17260.4,17189.19999999999,71.20000000001164,0.7120000000001164,0.001032326911254852,4.450000000000728
2023-01-10 20:15:00,2023-01-11 00:45:00,17449.5,17486.4,-36.900000000001455,-0.36900000000001454,0.0018487366009657484,8.050000000000182
2023-01-12 17:30:00,2023-01-12 18:00:00,18648.1,18921.0,-272.90000000000146,-2.7290000000000147,0.02866772577833659,129.92499999999927
2023-01-12 20:45:00,2023-01-12 21:00:00,19042.2,19086.0,-43.79999999999927,-0.43799999999999273,0.010850523946533113,51.100000000000364
2023-01-13 15:00:00,2023-01-13 15:15:00,19122.9,19185.0,-62.099999999998545,-0.6209999999999855,0.010879045942560062,51.45000000000073
2023-01-14 20:45:00,2023-01-14 21:00:00,20895.0,20921.1,-26.099999999998545,-0.26099999999998547,0.005050505050505051,26.25
