Date_open,Date_close,Price_open,Price_close,Points,Usdt
2020-01-01 01:30:00,2020-01-01 02:00:00,7206.63,7207.3,-0.6700000000000728,-0.006700000000000728
2020-01-02 10:00:00,2020-01-02 10:30:00,7163.99,7159.06,4.9299999999993815,0.049299999999993814
2020-01-03 04:30:00,2020-01-03 05:00:00,7239.6,7167.16,72.44000000000051,0.7244000000000052
2020-01-03 16:15:00,2020-01-03 16:45:00,7364.14,7383.0,-18.859999999999673,-0.18859999999999674
2020-01-06 21:15:00,2020-01-06 21:45:00,7576.94,7575.15,1.7899999999999636,0.017899999999999635
2020-01-07 08:15:00,2020-01-07 08:45:00,7904.0,7888.0,16.0,0.16
2020-01-07 11:00:00,2020-01-07 11:30:00,7919.84,7930.73,-10.889999999999418,-0.10889999999999418
2020-01-07 18:30:00,2020-01-07 19:00:00,8075.8,8085.53,-9.729999999999563,-0.09729999999999564
2020-01-07 23:30:00,2020-01-08 00:00:00,8181.97,8239.65,-57.67999999999938,-0.5767999999999939
2020-01-08 05:00:00,2020-01-08 05:30:00,8348.36,8346.24,2.1200000000008004,0.021200000000008004
2020-01-09 19:45:00,2020-01-09 20:15:00,7921.34,7963.49,-42.149999999999636,-0.4214999999999964
2020-01-10 14:30:00,2020-01-10 15:00:00,7955.0,8037.56,-82.5600000000004,-0.825600000000004
2020-01-10 18:15:00,2020-01-10 18:45:00,8093.24,8026.36,66.88000000000011,0.6688000000000011
2020-01-10 23:45:00,2020-01-11 00:15:00,8207.09,8157.58,49.51000000000022,0.4951000000000022
2020-01-11 16:00:00,2020-01-11 16:30:00,8129.96,8150.82,-20.859999999999673,-0.20859999999999673
2020-01-14 14:15:00,2020-01-14 14:45:00,8688.3,8698.64,-10.340000000000146,-0.10340000000000146
2020-01-16 05:45:00,2020-01-16 06:15:00,8709.66,8717.9,-8.239999999999782,-0.08239999999999782
2020-01-17 16:15:00,2020-01-17 16:45:00,8893.02,8882.5,10.520000000000437,0.10520000000000437
2020-01-19 01:00:00,2020-01-19 01:30:00,9125.0,9161.02,-36.02000000000044,-0.36020000000000435
2020-01-19 21:15:00,2020-01-19 21:45:00,8739.99,8730.48,9.510000000000218,0.09510000000000218
2020-01-22 07:00:00,2020-01-22 07:30:00,8763.24,8726.26,36.97999999999956,0.36979999999999563
2020-01-23 15:30:00,2020-01-23 16:00:00,8395.88,8350.0,45.8799999999992,0.458799999999992
2020-01-26 08:15:00,2020-01-26 08:45:00,8466.95,8420.58,46.3700000000008,0.463700000000008
2020-01-26 17:00:00,2020-01-26 17:30:00,8588.0,8571.3,16.700000000000728,0.16700000000000728
2020-01-27 00:15:00,2020-01-27 00:45:00,8689.1,8666.36,22.73999999999978,0.22739999999999783
2020-01-28 14:15:00,2020-01-28 14:45:00,9189.65,9042.21,147.4400000000005,1.474400000000005
2020-01-29 06:15:00,2020-01-29 06:45:00,9377.67,9342.1,35.56999999999971,0.3556999999999971
2020-01-30 07:30:00,2020-01-30 08:00:00,9385.04,9398.37,-13.329999999999927,-0.13329999999999928
2020-01-31 16:00:00,2020-01-31 16:30:00,9350.0,9298.38,51.6200000000008,0.516200000000008
2020-02-05 05:00:00,2020-02-05 05:30:00,9246.54,9278.21,-31.669999999998254,-0.31669999999998255
2020-02-05 06:00:00,2020-02-05 06:30:00,9294.79,9285.07,9.720000000001164,0.09720000000001164
2020-02-05 16:00:00,2020-02-05 16:30:00,9561.05,9568.7,-7.650000000001455,-0.07650000000001456
2020-02-07 22:45:00,2020-02-07 23:15:00,9821.79,9813.05,8.7400000000016,0.087400000000016
2020-02-08 08:15:00,2020-02-08 08:45:00,9809.93,9818.06,-8.1299999999992,-0.081299999999992
2020-02-10 23:15:00,2020-02-10 23:45:00,9874.75,9865.56,9.19000000000051,0.09190000000000509
2020-02-11 08:45:00,2020-02-11 09:15:00,9804.28,9811.48,-7.199999999998909,-0.07199999999998909
2020-02-11 11:45:00,2020-02-11 12:15:00,9812.27,9869.38,-57.10999999999876,-0.5710999999999876
2020-02-11 15:30:00,2020-02-11 16:00:00,10163.64,10265.0,-101.36000000000058,-1.0136000000000058
2020-02-12 13:00:00,2020-02-12 13:30:00,10386.34,10368.74,17.600000000000364,0.17600000000000365
2020-02-12 16:45:00,2020-02-12 17:15:00,10355.37,10344.1,11.270000000000437,0.11270000000000437
2020-02-13 06:00:00,2020-02-13 06:30:00,10449.56,10451.72,-2.1599999999998545,-0.021599999999998544
2020-02-14 09:30:00,2020-02-14 10:00:00,10215.62,10248.16,-32.539999999999054,-0.32539999999999053
2020-02-14 14:15:00,2020-02-14 14:45:00,10320.68,10253.25,67.43000000000029,0.6743000000000029
2020-02-16 02:45:00,2020-02-16 03:15:00,10053.92,10038.76,15.159999999999854,0.15159999999999854
2020-02-17 20:00:00,2020-02-17 20:30:00,9682.84,9664.57,18.270000000000437,0.18270000000000436
2020-02-17 23:15:00,2020-02-17 23:45:00,9686.98,9716.0,-29.020000000000437,-0.2902000000000044
2020-02-18 15:00:00,2020-02-18 15:30:00,9751.54,9822.97,-71.42999999999847,-0.7142999999999847
2020-02-23 04:00:00,2020-02-23 04:30:00,9887.15,9881.0,6.149999999999636,0.06149999999999636
2020-02-23 14:15:00,2020-02-23 14:45:00,9896.65,9908.51,-11.860000000000582,-0.11860000000000583
2020-02-27 12:15:00,2020-02-27 12:45:00,8890.78,8789.82,100.96000000000095,1.0096000000000094
2020-02-27 16:30:00,2020-02-27 17:00:00,8970.36,8917.51,52.850000000000364,0.5285000000000036
2020-02-28 01:45:00,2020-02-28 02:15:00,8899.19,8877.22,21.970000000001164,0.21970000000001164
2020-03-01 12:00:00,2020-03-01 12:30:00,8715.13,8618.82,96.30999999999949,0.963099999999995
2020-03-02 06:15:00,2020-03-02 06:45:00,8688.48,8630.15,58.32999999999993,0.5832999999999993
2020-03-02 10:30:00,2020-03-02 11:00:00,8745.0,8725.47,19.530000000000655,0.19530000000000655
2020-03-02 13:00:00,2020-03-02 13:30:00,8778.8,8836.96,-58.159999999999854,-0.5815999999999986
2020-03-02 21:15:00,2020-03-02 21:45:00,8915.28,8938.66,-23.3799999999992,-0.23379999999999201
2020-03-05 00:30:00,2020-03-05 01:00:00,8849.21,8889.02,-39.81000000000131,-0.3981000000000131
2020-03-06 02:30:00,2020-03-06 03:00:00,9079.43,9069.39,10.040000000000873,0.10040000000000873
2020-03-06 05:30:00,2020-03-06 06:00:00,9110.45,9118.93,-8.479999999999563,-0.08479999999999564
2020-03-07 15:00:00,2020-03-07 15:30:00,9119.97,9108.17,11.799999999999272,0.11799999999999272
2020-03-10 10:30:00,2020-03-10 11:00:00,8030.0,8076.91,-46.909999999999854,-0.4690999999999986
2020-03-11 13:15:00,2020-03-11 13:45:00,7883.32,7854.03,29.289999999999964,0.29289999999999966
2020-03-12 22:00:00,2020-03-12 22:30:00,5879.23,5801.19,78.03999999999996,0.7803999999999996
2020-03-17 01:15:00,2020-03-17 01:45:00,5239.01,5185.2,53.8100000000004,0.538100000000004
2020-03-17 07:15:00,2020-03-17 07:45:00,5355.06,5341.38,13.680000000000291,0.13680000000000292
2020-03-18 03:15:00,2020-03-18 03:45:00,5397.03,5388.99,8.039999999999964,0.08039999999999964
2020-03-19 05:45:00,2020-03-19 06:15:00,5362.6,5386.98,-24.3799999999992,-0.243799999999992
2020-03-19 12:15:00,2020-03-19 12:45:00,5721.08,5842.76,-121.68000000000029,-1.216800000000003
2020-03-19 16:15:00,2020-03-19 16:45:00,6222.08,6157.25,64.82999999999993,0.6482999999999993
2020-03-22 03:45:00,2020-03-22 04:15:00,6348.31,6325.56,22.75,0.2275
2020-03-23 16:15:00,2020-03-23 16:45:00,6257.79,6373.88,-116.09000000000015,-1.1609000000000014
2020-03-24 00:15:00,2020-03-24 00:45:00,6593.51,6574.14,19.36999999999989,0.1936999999999989
2020-03-24 08:15:00,2020-03-24 08:45:00,6757.65,6714.13,43.51999999999953,0.43519999999999526
2020-03-25 09:15:00,2020-03-25 09:45:00,6890.21,6865.71,24.5,0.245
2020-03-25 19:00:00,2020-03-25 19:30:00,6648.8,6602.89,45.909999999999854,0.45909999999999856
2020-03-30 20:15:00,2020-03-30 20:45:00,6434.83,6458.74,-23.909999999999854,-0.23909999999999854
2020-03-31 08:30:00,2020-03-31 09:00:00,6491.99,6462.95,29.039999999999964,0.29039999999999966
2020-04-01 20:15:00,2020-04-01 20:45:00,6253.83,6329.66,-75.82999999999993,-0.7582999999999993
2020-04-01 22:30:00,2020-04-01 23:00:00,6559.01,6523.0,36.01000000000022,0.3601000000000022
2020-04-02 06:45:00,2020-04-02 07:15:00,6635.0,6669.47,-34.470000000000255,-0.34470000000000256
2020-04-03 07:30:00,2020-04-03 08:00:00,6924.93,6912.43,12.5,0.125
2020-04-04 08:15:00,2020-04-04 08:45:00,6748.93,6776.44,-27.50999999999931,-0.2750999999999931
2020-04-05 05:30:00,2020-04-05 06:00:00,6816.52,6784.77,31.75,0.3175
2020-04-06 21:30:00,2020-04-06 22:00:00,7263.58,7269.2,-5.619999999999891,-0.05619999999999891
2020-04-07 00:15:00,2020-04-07 00:45:00,7410.0,7362.37,47.63000000000011,0.4763000000000011
2020-04-08 20:15:00,2020-04-08 20:45:00,7346.23,7313.68,32.54999999999927,0.32549999999999274
2020-04-09 08:00:00,2020-04-09 08:30:00,7336.51,7320.99,15.520000000000437,0.15520000000000436
2020-04-12 16:00:00,2020-04-12 16:30:00,7035.4,7080.26,-44.86000000000058,-0.4486000000000058
2020-04-14 04:00:00,2020-04-14 04:30:00,6906.35,6881.04,25.3100000000004,0.253100000000004
2020-04-14 16:30:00,2020-04-14 17:00:00,6942.41,6939.86,2.550000000000182,0.02550000000000182
2020-04-15 04:00:00,2020-04-15 04:30:00,6906.56,6910.76,-4.199999999999818,-0.041999999999998185
2020-04-17 09:30:00,2020-04-17 10:00:00,7105.6,7088.79,16.8100000000004,0.168100000000004
2020-04-22 05:45:00,2020-04-22 06:15:00,6896.19,6899.49,-3.300000000000182,-0.03300000000000182
2020-04-22 13:15:00,2020-04-22 13:45:00,7041.47,7056.18,-14.710000000000036,-0.14710000000000037
2020-04-23 01:15:00,2020-04-23 01:45:00,7129.43,7164.77,-35.340000000000146,-0.35340000000000144
2020-04-24 09:15:00,2020-04-24 09:45:00,7603.22,7579.34,23.88000000000011,0.2388000000000011
2020-04-24 20:00:00,2020-04-24 20:30:00,7528.97,7527.96,1.0100000000002183,0.010100000000002184
2020-04-25 05:00:00,2020-04-25 05:30:00,7530.8,7528.28,2.5200000000004366,0.025200000000004365
2020-04-26 23:30:00,2020-04-27 00:00:00,7666.89,7723.99,-57.099999999999454,-0.5709999999999945
2020-04-28 09:30:00,2020-04-28 10:00:00,7730.26,7731.0,-0.7399999999997817,-0.007399999999997817
2020-04-28 16:15:00,2020-04-28 16:45:00,7731.32,7723.15,8.170000000000073,0.08170000000000073
2020-04-29 02:00:00,2020-04-29 02:30:00,7759.94,7781.68,-21.74000000000069,-0.21740000000000692
2020-04-29 13:00:00,2020-04-29 13:30:00,8304.51,8286.68,17.829999999999927,0.17829999999999926
2020-04-30 05:30:00,2020-04-30 06:00:00,9293.45,9414.89,-121.43999999999869,-1.2143999999999868
2020-05-01 04:30:00,2020-05-01 05:00:00,8757.25,8779.32,-22.06999999999971,-0.2206999999999971
2020-05-01 10:00:00,2020-05-01 10:30:00,8868.9,8834.16,34.73999999999978,0.3473999999999978
2020-05-06 22:00:00,2020-05-06 22:30:00,9329.0,9324.45,4.549999999999272,0.04549999999999273
2020-05-07 12:45:00,2020-05-07 13:15:00,9375.83,9457.35,-81.52000000000044,-0.8152000000000044
2020-05-09 16:15:00,2020-05-09 16:45:00,9756.6,9767.85,-11.25,-0.1125
2020-05-10 07:00:00,2020-05-10 07:30:00,8640.49,8739.58,-99.09000000000015,-0.9909000000000014
2020-05-13 20:00:00,2020-05-13 20:30:00,9242.0,9297.26,-55.26000000000022,-0.5526000000000022
2020-05-14 09:00:00,2020-05-14 09:30:00,9685.51,9707.66,-22.149999999999636,-0.22149999999999637
2020-05-19 22:45:00,2020-05-19 23:15:00,9754.14,9732.94,21.19999999999891,0.21199999999998909
2020-05-20 06:15:00,2020-05-20 06:45:00,9797.5,9722.61,74.88999999999942,0.7488999999999942
2020-05-22 10:00:00,2020-05-22 10:30:00,9160.86,9162.29,-1.430000000000291,-0.014300000000002911
2020-05-23 14:30:00,2020-05-23 15:00:00,9207.5,9199.86,7.639999999999418,0.07639999999999418
2020-05-27 23:30:00,2020-05-28 00:00:00,9180.44,9183.99,-3.5499999999992724,-0.035499999999992725
2020-05-30 04:15:00,2020-05-30 04:45:00,9491.71,9511.94,-20.230000000001382,-0.20230000000001383
2020-05-30 22:15:00,2020-05-30 22:45:00,9548.88,9725.14,-176.26000000000022,-1.7626000000000022
2020-06-05 01:15:00,2020-06-05 01:45:00,9812.2,9823.03,-10.829999999999927,-0.10829999999999927
2020-06-06 12:00:00,2020-06-06 12:30:00,9715.69,9657.81,57.88000000000102,0.5788000000000102
2020-06-07 18:30:00,2020-06-07 19:00:00,9524.39,9526.22,-1.8299999999999272,-0.01829999999999927
2020-06-07 19:45:00,2020-06-07 20:15:00,9771.75,9730.42,41.32999999999993,0.4132999999999993
2020-06-08 23:30:00,2020-06-09 00:00:00,9786.85,9863.78,-76.93000000000029,-0.769300000000003
2020-06-09 21:00:00,2020-06-09 21:30:00,9795.01,9776.01,19.0,0.19
2020-06-10 22:15:00,2020-06-10 22:45:00,9878.87,9891.99,-13.119999999998981,-0.13119999999998982
2020-06-12 13:45:00,2020-06-12 14:15:00,9536.9,9480.73,56.17000000000007,0.5617000000000008
2020-06-16 02:45:00,2020-06-16 03:15:00,9451.81,9538.12,-86.31000000000131,-0.8631000000000131
2020-06-17 07:45:00,2020-06-17 08:15:00,9508.72,9498.0,10.719999999999345,0.10719999999999345
2020-06-18 05:45:00,2020-06-18 06:15:00,9420.86,9414.87,5.989999999999782,0.059899999999997816
2020-06-18 23:30:00,2020-06-19 00:00:00,9399.5,9368.05,31.450000000000728,0.3145000000000073
2020-06-19 22:00:00,2020-06-19 22:30:00,9335.27,9332.23,3.040000000000873,0.030400000000008733
2020-06-20 03:15:00,2020-06-20 03:45:00,9337.1,9323.94,13.159999999999854,0.13159999999999855
2020-06-20 22:15:00,2020-06-20 22:45:00,9381.0,9371.55,9.450000000000728,0.09450000000000727
2020-06-22 16:00:00,2020-06-22 16:30:00,9522.29,9559.99,-37.69999999999891,-0.3769999999999891
2020-06-22 21:00:00,2020-06-22 21:30:00,9704.23,9702.44,1.7899999999990541,0.01789999999999054
2020-06-23 11:30:00,2020-06-23 12:00:00,9637.48,9639.29,-1.8100000000013097,-0.0181000000000131
2020-06-23 15:45:00,2020-06-23 16:15:00,9695.89,9667.0,28.889999999999418,0.28889999999999416
2020-06-24 13:00:00,2020-06-24 13:30:00,9424.32,9403.28,21.039999999999054,0.21039999999999054
2020-06-28 06:30:00,2020-06-28 07:00:00,8998.0,8999.0,-1.0,-0.01
2020-06-29 20:00:00,2020-06-29 20:30:00,9157.25,9167.25,-10.0,-0.1
2020-06-30 09:30:00,2020-06-30 10:00:00,9162.88,9165.0,-2.1200000000008004,-0.021200000000008004
2020-07-01 08:30:00,2020-07-01 09:00:00,9175.11,9180.72,-5.609999999998763,-0.05609999999998763
2020-07-02 21:45:00,2020-07-02 22:15:00,9125.76,9114.26,11.5,0.115
2020-07-03 12:00:00,2020-07-03 12:30:00,9103.44,9099.26,4.180000000000291,0.04180000000000291
2020-07-06 06:00:00,2020-07-06 06:30:00,9146.37,9195.5,-49.1299999999992,-0.491299999999992
2020-07-08 13:30:00,2020-07-08 14:00:00,9327.14,9435.3,-108.15999999999985,-1.0815999999999986
2020-07-08 22:15:00,2020-07-08 22:45:00,9437.97,9448.82,-10.850000000000364,-0.10850000000000364
2020-07-10 23:30:00,2020-07-11 00:00:00,9289.6,9277.51,12.090000000000146,0.12090000000000146
2020-07-13 08:15:00,2020-07-13 08:45:00,9278.5,9281.71,-3.209999999999127,-0.03209999999999127
2020-07-17 18:30:00,2020-07-17 19:00:00,9162.58,9154.51,8.069999999999709,0.0806999999999971
2020-07-24 21:00:00,2020-07-24 21:30:00,9620.18,9614.73,5.450000000000728,0.05450000000000728
2020-07-25 03:30:00,2020-07-25 04:00:00,9600.88,9576.57,24.30999999999949,0.2430999999999949
2020-07-25 11:30:00,2020-07-25 12:00:00,9593.42,9590.39,3.030000000000655,0.030300000000006547
2020-07-25 17:00:00,2020-07-25 17:30:00,9630.84,9677.65,-46.80999999999949,-0.4680999999999949
2020-07-26 08:45:00,2020-07-26 09:15:00,9775.0,9762.86,12.139999999999418,0.12139999999999418
2020-07-27 05:45:00,2020-07-27 06:15:00,10300.0,10236.01,63.98999999999978,0.6398999999999978
2020-07-27 16:30:00,2020-07-27 17:00:00,10456.07,10766.51,-310.4400000000005,-3.1044000000000054
2020-07-27 22:00:00,2020-07-27 22:30:00,11278.42,11251.8,26.6200000000008,0.266200000000008
2020-07-31 15:00:00,2020-07-31 15:30:00,11254.65,11320.01,-65.36000000000058,-0.6536000000000058
2020-08-01 05:30:00,2020-08-01 06:00:00,11554.99,11659.55,-104.55999999999949,-1.045599999999995
2020-08-01 16:30:00,2020-08-01 17:00:00,11693.02,11694.47,-1.4499999999989086,-0.014499999999989086
2020-08-01 19:30:00,2020-08-01 20:00:00,11852.49,11813.51,38.97999999999956,0.38979999999999565
2020-08-02 00:00:00,2020-08-02 00:30:00,11869.0,11780.02,88.97999999999956,0.8897999999999957
2020-08-04 07:30:00,2020-08-04 08:00:00,11313.72,11295.74,17.979999999999563,0.17979999999999563
2020-08-05 04:00:00,2020-08-05 04:30:00,11263.77,11259.81,3.960000000000946,0.03960000000000946
2020-08-05 06:00:00,2020-08-05 06:30:00,11319.99,11294.06,25.93000000000029,0.2593000000000029
2020-08-06 12:30:00,2020-08-06 13:00:00,11779.99,11750.97,29.020000000000437,0.2902000000000044
2020-08-07 00:15:00,2020-08-07 00:45:00,11815.66,11797.72,17.94000000000051,0.17940000000000508
2020-08-08 21:00:00,2020-08-08 21:30:00,11739.99,11788.54,-48.55000000000109,-0.4855000000000109
2020-08-11 01:30:00,2020-08-11 02:00:00,11929.17,11907.48,21.69000000000051,0.2169000000000051
2020-08-12 03:45:00,2020-08-12 04:15:00,11386.45,11327.67,58.780000000000655,0.5878000000000065
2020-08-12 07:45:00,2020-08-12 08:15:00,11450.69,11475.01,-24.31999999999971,-0.24319999999999709
2020-08-12 19:15:00,2020-08-12 19:45:00,11565.88,11574.18,-8.300000000001091,-0.08300000000001091
2020-08-13 11:15:00,2020-08-13 11:45:00,11590.73,11561.48,29.25,0.2925
2020-08-14 16:15:00,2020-08-14 16:45:00,11849.09,11818.28,30.80999999999949,0.30809999999999493
2020-08-15 00:30:00,2020-08-15 01:00:00,11955.75,11919.54,36.20999999999913,0.36209999999999126
2020-08-15 21:30:00,2020-08-15 22:00:00,11974.96,11978.44,-3.4800000000013824,-0.03480000000001383
2020-08-16 15:45:00,2020-08-16 16:15:00,11867.06,11879.64,-12.579999999999927,-0.12579999999999927
2020-08-16 21:30:00,2020-08-16 22:00:00,11885.65,11846.09,39.55999999999949,0.3955999999999949
2020-08-20 18:45:00,2020-08-20 19:15:00,11867.46,11857.72,9.739999999999782,0.09739999999999782
2020-08-22 12:00:00,2020-08-22 12:30:00,11590.91,11604.85,-13.94000000000051,-0.1394000000000051
2020-08-24 06:30:00,2020-08-24 07:00:00,11732.31,11761.85,-29.540000000000873,-0.2954000000000087
2020-08-26 10:15:00,2020-08-26 10:45:00,11433.56,11398.76,34.79999999999927,0.3479999999999927
2020-08-26 14:00:00,2020-08-26 14:30:00,11467.28,11467.63,-0.3499999999985448,-0.0034999999999854483
2020-08-27 13:15:00,2020-08-27 13:45:00,11550.5,11407.79,142.70999999999913,1.4270999999999914
2020-08-28 06:00:00,2020-08-28 06:30:00,11403.71,11436.04,-32.330000000001746,-0.32330000000001746
2020-08-28 23:30:00,2020-08-29 00:00:00,11529.99,11498.22,31.770000000000437,0.31770000000000437
2020-08-30 01:30:00,2020-08-30 02:00:00,11619.88,11624.31,-4.430000000000291,-0.04430000000000291
2020-09-01 03:30:00,2020-09-01 04:00:00,11692.1,11716.91,-24.80999999999949,-0.2480999999999949
2020-09-01 15:00:00,2020-09-01 15:30:00,11929.78,11978.09,-48.30999999999949,-0.4830999999999949
2020-09-06 21:30:00,2020-09-06 22:00:00,10336.39,10298.02,38.36999999999898,0.3836999999999898
2020-09-10 14:00:00,2020-09-10 14:30:00,10447.07,10417.37,29.69999999999891,0.2969999999999891
2020-09-11 22:00:00,2020-09-11 22:30:00,10378.57,10370.54,8.029999999998836,0.08029999999998837
2020-09-12 18:00:00,2020-09-12 18:30:00,10430.7,10446.68,-15.979999999999563,-0.15979999999999564
2020-09-13 19:30:00,2020-09-13 20:00:00,10308.44,10309.0,-0.5599999999994907,-0.005599999999994907
2020-09-14 02:00:00,2020-09-14 02:30:00,10354.85,10353.99,0.8600000000005821,0.008600000000005822
2020-09-14 07:45:00,2020-09-14 08:15:00,10395.81,10421.79,-25.980000000001382,-0.25980000000001385
2020-09-15 12:30:00,2020-09-15 13:00:00,10914.37,10881.62,32.75,0.3275
2020-09-15 20:15:00,2020-09-15 20:45:00,10823.1,10851.55,-28.44999999999891,-0.2844999999999891
2020-09-16 06:45:00,2020-09-16 07:15:00,10831.1,10832.72,-1.6199999999989814,-0.016199999999989813
2020-09-16 15:30:00,2020-09-16 16:00:00,10973.62,10993.27,-19.649999999999636,-0.19649999999999637
2020-09-18 06:45:00,2020-09-18 07:15:00,10960.99,10942.79,18.19999999999891,0.1819999999999891
2020-09-18 09:30:00,2020-09-18 10:00:00,11009.18,11001.79,7.389999999999418,0.07389999999999418
2020-09-19 23:45:00,2020-09-20 00:15:00,11073.74,11044.92,28.81999999999971,0.28819999999999707
2020-09-21 04:15:00,2020-09-21 04:45:00,10974.01,10950.36,23.649999999999636,0.23649999999999638
2020-09-23 12:30:00,2020-09-23 13:00:00,10509.25,10494.91,14.340000000000146,0.14340000000000147
2020-09-26 05:00:00,2020-09-26 05:30:00,10729.71,10720.72,8.989999999999782,0.08989999999999781
2020-09-28 00:00:00,2020-09-28 00:30:00,10845.75,10916.71,-70.95999999999913,-0.7095999999999912
2020-09-28 08:30:00,2020-09-28 09:00:00,10886.8,10871.58,15.219999999999345,0.15219999999999345
2020-10-03 15:15:00,2020-10-03 15:45:00,10541.97,10536.95,5.019999999998618,0.05019999999998618
2020-10-04 04:15:00,2020-10-04 04:45:00,10567.0,10561.49,5.510000000000218,0.05510000000000218
2020-10-05 13:00:00,2020-10-05 13:30:00,10696.14,10704.13,-7.989999999999782,-0.07989999999999782
2020-10-07 05:15:00,2020-10-07 05:45:00,10595.8,10601.29,-5.490000000001601,-0.054900000000016005
2020-10-09 10:30:00,2020-10-09 11:00:00,10982.59,11036.99,-54.399999999999636,-0.5439999999999964
2020-10-12 15:30:00,2020-10-12 16:00:00,11559.08,11569.99,-10.909999999999854,-0.10909999999999855
2020-10-12 21:30:00,2020-10-12 22:00:00,11679.99,11695.75,-15.760000000000218,-0.15760000000000218
2020-10-13 05:15:00,2020-10-13 05:45:00,11514.56,11507.06,7.5,0.075
2020-10-18 14:00:00,2020-10-18 14:30:00,11444.99,11432.0,12.989999999999782,0.12989999999999782
2020-10-19 15:30:00,2020-10-19 16:00:00,11734.02,11764.94,-30.920000000000073,-0.30920000000000075
2020-10-20 06:15:00,2020-10-20 06:45:00,11769.81,11784.1,-14.290000000000873,-0.14290000000000874
2020-10-20 11:00:00,2020-10-20 11:30:00,11905.0,11787.87,117.1299999999992,1.171299999999992
2020-10-20 15:15:00,2020-10-20 15:45:00,11963.23,11920.79,42.43999999999869,0.4243999999999869
2020-10-21 02:45:00,2020-10-21 03:15:00,12115.48,12206.52,-91.04000000000087,-0.9104000000000088
2020-10-21 12:45:00,2020-10-21 13:15:00,12401.27,12377.87,23.399999999999636,0.23399999999999638
2020-10-22 20:30:00,2020-10-22 21:00:00,13154.02,13107.81,46.210000000000946,0.46210000000000945
2020-10-23 18:30:00,2020-10-23 19:00:00,12863.85,12870.47,-6.619999999998981,-0.06619999999998981
2020-10-24 02:15:00,2020-10-24 02:45:00,12980.32,12990.13,-9.80999999999949,-0.09809999999999491
2020-10-25 03:30:00,2020-10-25 04:00:00,13312.37,13326.36,-13.989999999999782,-0.13989999999999783
2020-10-26 11:00:00,2020-10-26 11:30:00,13162.53,13134.0,28.530000000000655,0.28530000000000655
2020-10-27 15:15:00,2020-10-27 15:45:00,13444.98,13605.24,-160.26000000000022,-1.6026000000000022
2020-10-28 02:30:00,2020-10-28 03:00:00,13798.99,13777.32,21.670000000000073,0.21670000000000073
2020-10-29 14:30:00,2020-10-29 15:00:00,13450.57,13410.0,40.56999999999971,0.4056999999999971
2020-10-31 06:30:00,2020-10-31 07:00:00,13550.0,13580.54,-30.540000000000873,-0.3054000000000087
2020-11-02 20:15:00,2020-11-02 20:45:00,13659.41,13652.3,7.110000000000582,0.07110000000000583
2020-11-06 13:45:00,2020-11-06 14:15:00,15699.99,15517.92,182.0699999999997,1.820699999999997
2020-11-08 15:00:00,2020-11-08 15:30:00,15413.33,15354.62,58.70999999999913,0.5870999999999913
2020-11-08 17:00:00,2020-11-08 17:30:00,15441.2,15608.14,-166.9399999999987,-1.669399999999987
2020-11-08 22:15:00,2020-11-08 22:45:00,15433.99,15497.67,-63.68000000000029,-0.6368000000000029
2020-11-10 21:30:00,2020-11-10 22:00:00,15363.2,15345.94,17.26000000000022,0.1726000000000022
2020-11-11 00:45:00,2020-11-11 01:15:00,15476.99,15462.91,14.079999999999927,0.1407999999999993
2020-11-12 09:45:00,2020-11-12 10:15:00,16061.21,15937.5,123.70999999999913,1.2370999999999912
2020-11-15 05:30:00,2020-11-15 06:00:00,16005.11,15995.56,9.550000000001091,0.09550000000001091
2020-11-16 05:15:00,2020-11-16 05:45:00,16115.53,16101.83,13.700000000000728,0.13700000000000728
2020-11-18 03:45:00,2020-11-18 04:15:00,18071.58,18196.0,-124.41999999999825,-1.2441999999999827
2020-11-19 02:00:00,2020-11-19 02:30:00,17959.0,17970.83,-11.830000000001746,-0.11830000000001746
2020-11-19 18:00:00,2020-11-19 18:30:00,18039.86,17998.46,41.400000000001455,0.4140000000000146
2020-11-20 04:30:00,2020-11-20 05:00:00,18210.6,18091.28,119.31999999999971,1.1931999999999972
2020-11-20 14:30:00,2020-11-20 15:00:00,18563.51,18601.97,-38.460000000002765,-0.38460000000002764
2020-11-22 22:30:00,2020-11-22 23:00:00,18671.33,18457.23,214.10000000000218,2.1410000000000218
2020-11-24 14:45:00,2020-11-24 15:15:00,19400.0,19339.01,60.9900000000016,0.609900000000016
2020-11-25 10:15:00,2020-11-25 10:45:00,19361.67,19309.82,51.849999999998545,0.5184999999999854
2020-11-28 10:30:00,2020-11-28 11:00:00,17219.99,17132.01,87.9800000000032,0.879800000000032
2020-11-28 13:30:00,2020-11-28 14:00:00,17297.02,17366.71,-69.68999999999869,-0.6968999999999869
2020-11-30 23:45:00,2020-12-01 00:15:00,19720.0,19700.0,20.0,0.2
2020-12-03 20:00:00,2020-12-03 20:30:00,19439.74,19336.6,103.14000000000306,1.0314000000000305
2020-12-06 00:00:00,2020-12-06 00:30:00,19215.78,19209.38,6.399999999997817,0.06399999999997817
2020-12-11 22:00:00,2020-12-11 22:30:00,18148.45,18127.73,20.720000000001164,0.20720000000001165
2020-12-12 09:15:00,2020-12-12 09:45:00,18452.15,18426.99,25.159999999999854,0.25159999999999855
2020-12-12 18:00:00,2020-12-12 18:30:00,18572.47,18677.97,-105.5,-1.055
2020-12-14 03:00:00,2020-12-14 03:30:00,19317.63,19254.25,63.38000000000102,0.6338000000000102
2020-12-14 15:00:00,2020-12-14 15:30:00,19283.03,19236.75,46.279999999998836,0.4627999999999884
2020-12-16 12:30:00,2020-12-16 13:00:00,19851.99,19825.92,26.070000000003347,0.26070000000003346
2020-12-16 20:15:00,2020-12-16 20:45:00,20802.99,20804.2,-1.2099999999991269,-0.012099999999991269
2020-12-17 05:30:00,2020-12-17 06:00:00,22097.53,22111.0,-13.470000000001164,-0.13470000000001164
2020-12-17 08:00:00,2020-12-17 08:30:00,22679.7,22733.03,-53.32999999999811,-0.5332999999999811
2020-12-19 14:00:00,2020-12-19 14:30:00,23567.25,23355.0,212.25,2.1225
2020-12-20 15:30:00,2020-12-20 16:00:00,23784.27,23849.99,-65.72000000000116,-0.6572000000000117
2020-12-20 20:00:00,2020-12-20 20:30:00,24090.99,24289.61,-198.61999999999898,-1.9861999999999898
2020-12-23 10:00:00,2020-12-23 10:30:00,23730.23,23573.18,157.04999999999927,1.5704999999999927
2020-12-24 08:00:00,2020-12-24 08:30:00,23307.1,23314.04,-6.940000000002328,-0.06940000000002329
2020-12-25 08:00:00,2020-12-25 08:30:00,23874.97,23704.97,170.0,1.7
2020-12-25 22:15:00,2020-12-25 22:45:00,24530.61,24608.02,-77.40999999999985,-0.7740999999999986
2020-12-26 14:00:00,2020-12-26 14:30:00,25244.98,25296.53,-51.54999999999927,-0.5154999999999927
2020-12-26 16:00:00,2020-12-26 16:30:00,25727.79,25795.07,-67.27999999999884,-0.6727999999999884
2020-12-30 02:45:00,2020-12-30 03:15:00,28047.22,28016.62,30.600000000002183,0.3060000000000218
2020-12-31 03:15:00,2020-12-31 03:45:00,28964.62,29060.01,-95.38999999999942,-0.9538999999999942
2021-01-01 09:30:00,2021-01-01 10:00:00,29249.99,29306.43,-56.43999999999869,-0.5643999999999869
2021-01-02 05:30:00,2021-01-02 06:00:00,29523.32,29683.19,-159.86999999999898,-1.5986999999999898
2021-01-02 12:15:00,2021-01-02 12:45:00,30336.94,30660.12,-323.1800000000003,-3.231800000000003
2021-01-05 18:00:00,2021-01-05 18:30:00,33197.82,33356.48,-158.6600000000035,-1.5866000000000349
2021-01-05 19:15:00,2021-01-05 19:45:00,33879.11,33747.0,132.11000000000058,1.321100000000006
2021-01-06 04:00:00,2021-01-06 04:30:00,34691.0,35314.15,-623.1500000000015,-6.231500000000015
2021-01-07 12:00:00,2021-01-07 12:30:00,37929.97,37992.62,-62.650000000001455,-0.6265000000000146
2021-01-07 16:00:00,2021-01-07 16:30:00,39134.85,39260.56,-125.70999999999913,-1.2570999999999912
2021-01-09 09:00:00,2021-01-09 09:30:00,40684.62,40466.22,218.40000000000146,2.184000000000015
2021-01-13 06:00:00,2021-01-13 06:30:00,33564.31,34000.0,-435.6900000000023,-4.3569000000000235
2021-01-14 13:30:00,2021-01-14 14:00:00,38732.91,39284.0,-551.0899999999965,-5.510899999999965
2021-01-17 21:00:00,2021-01-17 21:30:00,36549.01,36672.16,-123.15000000000146,-1.2315000000000145
2021-01-22 04:00:00,2021-01-22 04:30:00,31378.21,30881.36,496.84999999999854,4.9684999999999855
2021-01-25 00:15:00,2021-01-25 00:45:00,32712.13,32590.11,122.02000000000044,1.2202000000000044
2021-01-25 12:30:00,2021-01-25 13:00:00,34027.04,34290.16,-263.1200000000026,-2.6312000000000264
2021-01-26 10:15:00,2021-01-26 10:45:00,32319.71,32252.0,67.70999999999913,0.6770999999999913
2021-01-26 22:45:00,2021-01-26 23:15:00,32782.26,32729.87,52.390000000003056,0.5239000000000306
2021-01-27 20:15:00,2021-01-27 20:45:00,31397.4,31533.14,-135.73999999999796,-1.3573999999999797
2021-01-28 14:00:00,2021-01-28 14:30:00,31973.3,31787.64,185.65999999999985,1.8565999999999985
2021-01-28 23:15:00,2021-01-28 23:45:00,33580.93,33399.75,181.1800000000003,1.811800000000003
2021-02-01 01:30:00,2021-02-01 02:00:00,33497.98,33456.17,41.81000000000495,0.4181000000000495
2021-02-01 09:00:00,2021-02-01 09:30:00,34621.76,34393.93,227.83000000000175,2.2783000000000175
2021-02-02 00:15:00,2021-02-02 00:45:00,34028.23,33794.57,233.6600000000035,2.336600000000035
2021-02-02 19:00:00,2021-02-02 19:30:00,35328.53,35455.16,-126.63000000000466,-1.2663000000000466
2021-02-04 20:00:00,2021-02-04 20:30:00,37741.59,37480.42,261.16999999999825,2.6116999999999826
2021-02-06 11:00:00,2021-02-06 11:30:00,40347.35,40452.66,-105.31000000000495,-1.0531000000000494
2021-02-06 14:30:00,2021-02-06 15:00:00,40551.75,40501.85,49.900000000001455,0.49900000000001454
2021-02-09 06:45:00,2021-02-09 07:15:00,48209.97,47713.26,496.7099999999991,4.967099999999991
2021-02-11 13:00:00,2021-02-11 13:30:00,47422.07,48002.95,-580.8799999999974,-5.808799999999974
2021-02-12 00:00:00,2021-02-12 00:30:00,48610.26,48681.02,-70.75999999999476,-0.7075999999999476
2021-02-13 02:45:00,2021-02-13 03:15:00,47962.96,47965.4,-2.4400000000023283,-0.024400000000023285
2021-02-13 23:00:00,2021-02-13 23:30:00,47315.8,47207.09,108.7100000000064,1.0871000000000641
2021-02-15 16:15:00,2021-02-15 16:45:00,48503.77,48555.41,-51.640000000006694,-0.5164000000000669
2021-02-17 06:30:00,2021-02-17 07:00:00,50219.66,50593.86,-374.1999999999971,-3.741999999999971
2021-02-17 19:30:00,2021-02-17 20:00:00,52366.35,52319.87,46.479999999995925,0.46479999999995925
2021-02-21 05:00:00,2021-02-21 05:30:00,56888.4,56721.15,167.25,1.6725
2021-02-21 10:15:00,2021-02-21 10:45:00,57577.1,57676.76,-99.66000000000349,-0.9966000000000349
2021-02-22 21:45:00,2021-02-22 22:15:00,54899.99,54352.63,547.3600000000006,5.473600000000006
2021-02-26 14:30:00,2021-02-26 15:00:00,47385.6,46600.0,785.5999999999985,7.855999999999986
2021-03-01 08:15:00,2021-03-01 08:45:00,46897.86,47020.99,-123.12999999999738,-1.2312999999999739
2021-03-01 11:00:00,2021-03-01 11:30:00,47744.01,47745.12,-1.110000000000582,-0.01110000000000582
2021-03-01 15:30:00,2021-03-01 16:00:00,49170.41,48900.0,270.4100000000035,2.704100000000035
2021-03-02 14:15:00,2021-03-02 14:45:00,49565.88,48920.06,645.8199999999997,6.458199999999997
2021-03-04 01:15:00,2021-03-04 01:45:00,51538.08,51472.6,65.4800000000032,0.654800000000032
2021-03-09 01:30:00,2021-03-09 02:00:00,53385.14,53481.71,-96.56999999999971,-0.9656999999999971
2021-03-09 13:45:00,2021-03-09 14:15:00,54812.39,54612.53,199.86000000000058,1.998600000000006
2021-03-09 20:30:00,2021-03-09 21:00:00,54470.2,54285.82,184.37999999999738,1.843799999999974
2021-03-11 13:00:00,2021-03-11 13:30:00,56762.1,56704.0,58.099999999998545,0.5809999999999854
2021-03-13 08:00:00,2021-03-13 08:30:00,57640.81,57342.0,298.8099999999977,2.9880999999999767
2021-03-13 10:00:00,2021-03-13 10:30:00,59426.74,59466.29,-39.55000000000291,-0.3955000000000291
2021-03-17 17:45:00,2021-03-17 18:15:00,55579.99,56572.51,-992.5200000000041,-9.925200000000041
2021-03-18 00:00:00,2021-03-18 00:30:00,59325.11,59110.92,214.19000000000233,2.1419000000000232
2021-03-18 05:15:00,2021-03-18 05:45:00,59042.01,59014.31,27.700000000004366,0.27700000000004366
2021-03-18 15:30:00,2021-03-18 16:00:00,59026.87,59699.99,-673.1199999999953,-6.731199999999953
2021-03-20 11:45:00,2021-03-20 12:15:00,59338.99,58954.29,384.6999999999971,3.846999999999971
2021-03-20 13:15:00,2021-03-20 13:45:00,59785.04,59079.98,705.0599999999977,7.050599999999977
2021-03-23 07:45:00,2021-03-23 08:15:00,54196.11,53972.51,223.59999999999854,2.2359999999999856
2021-03-23 13:30:00,2021-03-23 14:00:00,55361.21,55293.9,67.30999999999767,0.6730999999999767
2021-03-26 03:30:00,2021-03-26 04:00:00,52560.68,52343.38,217.3000000000029,2.1730000000000294
2021-03-27 21:45:00,2021-03-27 22:15:00,56447.79,56131.96,315.83000000000175,3.1583000000000174
2021-03-28 22:15:00,2021-03-28 22:45:00,55514.94,55610.0,-95.05999999999767,-0.9505999999999767
2021-03-31 13:30:00,2021-03-31 14:00:00,58710.01,58511.33,198.6800000000003,1.986800000000003
2021-04-01 08:15:00,2021-04-01 08:45:00,59420.29,58923.91,496.3799999999974,4.963799999999974
2021-04-02 02:30:00,2021-04-02 03:00:00,60152.23,59840.42,311.81000000000495,3.1181000000000494
2021-04-03 04:45:00,2021-04-03 05:15:00,59502.66,59468.95,33.7100000000064,0.337100000000064
2021-04-03 10:15:00,2021-04-03 10:45:00,59664.03,59443.97,220.05999999999767,2.2005999999999766
2021-04-05 14:15:00,2021-04-05 14:45:00,58689.6,59263.37,-573.7700000000041,-5.737700000000041
2021-04-06 12:15:00,2021-04-06 12:45:00,58981.71,58560.01,421.6999999999971,4.216999999999971
2021-04-07 22:30:00,2021-04-07 23:00:00,56600.4,56529.4,71.0,0.71
2021-04-08 04:30:00,2021-04-08 05:00:00,56929.31,56929.68,-0.37000000000261934,-0.0037000000000261936
2021-04-08 12:45:00,2021-04-08 13:15:00,57530.08,57480.89,49.19000000000233,0.4919000000000233
2021-04-08 18:30:00,2021-04-08 19:00:00,58052.11,57852.88,199.2300000000032,1.9923000000000322
2021-04-08 22:15:00,2021-04-08 22:45:00,57896.98,57973.08,-76.09999999999854,-0.7609999999999855
2021-04-10 03:00:00,2021-04-10 03:30:00,59000.0,59090.9,-90.90000000000146,-0.9090000000000146
2021-04-10 04:15:00,2021-04-10 04:45:00,60997.48,61252.13,-254.64999999999418,-2.546499999999942
2021-04-12 06:45:00,2021-04-12 07:15:00,60929.95,61150.04,-220.09000000000378,-2.200900000000038
2021-04-13 08:15:00,2021-04-13 08:45:00,62630.69,62826.12,-195.4300000000003,-1.954300000000003
2021-04-14 05:00:00,2021-04-14 05:30:00,64542.08,64477.93,64.15000000000146,0.6415000000000146
2021-04-15 19:30:00,2021-04-15 20:00:00,63393.43,63324.68,68.75,0.6875
2021-04-20 18:15:00,2021-04-20 18:45:00,56153.0,56238.49,-85.48999999999796,-0.8548999999999797
2021-04-21 06:15:00,2021-04-21 06:45:00,55757.86,55542.0,215.86000000000058,2.158600000000006
2021-04-23 18:30:00,2021-04-23 19:00:00,50725.39,50600.0,125.38999999999942,1.2538999999999942
2021-04-23 20:00:00,2021-04-23 20:30:00,51136.37,51049.79,86.58000000000175,0.8658000000000174
2021-04-25 13:00:00,2021-04-25 13:30:00,49948.99,49834.13,114.86000000000058,1.1486000000000058
2021-04-28 11:15:00,2021-04-28 11:45:00,54914.69,54871.01,43.68000000000029,0.4368000000000029
2021-04-30 13:45:00,2021-04-30 14:15:00,55958.79,56056.18,-97.38999999999942,-0.9738999999999942
2021-04-30 23:30:00,2021-05-01 00:00:00,57817.12,57948.88,-131.75999999999476,-1.3175999999999477
2021-05-02 17:30:00,2021-05-02 18:00:00,56864.38,56794.9,69.47999999999593,0.6947999999999592
2021-05-05 13:30:00,2021-05-05 14:00:00,56156.7,56077.28,79.41999999999825,0.7941999999999826
2021-05-09 16:15:00,2021-05-09 16:45:00,57707.53,57651.27,56.26000000000204,0.5626000000000204
2021-05-14 09:15:00,2021-05-14 09:45:00,50652.57,50457.54,195.02999999999884,1.9502999999999884
2021-05-24 03:15:00,2021-05-24 03:45:00,35651.66,35221.25,430.4100000000035,4.304100000000035
2021-05-24 07:00:00,2021-05-24 07:30:00,36472.91,36609.13,-136.2199999999939,-1.362199999999939
2021-05-25 14:30:00,2021-05-25 15:00:00,37956.12,37532.83,423.2900000000009,4.232900000000009
2021-05-31 15:15:00,2021-05-31 15:45:00,36947.42,36944.12,3.2999999999956344,0.03299999999995634
2021-05-31 22:00:00,2021-05-31 22:30:00,37179.26,36910.0,269.26000000000204,2.6926000000000205
2021-05-31 23:30:00,2021-06-01 00:00:00,37375.26,37511.86,-136.59999999999854,-1.3659999999999854
2021-06-01 05:30:00,2021-06-01 06:00:00,37100.0,37359.98,-259.9800000000032,-2.599800000000032
2021-06-02 02:15:00,2021-06-02 02:45:00,36466.74,36272.33,194.40999999999622,1.9440999999999622
2021-06-03 05:00:00,2021-06-03 05:30:00,38338.62,38748.99,-410.36999999999534,-4.103699999999954
2021-06-09 05:15:00,2021-06-09 05:45:00,33536.7,33490.65,46.049999999995634,0.46049999999995633
2021-06-09 06:45:00,2021-06-09 07:15:00,34171.95,34128.48,43.46999999999389,0.4346999999999389
2021-06-11 07:30:00,2021-06-11 08:00:00,37046.51,37052.33,-5.819999999999709,-0.05819999999999709
2021-06-13 08:30:00,2021-06-13 09:00:00,35581.02,35558.87,22.14999999999418,0.2214999999999418
2021-06-13 10:45:00,2021-06-13 11:15:00,35947.01,35928.01,19.0,0.19
2021-06-13 16:00:00,2021-06-13 16:30:00,36476.3,37092.67,-616.3699999999953,-6.163699999999953
2021-06-13 20:00:00,2021-06-13 20:30:00,38953.47,38795.88,157.59000000000378,1.5759000000000378
2021-06-19 14:30:00,2021-06-19 15:00:00,36186.12,36190.51,-4.389999999999418,-0.04389999999999418
2021-06-20 03:00:00,2021-06-20 03:30:00,35633.13,35663.6,-30.470000000001164,-0.30470000000001163
2021-06-24 11:30:00,2021-06-24 12:00:00,33677.01,34083.01,-406.0,-4.0600000000000005
2021-06-25 02:00:00,2021-06-25 02:30:00,35400.0,35225.66,174.3399999999965,1.7433999999999652
2021-06-26 05:00:00,2021-06-26 05:30:00,32421.57,32157.65,263.91999999999825,2.6391999999999824
2021-06-27 00:00:00,2021-06-27 00:30:00,32380.94,32300.0,80.93999999999869,0.8093999999999869
2021-06-28 07:30:00,2021-06-28 08:00:00,35121.54,34995.0,126.54000000000087,1.2654000000000087
2021-06-28 19:15:00,2021-06-28 19:45:00,34446.42,34425.01,21.409999999996217,0.21409999999996218
2021-06-29 06:45:00,2021-06-29 07:15:00,35330.0,35211.93,118.06999999999971,1.1806999999999972
2021-07-02 22:45:00,2021-07-02 23:15:00,33686.13,33705.31,-19.18000000000029,-0.1918000000000029
2021-07-03 07:30:00,2021-07-03 08:00:00,34345.65,34465.66,-120.01000000000204,-1.2001000000000204
2021-07-04 05:45:00,2021-07-04 06:15:00,35185.64,35156.46,29.18000000000029,0.2918000000000029
2021-07-04 16:15:00,2021-07-04 16:45:00,35637.62,35454.82,182.8000000000029,1.8280000000000292
2021-07-06 12:00:00,2021-07-06 12:30:00,34093.85,34217.75,-123.90000000000146,-1.2390000000000145
2021-07-08 15:00:00,2021-07-08 15:30:00,32787.79,32784.73,3.0599999999976717,0.03059999999997672
2021-07-09 13:00:00,2021-07-09 13:30:00,33180.01,33373.87,-193.86000000000058,-1.9386000000000059
2021-07-10 00:30:00,2021-07-10 01:00:00,34180.89,33979.05,201.8399999999965,2.018399999999965
2021-07-10 08:15:00,2021-07-10 08:45:00,33807.95,33753.0,54.94999999999709,0.5494999999999709
2021-07-11 21:30:00,2021-07-11 22:00:00,34449.99,34440.33,9.659999999996217,0.09659999999996216
2021-07-12 03:15:00,2021-07-12 03:45:00,34463.34,34429.44,33.89999999999418,0.3389999999999418
2021-07-14 21:15:00,2021-07-14 21:45:00,32849.28,32834.17,15.110000000000582,0.1511000000000058
2021-07-18 23:45:00,2021-07-19 00:15:00,31767.0,31702.88,64.11999999999898,0.6411999999999898
2021-07-20 19:15:00,2021-07-20 19:45:00,29840.5,29754.88,85.61999999999898,0.8561999999999899
2021-07-21 12:00:00,2021-07-21 12:30:00,31590.98,31477.49,113.48999999999796,1.1348999999999796
2021-07-23 21:15:00,2021-07-23 21:45:00,32588.89,32581.19,7.700000000000728,0.07700000000000727
2021-07-23 22:30:00,2021-07-23 23:00:00,33118.37,33221.28,-102.90999999999622,-1.0290999999999622
2021-07-25 00:00:00,2021-07-25 00:30:00,34360.43,33993.94,366.48999999999796,3.66489999999998
2021-07-25 07:15:00,2021-07-25 07:45:00,34629.58,34672.76,-43.18000000000029,-0.4318000000000029
2021-07-27 11:45:00,2021-07-27 12:15:00,38030.0,37974.38,55.62000000000262,0.5562000000000262
2021-07-27 22:45:00,2021-07-27 23:15:00,39147.03,39066.74,80.29000000000087,0.8029000000000087
2021-07-28 02:00:00,2021-07-28 02:30:00,40150.03,39925.32,224.70999999999913,2.247099999999991
2021-07-29 09:45:00,2021-07-29 10:15:00,40377.06,40304.01,73.04999999999563,0.7304999999999564
2021-07-30 02:00:00,2021-07-30 02:30:00,40120.29,40086.14,34.150000000001455,0.34150000000001457
2021-07-30 18:15:00,2021-07-30 18:45:00,39068.74,39075.01,-6.2700000000040745,-0.06270000000004075
2021-07-31 10:30:00,2021-07-31 11:00:00,41894.29,41753.15,141.13999999999942,1.4113999999999942
2021-08-01 03:15:00,2021-08-01 03:45:00,42254.95,42420.62,-165.67000000000553,-1.6567000000000554
2021-08-02 06:45:00,2021-08-02 07:15:00,40253.67,40184.35,69.31999999999971,0.6931999999999972
2021-08-04 11:00:00,2021-08-04 11:30:00,38081.45,38128.8,-47.35000000000582,-0.4735000000000582
2021-08-06 23:45:00,2021-08-07 00:15:00,42825.43,42789.0,36.43000000000029,0.3643000000000029
2021-08-07 23:45:00,2021-08-08 00:15:00,44601.11,44351.73,249.37999999999738,2.493799999999974
2021-08-09 18:15:00,2021-08-09 18:45:00,46005.43,46213.71,-208.27999999999884,-2.082799999999988
2021-08-10 12:15:00,2021-08-10 12:45:00,45807.47,45928.7,-121.22999999999593,-1.2122999999999593
2021-08-13 01:30:00,2021-08-13 02:00:00,44848.19,44865.33,-17.139999999999418,-0.1713999999999942
2021-08-16 10:00:00,2021-08-16 10:30:00,47398.05,47384.15,13.900000000001455,0.13900000000001456
2021-08-17 09:30:00,2021-08-17 10:00:00,46724.99,46819.99,-95.0,-0.9500000000000001
2021-08-18 04:00:00,2021-08-18 04:30:00,45193.01,44935.62,257.3899999999994,2.5738999999999943
2021-08-18 05:30:00,2021-08-18 06:00:00,45385.56,45347.85,37.70999999999913,0.3770999999999913
2021-08-19 14:00:00,2021-08-19 14:30:00,45246.53,45301.0,-54.470000000001164,-0.5447000000000116
2021-08-20 00:15:00,2021-08-20 00:45:00,47277.16,47162.7,114.4600000000064,1.144600000000064
2021-08-20 16:15:00,2021-08-20 16:45:00,49090.01,48778.13,311.88000000000466,3.1188000000000464
2021-08-22 09:45:00,2021-08-22 10:15:00,49230.0,49360.01,-130.01000000000204,-1.3001000000000205
2021-08-23 08:00:00,2021-08-23 08:30:00,50294.84,50150.6,144.23999999999796,1.4423999999999797
2021-08-24 06:30:00,2021-08-24 07:00:00,49691.94,49787.51,-95.56999999999971,-0.9556999999999971
2021-08-25 02:00:00,2021-08-25 02:30:00,48229.97,48267.38,-37.40999999999622,-0.3740999999999622
2021-08-25 05:45:00,2021-08-25 06:15:00,48535.74,48419.6,116.13999999999942,1.1613999999999942
2021-08-25 12:00:00,2021-08-25 12:30:00,47632.86,47637.65,-4.790000000000873,-0.047900000000008734
2021-08-26 22:15:00,2021-08-26 22:45:00,47394.12,47180.0,214.12000000000262,2.141200000000026
2021-08-27 20:30:00,2021-08-27 21:00:00,48991.53,49012.69,-21.160000000003492,-0.21160000000003493
2021-08-28 16:00:00,2021-08-28 16:30:00,48925.69,49068.17,-142.47999999999593,-1.4247999999999592
2021-08-30 20:00:00,2021-08-30 20:30:00,48703.74,48694.32,9.419999999998254,0.09419999999998253
2021-08-31 07:30:00,2021-08-31 08:00:00,47642.79,47780.0,-137.20999999999913,-1.3720999999999912
2021-09-02 06:30:00,2021-09-02 07:00:00,49832.22,50255.97,-423.75,-4.2375
2021-09-02 12:00:00,2021-09-02 12:30:00,50164.03,49983.91,180.11999999999534,1.8011999999999535
2021-09-04 12:30:00,2021-09-04 13:00:00,50276.91,50249.99,26.92000000000553,0.2692000000000553
2021-09-06 19:00:00,2021-09-06 19:30:00,52065.14,51796.56,268.58000000000175,2.6858000000000177
2021-09-08 02:00:00,2021-09-08 02:30:00,47290.71,47137.1,153.61000000000058,1.5361000000000058
2021-09-12 08:00:00,2021-09-12 08:30:00,45559.06,45984.75,-425.6900000000023,-4.256900000000023
2021-09-12 23:00:00,2021-09-12 23:30:00,46364.37,46225.89,138.4800000000032,1.384800000000032
2021-09-15 21:30:00,2021-09-15 22:00:00,48179.99,48074.29,105.69999999999709,1.0569999999999709
2021-09-15 23:00:00,2021-09-15 23:30:00,48366.11,48050.0,316.1100000000006,3.161100000000006
2021-09-21 10:45:00,2021-09-21 11:15:00,43420.65,43487.63,-66.97999999999593,-0.6697999999999593
2021-09-22 15:30:00,2021-09-22 16:00:00,43006.13,43310.21,-304.08000000000175,-3.0408000000000177
2021-10-01 03:45:00,2021-10-01 04:15:00,43609.27,43540.25,69.0199999999968,0.690199999999968
2021-10-04 13:15:00,2021-10-04 13:45:00,47807.01,48101.09,-294.07999999999447,-2.940799999999945
2021-10-06 12:15:00,2021-10-06 12:45:00,52262.98,52706.47,-443.48999999999796,-4.434899999999979
2021-10-06 20:00:00,2021-10-06 20:30:00,55319.14,55220.18,98.95999999999913,0.9895999999999913
2021-10-11 01:15:00,2021-10-11 01:45:00,55529.09,55343.61,185.47999999999593,1.8547999999999594
2021-10-11 13:30:00,2021-10-11 14:00:00,57275.6,57220.56,55.04000000000087,0.5504000000000088
2021-10-11 19:15:00,2021-10-11 19:45:00,57583.43,57501.9,81.52999999999884,0.8152999999999884
2021-10-13 16:30:00,2021-10-13 17:00:00,56868.46,56950.1,-81.63999999999942,-0.8163999999999942
2021-10-14 01:00:00,2021-10-14 01:30:00,58215.95,58400.0,-184.0500000000029,-1.8405000000000291
2021-10-14 11:15:00,2021-10-14 11:45:00,58039.65,57682.0,357.65000000000146,3.5765000000000144
2021-10-15 16:30:00,2021-10-15 17:00:00,61283.97,61593.5,-309.52999999999884,-3.0952999999999884
2021-10-17 03:15:00,2021-10-17 03:45:00,61276.76,61175.2,101.56000000000495,1.0156000000000496
2021-10-17 22:00:00,2021-10-17 22:30:00,61243.47,60995.86,247.61000000000058,2.476100000000006
2021-10-18 05:00:00,2021-10-18 05:30:00,62405.99,62369.99,36.0,0.36
2021-10-19 17:00:00,2021-10-19 17:30:00,63396.01,63248.82,147.19000000000233,1.4719000000000233
2021-10-20 12:30:00,2021-10-20 13:00:00,64327.97,64437.89,-109.91999999999825,-1.0991999999999826
2021-10-21 08:30:00,2021-10-21 09:00:00,66044.9,66490.0,-445.1000000000058,-4.451000000000058
2021-10-28 03:00:00,2021-10-28 03:30:00,59095.37,58802.84,292.5300000000061,2.9253000000000613
2021-10-28 08:15:00,2021-10-28 08:45:00,59722.05,60584.07,-862.0199999999968,-8.620199999999969
2021-10-31 00:00:00,2021-10-31 00:30:00,62388.4,62349.43,38.970000000001164,0.38970000000001165
2021-11-02 15:30:00,2021-11-02 16:00:00,63937.13,63801.96,135.16999999999825,1.3516999999999826
2021-11-04 13:00:00,2021-11-04 13:30:00,61983.83,61783.41,200.41999999999825,2.0041999999999827
2021-11-07 10:00:00,2021-11-07 10:30:00,62194.28,61920.01,274.2699999999968,2.742699999999968
2021-11-07 17:45:00,2021-11-07 18:15:00,62489.79,62288.19,201.59999999999854,2.0159999999999854
2021-11-08 00:15:00,2021-11-08 00:45:00,64301.9,65097.19,-795.2900000000009,-7.9529000000000085
2021-11-08 06:15:00,2021-11-08 06:45:00,66042.39,65978.28,64.11000000000058,0.6411000000000059
2021-11-08 23:00:00,2021-11-08 23:30:00,67389.25,67703.01,-313.75999999999476,-3.1375999999999475
2021-11-14 00:00:00,2021-11-14 00:30:00,64678.24,65168.22,-489.9800000000032,-4.899800000000032
2021-11-15 00:00:00,2021-11-15 00:30:00,65954.9,65900.01,54.88999999999942,0.5488999999999942
2021-11-21 15:30:00,2021-11-21 16:00:00,59233.75,59359.99,-126.23999999999796,-1.2623999999999798
2021-11-25 07:15:00,2021-11-25 07:45:00,57511.83,57676.05,-164.22000000000116,-1.6422000000000117
2021-11-27 02:30:00,2021-11-27 03:00:00,54453.74,54536.27,-82.52999999999884,-0.8252999999999884
2021-11-27 08:15:00,2021-11-27 08:45:00,55094.64,55063.84,30.80000000000291,0.3080000000000291
2021-11-27 13:30:00,2021-11-27 14:00:00,55149.29,55170.45,-21.159999999996217,-0.21159999999996218
2021-11-29 17:00:00,2021-11-29 17:30:00,57979.99,58666.85,-686.8600000000006,-6.868600000000006
2021-12-01 12:00:00,2021-12-01 12:30:00,57279.03,57152.96,126.06999999999971,1.260699999999997
2021-12-02 19:00:00,2021-12-02 19:30:00,56802.21,56630.4,171.80999999999767,1.7180999999999766
2021-12-05 12:15:00,2021-12-05 12:45:00,49437.01,49348.85,88.16000000000349,0.8816000000000349
2021-12-06 21:45:00,2021-12-06 22:15:00,50063.93,50474.46,-410.52999999999884,-4.105299999999988
2021-12-07 11:00:00,2021-12-07 11:30:00,51349.74,51284.99,64.75,0.6475
2021-12-10 12:00:00,2021-12-10 12:30:00,49081.98,48954.81,127.17000000000553,1.2717000000000553
2021-12-14 08:00:00,2021-12-14 08:30:00,47086.54,47364.94,-278.40000000000146,-2.7840000000000145
2021-12-14 12:00:00,2021-12-14 12:30:00,47763.55,47601.35,162.20000000000437,1.6220000000000436
2021-12-14 20:30:00,2021-12-14 21:00:00,47793.24,48213.5,-420.26000000000204,-4.202600000000021
2021-12-15 18:30:00,2021-12-15 19:00:00,47646.77,48949.99,-1303.2200000000012,-13.032200000000012
2021-12-16 09:45:00,2021-12-16 10:15:00,48954.59,49068.99,-114.40000000000146,-1.1440000000000146
2021-12-17 21:30:00,2021-12-17 22:00:00,46880.07,46236.12,643.9499999999971,6.439499999999971
2021-12-19 02:45:00,2021-12-19 03:15:00,47121.61,47810.0,-688.3899999999994,-6.883899999999994
2021-12-19 16:15:00,2021-12-19 16:45:00,47321.64,47162.0,159.63999999999942,1.5963999999999943
2021-12-20 14:45:00,2021-12-20 15:15:00,46282.07,46191.86,90.20999999999913,0.9020999999999912
2021-12-21 03:30:00,2021-12-21 04:00:00,47361.63,48286.37,-924.7400000000052,-9.247400000000052
2021-12-22 02:15:00,2021-12-22 02:45:00,49224.22,49323.42,-99.19999999999709,-0.9919999999999709
2021-12-22 08:30:00,2021-12-22 09:00:00,49437.25,49292.99,144.26000000000204,1.4426000000000203
2021-12-23 17:45:00,2021-12-23 18:15:00,50030.94,50693.6,-662.6599999999962,-6.6265999999999625
2021-12-24 18:15:00,2021-12-24 18:45:00,51174.18,51582.1,-407.91999999999825,-4.079199999999982
2021-12-26 08:15:00,2021-12-26 08:45:00,50029.99,49881.85,148.13999999999942,1.4813999999999943
2022-01-04 10:45:00,2022-01-04 11:15:00,46599.84,46648.3,-48.4600000000064,-0.48460000000006404
2022-01-05 08:45:00,2022-01-05 09:15:00,46626.53,46784.01,-157.4800000000032,-1.574800000000032
2022-01-08 21:30:00,2022-01-08 22:00:00,41944.51,41969.61,-25.099999999998545,-0.25099999999998546
2022-01-09 16:45:00,2022-01-09 17:15:00,42127.99,42026.25,101.73999999999796,1.0173999999999797
2022-01-10 21:00:00,2022-01-10 21:30:00,41853.89,41668.42,185.47000000000116,1.8547000000000118
2022-01-11 01:30:00,2022-01-11 02:00:00,41866.01,41852.11,13.900000000001455,0.13900000000001456
2022-01-11 16:30:00,2022-01-11 17:00:00,42755.34,42953.81,-198.47000000000116,-1.9847000000000117
2022-01-14 04:30:00,2022-01-14 05:00:00,42738.11,42716.09,22.020000000004075,0.22020000000004075
2022-01-15 14:45:00,2022-01-15 15:15:00,43162.19,43124.16,38.029999999998836,0.38029999999998837
2022-01-16 05:15:00,2022-01-16 05:45:00,43075.7,42941.14,134.55999999999767,1.3455999999999768
2022-01-17 06:15:00,2022-01-17 06:45:00,42800.0,42730.98,69.0199999999968,0.690199999999968
2022-01-18 21:15:00,2022-01-18 21:45:00,42244.06,42348.55,-104.49000000000524,-1.0449000000000523
2022-01-22 03:00:00,2022-01-22 03:30:00,36579.68,36109.91,469.7699999999968,4.697699999999968
2022-01-26 03:30:00,2022-01-26 04:00:00,37358.73,37306.33,52.400000000001455,0.5240000000000146
2022-01-28 00:00:00,2022-01-28 00:30:00,37345.01,37096.14,248.87000000000262,2.4887000000000263
2022-01-28 03:00:00,2022-01-28 03:30:00,37405.0,37343.43,61.56999999999971,0.6156999999999971
2022-01-30 04:45:00,2022-01-30 05:15:00,38081.78,38170.0,-88.22000000000116,-0.8822000000000116
2022-01-31 19:00:00,2022-01-31 19:30:00,38577.67,38443.99,133.6800000000003,1.3368000000000029
2022-01-31 22:30:00,2022-01-31 23:00:00,38565.89,38430.0,135.88999999999942,1.3588999999999942
2022-02-01 12:15:00,2022-02-01 12:45:00,38553.86,38624.67,-70.80999999999767,-0.7080999999999767
2022-02-03 11:30:00,2022-02-03 12:00:00,36687.63,36598.65,88.97999999999593,0.8897999999999593
2022-02-04 19:45:00,2022-02-04 20:15:00,40701.71,40559.61,142.09999999999854,1.4209999999999854
2022-02-05 04:15:00,2022-02-05 04:45:00,41621.4,41451.66,169.73999999999796,1.6973999999999796
2022-02-07 14:30:00,2022-02-07 15:00:00,43281.12,43258.54,22.580000000001746,0.22580000000001746
2022-02-07 17:45:00,2022-02-07 18:15:00,44188.04,44021.62,166.41999999999825,1.6641999999999826
2022-02-08 20:30:00,2022-02-08 21:00:00,44023.29,43922.46,100.83000000000175,1.0083000000000175
2022-02-09 12:00:00,2022-02-09 12:30:00,43809.25,44270.0,-460.75,-4.6075
2022-02-10 10:15:00,2022-02-10 10:45:00,44644.41,44627.62,16.790000000000873,0.16790000000000874
2022-02-10 11:30:00,2022-02-10 12:00:00,45024.67,44929.07,95.59999999999854,0.9559999999999854
2022-02-10 15:00:00,2022-02-10 15:30:00,44839.02,45396.59,-557.5699999999997,-5.575699999999997
2022-02-11 08:00:00,2022-02-11 08:30:00,43469.97,43289.99,179.9800000000032,1.799800000000032
2022-02-15 10:45:00,2022-02-15 11:15:00,44235.0,44119.4,115.59999999999854,1.1559999999999855
2022-02-17 08:00:00,2022-02-17 08:30:00,43907.9,43476.8,431.09999999999854,4.310999999999986
2022-02-21 14:15:00,2022-02-21 14:45:00,38580.0,38652.7,-72.69999999999709,-0.7269999999999709
2022-02-22 10:30:00,2022-02-22 11:00:00,37600.0,37567.4,32.599999999998545,0.32599999999998547
2022-02-22 23:30:00,2022-02-23 00:00:00,38329.9,38200.7,129.20000000000437,1.2920000000000438
2022-02-23 13:00:00,2022-02-23 13:30:00,39113.4,38970.8,142.59999999999854,1.4259999999999855
2022-02-26 08:15:00,2022-02-26 08:45:00,39316.3,38772.4,543.9000000000015,5.439000000000014
2022-02-26 19:15:00,2022-02-26 19:45:00,39314.4,39238.4,76.0,0.76
2022-03-01 12:15:00,2022-03-01 12:45:00,44459.3,44609.6,-150.29999999999563,-1.5029999999999564
2022-03-05 03:30:00,2022-03-05 04:00:00,39038.8,38918.1,120.70000000000437,1.2070000000000436
2022-03-05 16:15:00,2022-03-05 16:45:00,39233.7,39313.7,-80.0,-0.8
2022-03-06 00:00:00,2022-03-06 00:30:00,39488.7,39504.9,-16.200000000004366,-0.16200000000004366
2022-03-07 12:15:00,2022-03-07 12:45:00,38646.3,38567.6,78.70000000000437,0.7870000000000437
2022-03-10 23:00:00,2022-03-10 23:30:00,39450.0,39407.4,42.599999999998545,0.42599999999998545
2022-03-11 11:45:00,2022-03-11 12:15:00,39878.4,40014.5,-136.09999999999854,-1.3609999999999856
2022-03-14 07:30:00,2022-03-14 08:00:00,39069.9,39038.2,31.700000000004366,0.31700000000004364
2022-03-16 02:00:00,2022-03-16 02:30:00,41402.8,40968.2,434.6000000000058,4.346000000000059
2022-03-16 08:00:00,2022-03-16 08:30:00,39736.8,40093.3,-356.5,-3.565
2022-03-17 21:45:00,2022-03-17 22:15:00,40983.3,40918.9,64.40000000000146,0.6440000000000146
2022-03-19 11:15:00,2022-03-19 11:45:00,41785.1,41718.6,66.5,0.665
2022-03-19 12:45:00,2022-03-19 13:15:00,41836.3,41833.9,2.400000000001455,0.02400000000001455
2022-03-19 23:15:00,2022-03-19 23:45:00,42194.6,42188.2,6.400000000001455,0.06400000000001456
2022-03-20 20:00:00,2022-03-20 20:30:00,41631.9,41472.5,159.40000000000146,1.5940000000000145
2022-03-21 20:00:00,2022-03-21 20:30:00,41194.3,41210.0,-15.69999999999709,-0.1569999999999709
2022-03-22 10:30:00,2022-03-22 11:00:00,42811.7,42894.9,-83.20000000000437,-0.8320000000000437
2022-03-23 06:45:00,2022-03-23 07:15:00,42207.1,42126.2,80.90000000000146,0.8090000000000146
2022-03-23 23:45:00,2022-03-24 00:15:00,42867.9,42904.0,-36.099999999998545,-0.36099999999998544
2022-03-28 13:30:00,2022-03-28 14:00:00,47520.5,47552.6,-32.099999999998545,-0.32099999999998546
2022-03-28 17:45:00,2022-03-28 18:15:00,47574.0,47662.6,-88.59999999999854,-0.8859999999999855
2022-04-03 21:30:00,2022-04-03 22:00:00,46678.1,46790.0,-111.90000000000146,-1.1190000000000146
2022-04-04 19:00:00,2022-04-04 19:30:00,45681.1,45835.4,-154.3000000000029,-1.5430000000000292
2022-04-08 08:00:00,2022-04-08 08:30:00,43816.9,43765.1,51.80000000000291,0.5180000000000291
2022-04-10 17:00:00,2022-04-10 17:30:00,42814.3,43171.2,-356.8999999999942,-3.5689999999999418
2022-04-16 21:45:00,2022-04-16 22:15:00,40465.1,40500.0,-34.900000000001455,-0.3490000000000146
2022-04-18 16:45:00,2022-04-18 17:15:00,39441.0,39857.2,-416.1999999999971,-4.161999999999971
2022-04-18 18:15:00,2022-04-18 18:45:00,40746.8,40640.1,106.70000000000437,1.0670000000000437
2022-04-19 14:00:00,2022-04-19 14:30:00,41507.9,41507.4,0.5,0.005
2022-04-22 19:30:00,2022-04-22 20:00:00,39605.9,39470.1,135.8000000000029,1.3580000000000292
2022-04-23 21:00:00,2022-04-23 21:30:00,39785.0,39844.8,-59.80000000000291,-0.5980000000000291
2022-04-27 20:00:00,2022-04-27 20:30:00,39000.0,39110.5,-110.5,-1.105
2022-04-28 00:30:00,2022-04-28 01:00:00,39287.1,39520.0,-232.90000000000146,-2.3290000000000144
2022-04-28 07:15:00,2022-04-28 07:45:00,39482.8,39365.0,117.80000000000291,1.178000000000029
2022-04-29 12:30:00,2022-04-29 13:00:00,39100.3,38849.1,251.20000000000437,2.5120000000000435
2022-05-03 21:15:00,2022-05-03 21:45:00,37949.2,37785.9,163.29999999999563,1.6329999999999565
2022-05-04 06:00:00,2022-05-04 06:30:00,38280.2,38372.0,-91.80000000000291,-0.9180000000000291
2022-05-05 10:30:00,2022-05-05 11:00:00,39589.0,39535.2,53.80000000000291,0.5380000000000291
2022-05-07 10:30:00,2022-05-07 11:00:00,36066.0,36096.5,-30.5,-0.305
2022-05-07 14:45:00,2022-05-07 15:15:00,35941.4,35982.2,-40.799999999995634,-0.40799999999995634
2022-05-09 20:00:00,2022-05-09 20:30:00,31815.0,30773.6,1041.4000000000015,10.414000000000014
2022-05-10 05:00:00,2022-05-10 05:30:00,31440.0,31724.1,-284.09999999999854,-2.8409999999999855
2022-05-10 11:30:00,2022-05-10 12:00:00,31760.6,31600.1,160.5,1.605
2022-05-10 12:45:00,2022-05-10 13:15:00,32153.2,32141.8,11.400000000001455,0.11400000000001455
2022-05-11 13:45:00,2022-05-11 14:15:00,31223.0,31139.2,83.79999999999927,0.8379999999999928
2022-05-12 00:30:00,2022-05-12 01:00:00,30025.1,29695.3,329.7999999999993,3.297999999999993
2022-05-12 10:45:00,2022-05-12 11:15:00,28590.9,28947.9,-357.0,-3.5700000000000003
2022-05-15 20:00:00,2022-05-15 20:30:00,30815.4,30902.1,-86.69999999999709,-0.8669999999999709
2022-05-19 15:30:00,2022-05-19 16:00:00,30362.7,30270.2,92.5,0.925
2022-05-19 21:00:00,2022-05-19 21:30:00,30405.4,30284.4,121.0,1.21
2022-05-23 06:00:00,2022-05-23 06:30:00,30379.9,30560.3,-180.39999999999782,-1.8039999999999783
2022-05-25 02:15:00,2022-05-25 02:45:00,30003.0,30108.4,-105.40000000000146,-1.0540000000000145
2022-05-28 11:15:00,2022-05-28 11:45:00,28894.7,28817.8,76.90000000000146,0.7690000000000146
2022-05-29 05:45:00,2022-05-29 06:15:00,29033.0,29002.6,30.400000000001455,0.30400000000001454
2022-05-29 22:30:00,2022-05-29 23:00:00,29448.0,29485.5,-37.5,-0.375
2022-05-30 01:30:00,2022-05-30 02:00:00,29659.9,30073.2,-413.2999999999993,-4.132999999999993
2022-05-30 06:15:00,2022-05-30 06:45:00,30575.1,30688.7,-113.60000000000218,-1.1360000000000219
2022-06-02 15:15:00,2022-06-02 15:45:00,30281.5,30194.4,87.09999999999854,0.8709999999999855
2022-06-04 00:00:00,2022-06-04 00:30:00,29730.1,29711.0,19.099999999998545,0.19099999999998546
2022-06-04 22:00:00,2022-06-04 22:30:00,29908.3,29782.7,125.59999999999854,1.2559999999999856
2022-06-05 15:30:00,2022-06-05 16:00:00,29874.9,30039.7,-164.79999999999927,-1.6479999999999928
2022-06-06 06:45:00,2022-06-06 07:15:00,31260.4,31310.9,-50.5,-0.505
2022-06-09 07:15:00,2022-06-09 07:45:00,30401.4,30477.3,-75.89999999999782,-0.7589999999999781
2022-06-11 18:30:00,2022-06-11 19:00:00,28590.1,28724.6,-134.5,-1.345
2022-06-14 05:15:00,2022-06-14 05:45:00,22854.9,22739.3,115.60000000000218,1.156000000000022
2022-06-15 11:30:00,2022-06-15 12:00:00,21173.0,21354.8,-181.79999999999927,-1.8179999999999927
2022-06-15 21:45:00,2022-06-15 22:15:00,22197.5,22635.5,-438.0,-4.38
2022-06-19 08:30:00,2022-06-19 09:00:00,18583.1,18722.7,-139.60000000000218,-1.396000000000022
2022-06-20 22:45:00,2022-06-20 23:15:00,20483.1,20488.7,-5.600000000002183,-0.05600000000002183
2022-06-21 05:15:00,2022-06-21 05:45:00,20753.3,20880.0,-126.70000000000073,-1.2670000000000072
2022-06-23 22:30:00,2022-06-23 23:00:00,21072.6,21062.9,9.69999999999709,0.0969999999999709
2022-06-24 11:15:00,2022-06-24 11:45:00,21142.6,21165.0,-22.400000000001455,-0.22400000000001455
2022-06-25 21:15:00,2022-06-25 21:45:00,21367.1,21508.1,-141.0,-1.41
2022-06-30 23:30:00,2022-07-01 00:00:00,19053.1,19710.0,-656.9000000000015,-6.569000000000015
2022-07-01 07:30:00,2022-07-01 08:00:00,19531.6,19736.8,-205.20000000000073,-2.052000000000007
2022-07-02 14:30:00,2022-07-02 15:00:00,19323.2,19269.9,53.29999999999927,0.5329999999999927
2022-07-03 16:30:00,2022-07-03 17:00:00,19130.2,19134.9,-4.700000000000728,-0.04700000000000728
2022-07-03 20:00:00,2022-07-03 20:30:00,19525.5,19430.8,94.70000000000073,0.9470000000000073
2022-07-04 11:45:00,2022-07-04 12:15:00,19794.2,19702.1,92.10000000000218,0.9210000000000218
2022-07-04 17:15:00,2022-07-04 17:45:00,19970.9,19887.8,83.10000000000218,0.8310000000000218
2022-07-05 19:00:00,2022-07-05 19:30:00,20250.1,20400.9,-150.8000000000029,-1.508000000000029
2022-07-06 04:00:00,2022-07-06 04:30:00,20244.8,20089.5,155.29999999999927,1.5529999999999928
2022-07-06 16:45:00,2022-07-06 17:15:00,20291.9,20268.1,23.80000000000291,0.2380000000000291
2022-07-07 14:30:00,2022-07-07 15:00:00,20889.4,20874.1,15.30000000000291,0.1530000000000291
2022-07-09 10:45:00,2022-07-09 11:15:00,21725.5,21721.5,4.0,0.04
2022-07-09 20:45:00,2022-07-09 21:15:00,21671.1,21701.4,-30.30000000000291,-0.30300000000002913
2022-07-14 15:00:00,2022-07-14 15:30:00,20026.4,20308.6,-282.1999999999971,-2.8219999999999708
2022-07-14 23:30:00,2022-07-15 00:00:00,20565.5,20498.8,66.70000000000073,0.6670000000000073
2022-07-15 18:45:00,2022-07-15 19:15:00,21027.4,20950.8,76.60000000000218,0.7660000000000219
2022-07-17 07:00:00,2022-07-17 07:30:00,21592.7,21480.5,112.20000000000073,1.1220000000000072
2022-07-18 05:30:00,2022-07-18 06:00:00,21762.3,21777.4,-15.100000000002183,-0.15100000000002184
2022-07-19 15:00:00,2022-07-19 15:30:00,22747.4,22831.4,-84.0,-0.84
2022-07-23 08:15:00,2022-07-23 08:45:00,22846.1,22601.5,244.59999999999854,2.4459999999999855
2022-07-25 20:00:00,2022-07-25 20:30:00,22153.7,22236.5,-82.79999999999927,-0.8279999999999927
2022-07-27 16:15:00,2022-07-27 16:45:00,21662.4,21518.7,143.70000000000073,1.4370000000000074
2022-07-30 11:30:00,2022-07-30 12:00:00,24027.2,23987.5,39.70000000000073,0.3970000000000073
2022-08-01 20:15:00,2022-08-01 20:45:00,23006.0,23113.8,-107.79999999999927,-1.0779999999999927
2022-08-02 11:15:00,2022-08-02 11:45:00,22885.0,22872.0,13.0,0.13
2022-08-02 16:30:00,2022-08-02 17:00:00,23356.8,23349.6,7.200000000000728,0.07200000000000728
2022-08-05 21:15:00,2022-08-05 21:45:00,23172.3,23096.8,75.5,0.755
2022-08-07 03:00:00,2022-08-07 03:30:00,22997.6,22981.9,15.69999999999709,0.1569999999999709
2022-08-08 08:45:00,2022-08-08 09:15:00,24120.4,24127.0,-6.599999999998545,-0.06599999999998545
2022-08-08 12:00:00,2022-08-08 12:30:00,24190.4,24102.3,88.10000000000218,0.8810000000000219
2022-08-10 08:45:00,2022-08-10 09:15:00,23088.0,23062.1,25.900000000001455,0.25900000000001455
2022-08-11 01:15:00,2022-08-11 01:45:00,24380.1,24428.3,-48.20000000000073,-0.4820000000000073
2022-08-11 05:00:00,2022-08-11 05:30:00,24569.5,24590.0,-20.5,-0.20500000000000002
2022-08-14 07:00:00,2022-08-14 07:30:00,24747.3,24960.2,-212.90000000000146,-2.1290000000000147
2022-08-14 20:15:00,2022-08-14 20:45:00,24289.8,24299.8,-10.0,-0.1
2022-08-14 21:15:00,2022-08-14 21:45:00,24380.0,24331.0,49.0,0.49
2022-08-15 03:00:00,2022-08-15 03:30:00,25134.1,24820.0,314.09999999999854,3.1409999999999854
2022-08-17 05:00:00,2022-08-17 05:30:00,24078.1,24114.2,-36.10000000000218,-0.36100000000002186
2022-08-20 06:30:00,2022-08-20 07:00:00,21212.3,21295.1,-82.79999999999927,-0.8279999999999927
2022-08-20 12:30:00,2022-08-20 13:00:00,21267.3,21243.8,23.5,0.23500000000000001
2022-08-23 08:15:00,2022-08-23 08:45:00,21429.3,21444.2,-14.900000000001455,-0.14900000000001457
2022-08-24 04:45:00,2022-08-24 05:15:00,21316.4,21428.1,-111.69999999999709,-1.116999999999971
2022-08-29 12:15:00,2022-08-29 12:45:00,19971.9,19882.6,89.30000000000291,0.8930000000000291
2022-08-29 22:00:00,2022-08-29 22:30:00,20193.6,20163.0,30.599999999998545,0.30599999999998545
2022-09-04 00:00:00,2022-09-04 00:30:00,19825.7,19808.2,17.5,0.17500000000000002
2022-09-04 23:30:00,2022-09-05 00:00:00,19988.3,19963.0,25.299999999999272,0.25299999999999273
2022-09-06 00:45:00,2022-09-06 01:15:00,20093.6,20027.3,66.29999999999927,0.6629999999999927
2022-09-06 08:45:00,2022-09-06 09:15:00,20008.3,19894.6,113.70000000000073,1.1370000000000073
2022-09-08 04:30:00,2022-09-08 05:00:00,19327.0,19315.0,12.0,0.12
2022-09-09 08:30:00,2022-09-09 09:00:00,20729.7,20672.7,57.0,0.5700000000000001
2022-09-09 15:30:00,2022-09-09 16:00:00,21291.1,21220.1,71.0,0.71
2022-09-10 18:30:00,2022-09-10 19:00:00,21418.0,21460.0,-42.0,-0.42
2022-09-12 01:30:00,2022-09-12 02:00:00,22113.7,21812.6,301.1000000000022,3.011000000000022
2022-09-13 09:30:00,2022-09-13 10:00:00,22412.0,22365.4,46.599999999998545,0.4659999999999855
2022-09-14 02:15:00,2022-09-14 02:45:00,20389.1,20434.0,-44.900000000001455,-0.44900000000001455
2022-09-14 21:45:00,2022-09-14 22:15:00,20191.4,20185.8,5.600000000002183,0.05600000000002183
2022-09-17 00:15:00,2022-09-17 00:45:00,19915.3,19937.7,-22.400000000001455,-0.22400000000001455
2022-09-17 13:45:00,2022-09-17 14:15:00,19889.7,19932.5,-42.79999999999927,-0.4279999999999927
2022-09-18 05:45:00,2022-09-18 06:15:00,20059.6,20036.1,23.5,0.23500000000000001
2022-09-22 08:45:00,2022-09-22 09:15:00,19195.0,19165.9,29.099999999998545,0.29099999999998544
2022-09-22 18:45:00,2022-09-22 19:15:00,19185.6,19266.4,-80.80000000000291,-0.8080000000000291
2022-09-23 03:15:00,2022-09-23 03:45:00,19398.3,19384.0,14.299999999999272,0.14299999999999272
2022-09-24 08:45:00,2022-09-24 09:15:00,19072.3,19005.1,67.20000000000073,0.6720000000000073
2022-09-26 22:30:00,2022-09-26 23:00:00,19158.5,19118.7,39.79999999999927,0.39799999999999275
2022-09-27 01:15:00,2022-09-27 01:45:00,19700.0,19758.7,-58.70000000000073,-0.5870000000000073
2022-09-29 11:15:00,2022-09-29 11:45:00,19478.4,19454.3,24.100000000002183,0.24100000000002184
2022-09-29 23:45:00,2022-09-30 00:15:00,19582.5,19507.8,74.70000000000073,0.7470000000000073
2022-09-30 07:15:00,2022-09-30 07:45:00,19562.1,19560.8,1.2999999999992724,0.012999999999992724
2022-10-02 16:15:00,2022-10-02 16:45:00,19191.5,19191.4,0.09999999999854481,0.000999999999985448
2022-10-03 17:15:00,2022-10-03 17:45:00,19506.6,19540.0,-33.400000000001455,-0.33400000000001456
2022-10-04 03:30:00,2022-10-04 04:00:00,19608.5,19552.6,55.900000000001455,0.5590000000000146
2022-10-04 06:30:00,2022-10-04 07:00:00,19819.8,19865.8,-46.0,-0.46
2022-10-07 08:30:00,2022-10-07 09:00:00,19982.1,19990.9,-8.80000000000291,-0.08800000000002911
2022-10-08 11:30:00,2022-10-08 12:00:00,19534.9,19479.0,55.900000000001455,0.5590000000000146
2022-10-12 00:15:00,2022-10-12 00:45:00,19076.8,19084.0,-7.200000000000728,-0.07200000000000728
2022-10-12 09:15:00,2022-10-12 09:45:00,19184.5,19162.3,22.200000000000728,0.22200000000000727
2022-10-12 21:00:00,2022-10-12 21:30:00,19179.8,19165.2,14.599999999998545,0.14599999999998545
2022-10-16 08:15:00,2022-10-16 08:45:00,19173.4,19157.9,15.5,0.155
2022-10-17 05:00:00,2022-10-17 05:30:00,19238.2,19238.7,-0.5,-0.005
2022-10-18 23:00:00,2022-10-18 23:30:00,19359.1,19327.1,32.0,0.32
2022-10-20 12:15:00,2022-10-20 12:45:00,19230.1,19126.6,103.5,1.035
2022-10-21 02:30:00,2022-10-21 03:00:00,19099.0,19111.8,-12.799999999999272,-0.12799999999999273
2022-10-22 13:15:00,2022-10-22 13:45:00,19219.9,19182.9,37.0,0.37
2022-10-25 03:15:00,2022-10-25 03:45:00,19348.0,19332.7,15.299999999999272,0.15299999999999273
2022-10-28 13:30:00,2022-10-28 14:00:00,20536.4,20383.5,152.90000000000146,1.5290000000000146
2022-10-29 02:30:00,2022-10-29 03:00:00,20724.9,20726.1,-1.1999999999970896,-0.011999999999970897
2022-10-31 10:00:00,2022-10-31 10:30:00,20716.9,20718.4,-1.5,-0.015
2022-11-03 00:45:00,2022-11-03 01:15:00,20191.1,20228.4,-37.30000000000291,-0.3730000000000291
2022-11-04 14:15:00,2022-11-04 14:45:00,21131.4,21209.0,-77.59999999999854,-0.7759999999999855
2022-11-05 03:15:00,2022-11-05 03:45:00,21392.0,21436.5,-44.5,-0.445
2022-11-12 07:15:00,2022-11-12 07:45:00,16799.1,16811.3,-12.200000000000728,-0.12200000000000728
2022-11-14 23:15:00,2022-11-14 23:45:00,16634.6,16605.2,29.399999999997817,0.29399999999997817
2022-11-21 04:15:00,2022-11-21 04:45:00,16189.7,16142.7,47.0,0.47000000000000003
2022-11-23 23:30:00,2022-11-24 00:00:00,16609.9,16612.4,-2.5,-0.025
2022-11-27 04:30:00,2022-11-27 05:00:00,16584.3,16549.9,34.39999999999782,0.34399999999997816
2022-11-27 10:30:00,2022-11-27 11:00:00,16568.0,16546.3,21.700000000000728,0.21700000000000727
2022-11-29 19:00:00,2022-11-29 19:30:00,16436.3,16418.1,18.200000000000728,0.18200000000000727
2022-11-30 16:00:00,2022-11-30 16:30:00,16864.3,16830.0,34.29999999999927,0.34299999999999276
2022-12-03 04:15:00,2022-12-03 04:45:00,17022.4,17007.1,15.30000000000291,0.1530000000000291
2022-12-04 05:00:00,2022-12-04 05:30:00,17052.1,17004.0,48.099999999998545,0.48099999999998544
2022-12-04 15:00:00,2022-12-04 15:30:00,17029.9,17012.9,17.0,0.17
2022-12-05 04:45:00,2022-12-05 05:15:00,17346.0,17327.7,18.299999999999272,0.18299999999999272
2022-12-08 18:15:00,2022-12-08 18:45:00,17005.5,17239.9,-234.40000000000146,-2.3440000000000145
2022-12-09 11:45:00,2022-12-09 12:15:00,17231.9,17235.1,-3.1999999999970896,-0.0319999999999709
2022-12-11 03:30:00,2022-12-11 04:00:00,17160.8,17159.4,1.3999999999978172,0.013999999999978172
2022-12-12 18:15:00,2022-12-12 18:45:00,17005.7,17016.7,-11.0,-0.11
2022-12-13 13:30:00,2022-12-13 14:00:00,17873.0,17928.3,-55.29999999999927,-0.5529999999999927
2022-12-16 00:00:00,2022-12-16 00:30:00,17367.9,17381.9,-14.0,-0.14
2022-12-16 07:00:00,2022-12-16 07:30:00,17462.3,17486.4,-24.100000000002183,-0.24100000000002184
2022-12-17 23:00:00,2022-12-17 23:30:00,16736.2,16763.3,-27.099999999998545,-0.2709999999999855
2022-12-18 04:00:00,2022-12-18 04:30:00,16761.9,16751.8,10.100000000002183,0.10100000000002184
2022-12-25 21:30:00,2022-12-25 22:00:00,16816.9,16826.1,-9.19999999999709,-0.0919999999999709
2022-12-26 02:00:00,2022-12-26 02:30:00,16856.5,16867.6,-11.099999999998545,-0.11099999999998544
2022-12-29 19:00:00,2022-12-29 19:30:00,16629.8,16604.4,25.399999999997817,0.2539999999999782
2023-01-01 06:15:00,2023-01-01 06:45:00,16540.3,16535.3,5.0,0.05
2023-01-01 12:00:00,2023-01-01 12:30:00,16557.0,16547.9,9.099999999998545,0.09099999999998545
2023-01-02 15:30:00,2023-01-02 16:00:00,16737.4,16728.6,8.80000000000291,0.08800000000002911
2023-01-03 06:00:00,2023-01-03 06:30:00,16730.3,16729.3,1.0,0.01
2023-01-03 20:00:00,2023-01-03 20:30:00,16656.6,16652.4,4.19999999999709,0.041999999999970894
2023-01-04 23:30:00,2023-01-05 00:00:00,16852.4,16856.0,-3.599999999998545,-0.035999999999985446
2023-01-06 19:30:00,2023-01-06 20:00:00,16920.7,16974.4,-53.70000000000073,-0.5370000000000072
2023-01-07 18:30:00,2023-01-07 19:00:00,16933.3,16931.5,1.7999999999992724,0.017999999999992723
2023-01-09 02:30:00,2023-01-09 03:00:00,17227.7,17173.9,53.79999999999927,0.5379999999999927
2023-01-09 13:30:00,2023-01-09 14:00:00,17260.4,17224.3,36.10000000000218,0.36100000000002186
2023-01-10 20:15:00,2023-01-10 20:45:00,17449.5,17466.7,-17.200000000000728,-0.17200000000000729
2023-01-12 17:30:00,2023-01-12 18:00:00,18648.1,18813.1,-165.0,-1.6500000000000001
2023-01-12 20:45:00,2023-01-12 21:15:00,19042.2,18799.8,242.40000000000146,2.4240000000000146
2023-01-13 15:00:00,2023-01-13 15:30:00,19122.9,19211.7,-88.79999999999927,-0.8879999999999928
2023-01-14 20:45:00,2023-01-14 21:15:00,20895.0,20879.6,15.400000000001455,0.15400000000001454
2023-01-14 23:00:00,2023-01-14 23:30:00,21035.6,21049.8,-14.200000000000728,-0.1420000000000073
