Date_open,Date_close,Price_open,Price_close,Points,Usdt,Pcnt_cng,Avg_vol5,Day_week,Pcnts_25
2020-01-02 03:30:00,2020-01-02 07:15:00,7141.86,7107.69,-34.17000000000007,-0.3417000000000007,0.003496620584574741,2.1055267721706676,Thursday,-6.2650000000001
2020-01-02 13:30:00,2020-01-02 16:45:00,7119.28,7071.579999999999,-47.70000000000073,-0.4770000000000073,0.005006219340051238,11.52319135369574,Thursday,-8.955000000000155
2020-01-05 18:30:00,2020-01-05 21:30:00,7431.68,7391.280000000001,-40.399999999999636,-0.40399999999999636,0.0038496595356816454,2.9994254124377258,Sunday,-7.179999999999836
2020-01-08 20:00:00,2020-01-09 17:00:00,7927.65,7790.48,-137.17000000000007,-1.3717000000000008,0.015000534269008232,2.3745611092549725,Wednesday,-30.18250000000012
2020-01-11 10:45:00,2020-01-11 21:30:00,8057.89,8251.929999999997,194.03999999999633,1.9403999999999633,0.005984160663179625,1.5792438455172655,Saturday,-12.127499999999827
2020-01-12 00:00:00,2020-01-14 00:45:00,7990.98,8300.740000000002,309.76000000000204,3.0976000000000203,0.009597913841867492,3.5057532775500846,Sunday,-19.360000000000127
2020-01-14 16:00:00,2020-01-19 01:00:00,8601.85,9059.729999999998,457.8799999999974,4.578799999999974,0.013132835875690583,3.307066871153251,Tuesday,-28.617499999999836
2020-01-20 11:45:00,2020-01-20 12:30:00,8622.74,8570.67,-52.06999999999971,-0.520699999999997,0.004619774760007253,2.962654889913678,Monday,-10.00500000000011
2020-01-23 01:30:00,2020-01-23 05:15:00,8612.25,8547.66,-64.59000000000015,-0.6459000000000015,0.006040678208663093,3.8144607053193615,Thursday,-13.085000000000036
2020-01-24 09:30:00,2020-01-24 14:30:00,8293.15,8481.749999999998,188.59999999999854,1.8859999999999855,0.0056532738630504465,2.060996284688524,Friday,-11.787499999999909
2020-01-25 00:45:00,2020-01-27 16:15:00,8313.7,8811.779999999995,498.07999999999447,4.980799999999944,0.014756666690368184,2.5077006400440336,Saturday,-31.129999999999654
2020-01-30 00:00:00,2020-01-30 20:15:00,9283.17,9545.13,261.9599999999991,2.6195999999999913,0.007005282040420743,3.035109293494312,Thursday,-16.372499999999945
2020-01-31 04:00:00,2020-01-31 05:30:00,9431.21,9373.509999999998,-57.70000000000073,-0.5770000000000073,0.00437995502866148,2.4006118484712657,Friday,-10.3725000000004
2020-01-31 05:45:00,2020-01-31 12:30:00,9356.16,9273.73,-82.43000000000029,-0.8243000000000029,0.008191082140854433,1.945179610128022,Friday,-19.31750000000011
2020-02-03 07:15:00,2020-02-03 10:15:00,9372.8,9320.8,-52.0,-0.52,0.004587935429057001,1.683306064960378,Monday,-10.800000000000182
2020-02-04 04:45:00,2020-02-04 09:15:00,9274.74,9216.79,-57.94999999999891,-0.5794999999999891,0.004549684291192612,2.5969927412664204,Tuesday,-10.597499999999854
2020-02-06 22:45:00,2020-02-09 00:45:00,9699.61,9962.61,263.0,2.63,0.006732982706218716,2.5486583618008414,Thursday,-16.4375
2020-02-14 07:15:00,2020-02-14 14:30:00,10166.49,10340.53,174.04000000000087,1.7404000000000088,0.004261508325171422,1.7396372787154353,Friday,-10.877500000000055
2020-02-14 22:00:00,2020-02-15 02:45:00,10323.62,10240.34,-83.28000000000065,-0.8328000000000065,0.005075036525614175,1.7271375144913046,Friday,-13.164999999999964
2020-02-15 07:30:00,2020-02-15 15:45:00,10229.98,10197.8,-32.18000000000029,-0.3218000000000029,0.0024388127145906742,1.3881131724091103,Saturday,-6.252500000000055
2020-02-16 05:45:00,2020-02-16 12:00:00,9964.19,9898.640000000001,-65.54999999999927,-0.6554999999999928,0.004332728789763605,2.177168020235535,Sunday,-10.83999999999969
2020-02-17 10:15:00,2020-02-17 11:15:00,9746.49,9629.05,-117.44000000000051,-1.1744000000000052,0.0061700825940654855,3.488686562126239,Monday,-15.127500000000055
2020-02-18 09:00:00,2020-02-18 10:00:00,9725.48,9651.949999999999,-73.53000000000065,-0.7353000000000066,0.005526850472364325,2.4754142859639905,Tuesday,-13.512500000000273
2020-02-19 21:45:00,2020-02-26 16:30:00,9617.01,8797.23,-819.7800000000007,-8.197800000000006,0.04903068867826579,9.890703476920548,Wednesday,-123.96000000000004
2020-02-27 21:30:00,2020-02-28 09:45:00,8768.7,8632.04,-136.65999999999985,-1.3665999999999985,0.013528031994780036,3.846669133057501,Thursday,-30.0625
2020-03-01 01:00:00,2020-03-01 19:00:00,8529.07,8437.91,-91.15999999999985,-0.9115999999999985,0.009539879366686677,0.9267606942753612,Sunday,-20.53749999999991
2020-03-03 07:00:00,2020-03-03 15:15:00,8763.2,8680.650000000001,-82.54999999999927,-0.8254999999999928,0.008108805592404551,4.041840670752901,Tuesday,-17.909999999999854
2020-03-04 15:00:00,2020-03-05 09:15:00,8691.97,9036.810000000003,344.8400000000038,3.448400000000038,0.009820942382133989,2.9148907276919167,Wednesday,-21.552500000000236
2020-03-05 14:45:00,2020-03-07 17:00:00,9032.85,8966.2,-66.64999999999964,-0.6664999999999964,0.007013570929957652,2.815055919075514,Thursday,-15.949999999999818
2020-03-08 12:45:00,2020-03-08 14:45:00,8689.94,8606.12,-83.81999999999971,-0.8381999999999971,0.005934690945363689,5.422893351933324,Sunday,-12.9699999999998
2020-03-08 15:00:00,2020-03-08 15:30:00,8524.17,8384.460000000001,-139.70999999999913,-1.3970999999999913,0.015311804008908603,2.765644596129119,Sunday,-33.13749999999982
2020-03-08 23:45:00,2020-03-09 04:30:00,8038.46,7821.26,-217.19999999999982,-2.1719999999999984,0.02147804598960421,3.0207283782391516,Sunday,-44.1099999999999
2020-03-11 22:00:00,2020-03-12 01:45:00,7807.07,7757.4,-49.67000000000007,-0.49670000000000075,0.00610184595798858,1.3247291954105127,Wednesday,-11.982500000000073
2020-03-12 10:30:00,2020-03-12 10:45:00,6304.45,5215.94,-1088.5100000000002,-10.885100000000003,0.1432436729718381,11.141645635016108,Thursday,-263.5150000000001
2020-03-12 23:15:00,2020-03-13 02:00:00,5038.52,3814.3200000000006,-1224.1999999999998,-12.241999999999999,0.13162353095275423,5.595869660147127,Thursday,-190.92749999999978
2020-03-14 22:15:00,2020-03-14 23:00:00,5213.29,5092.249999999999,-121.04000000000087,-1.2104000000000088,0.01840136169699991,2.13542458110173,Saturday,-24.43250000000012
2020-03-16 06:00:00,2020-03-16 10:00:00,5014.21,4662.5,-351.71000000000004,-3.5171000000000006,0.04249765121945634,6.126709592331289,Monday,-55.637500000000045
2020-03-20 01:30:00,2020-03-20 08:00:00,6104.54,6541.979999999999,437.4399999999987,4.374399999999987,0.017599253286985576,3.194424292794082,Friday,-27.339999999999918
2020-03-21 09:30:00,2020-03-22 23:30:00,5955.0,5731.87,-223.1300000000001,-2.231300000000001,0.02538898517707481,1.8818391814402582,Saturday,-38.78250000000003
2020-03-25 00:00:00,2020-03-25 11:30:00,6643.09,6468.99,-174.10000000000036,-1.7410000000000037,0.019339838502531733,3.1779468855760964,Wednesday,-32.752500000000055
2020-03-26 15:00:00,2020-03-27 00:00:00,6568.35,6771.83,203.47999999999956,2.0347999999999957,0.007685195536634209,0.9146973972708375,Thursday,-12.717499999999973
2020-03-27 05:00:00,2020-03-27 23:30:00,6645.39,6465.96,-179.4300000000003,-1.794300000000003,0.0223471412871894,5.146556695601668,Friday,-37.97499999999991
2020-03-28 03:30:00,2020-03-29 19:30:00,6084.65,5895.7699999999995,-188.8800000000001,-1.8888000000000011,0.026281509646528735,3.03057357909441,Saturday,-41.05750000000012
2020-04-01 00:15:00,2020-04-02 16:00:00,6263.86,6889.420000000001,625.5600000000013,6.255600000000014,0.024358864530197474,5.709286254147099,Wednesday,-39.09750000000008
2020-04-02 20:15:00,2020-04-06 18:45:00,6679.35,7217.749999999998,538.3999999999978,5.383999999999978,0.019753593730508657,1.161020811384198,Thursday,-33.649999999999864
2020-04-10 02:30:00,2020-04-10 03:45:00,7239.0,7184.81,-54.1899999999996,-0.541899999999996,0.0026397874943511652,2.9937500806732666,Friday,-4.789999999999964
2020-04-10 04:00:00,2020-04-10 05:00:00,7139.64,6985.87,-153.77000000000044,-1.5377000000000045,0.012265677960239594,4.586450303853189,Friday,-22.164999999999964
2020-04-10 13:30:00,2020-04-10 15:30:00,6887.49,6765.96,-121.52999999999975,-1.2152999999999974,0.00487198047740211,6.2455936153952285,Friday,-8.430000000000064
2020-04-11 09:00:00,2020-04-11 09:15:00,6871.01,6851.84,-19.170000000000073,-0.19170000000000073,0.0019464267816704172,1.1953482183587614,Saturday,-3.349999999999909
2020-04-11 09:30:00,2020-04-11 17:00:00,6832.97,6786.0,-46.970000000000255,-0.46970000000000256,0.0061365844576707455,2.323436447019122,Saturday,-10.5474999999999
2020-04-13 07:30:00,2020-04-13 13:45:00,6690.63,6641.28,-49.350000000000364,-0.49350000000000366,0.005753898964981796,1.10533536243582,Monday,-9.680000000000064
2020-04-15 22:15:00,2020-04-15 23:00:00,6696.16,6657.98,-38.18000000000029,-0.3818000000000029,0.004759087895983822,2.21466260904098,Wednesday,-8.00500000000011
2020-04-17 06:15:00,2020-04-17 13:30:00,7031.0,6983.2,-47.80000000000018,-0.4780000000000018,0.005348849382003534,1.3153131937746259,Friday,-9.4525000000001
2020-04-19 05:00:00,2020-04-19 05:45:00,7197.5,7153.77,-43.72999999999956,-0.43729999999999564,0.004561246279638359,3.0720114630072235,Sunday,-8.24499999999989
2020-04-20 10:30:00,2020-04-20 11:45:00,7059.42,6946.509999999999,-112.91000000000076,-1.1291000000000078,0.011605488980455948,4.759426508004235,Monday,-20.722500000000082
2020-04-23 06:00:00,2020-04-23 14:00:00,7045.29,7347.409999999999,302.119999999999,3.0211999999999897,0.0106069244834162,9.545435427799655,Thursday,-18.882499999999936
2020-04-26 15:00:00,2020-04-29 10:00:00,7544.93,8015.93,471.0,4.71,0.015366686329065026,6.129516671007248,Sunday,-29.4375
2020-04-30 09:00:00,2020-04-30 10:00:00,8961.28,8636.91,-324.3700000000008,-3.243700000000008,0.023971368107373967,5.3620452727792784,Thursday,-55.022500000000036
2020-05-03 12:15:00,2020-05-03 14:45:00,8949.61,8807.28,-142.32999999999993,-1.4232999999999993,0.014701948112714098,2.8029948261122337,Sunday,-33.38499999999976
2020-05-04 04:30:00,2020-05-04 05:15:00,8669.5,8568.62,-100.8799999999992,-1.008799999999992,0.007408798277119411,2.4734156240637684,Monday,-16.17749999999978
2020-05-09 10:30:00,2020-05-10 00:00:00,9604.11,9461.880000000001,-142.22999999999956,-1.4222999999999957,0.010701483312731708,2.463452327567175,Saturday,-25.972499999999854
2020-05-10 00:15:00,2020-10-21 14:15:00,8506.18,12770.299999999996,4264.119999999995,42.641199999999955,0.11136717644096807,14.842025991338723,Sunday,-266.5074999999997
2020-10-22 03:45:00,2020-10-22 10:15:00,12724.73,12920.290000000005,195.56000000000495,1.9556000000000495,0.0038274193220090495,1.0289912345648733,Thursday,-12.22250000000031
2020-10-26 15:30:00,2020-10-26 17:00:00,13022.61,12811.37,-211.23999999999978,-2.112399999999998,0.010635436767811814,2.569878517173118,Monday,-34.997499999999945
2020-10-28 07:00:00,2020-10-28 07:15:00,13664.17,13541.05,-123.1200000000008,-1.231200000000008,0.005817033029397351,2.8966690757941933,Wednesday,-19.987500000000182
2020-10-28 10:00:00,2020-10-28 11:00:00,13584.03,13455.86,-128.17000000000007,-1.2817000000000007,0.004219449492324538,3.2078120381543216,Wednesday,-14.389999999999873
2020-10-28 14:00:00,2020-10-31 10:00:00,12966.0,14124.800000000003,1158.800000000003,11.58800000000003,0.021854749277669283,3.304766098172042,Wednesday,-72.42500000000018
2020-11-02 08:30:00,2020-11-02 12:30:00,13551.06,13275.51,-275.5499999999993,-2.755499999999993,0.013185864101199138,10.166165143196935,Monday,-45.26749999999993
2020-11-03 03:00:00,2020-11-05 02:15:00,13339.68,14320.599999999999,980.9199999999983,9.809199999999983,0.018051647011279395,2.3475810715989227,Tuesday,-61.30749999999989
2020-11-06 20:15:00,2020-11-07 18:45:00,15293.8,15007.21,-286.59000000000015,-2.8659000000000017,0.010979985889434527,6.495790172949336,Friday,-42.44750000000022
2020-11-09 13:15:00,2020-11-09 16:00:00,15282.27,14889.880000000001,-392.3899999999994,-3.9238999999999944,0.021270123264501464,1.19652226973578,Monday,-83.02999999999975
2020-11-19 00:15:00,2020-11-19 08:30:00,17670.95,17480.8,-190.15000000000146,-1.9015000000000146,0.007711024147769531,1.3711948221280552,Thursday,-34.32999999999993
2020-11-20 12:00:00,2020-11-20 14:30:00,18244.98,18536.539999999997,291.5599999999977,2.915599999999977,0.003979174434582155,1.0959624590911945,Friday,-18.222499999999854
2020-11-21 04:00:00,2020-11-22 09:00:00,18564.37,18224.219999999998,-340.15000000000146,-3.4015000000000146,0.012173584524148557,3.0825477946365227,Saturday,-57.19500000000062
2020-11-23 15:15:00,2020-11-24 06:00:00,18388.52,18116.170000000002,-272.34999999999854,-2.7234999999999854,0.01096311117206798,1.8508718111160205,Monday,-50.95749999999953
2020-11-25 16:00:00,2020-11-25 17:30:00,19133.8,18858.79,-275.0099999999984,-2.7500999999999842,0.009381822737860304,2.5027805393774,Wednesday,-45.30249999999978
2020-11-26 02:15:00,2020-11-26 03:00:00,18565.6,18206.6,-359.0,-3.59,0.015557558725277133,2.889598807132311,Thursday,-73.35000000000036
2020-11-26 07:45:00,2020-11-26 08:00:00,17646.21,17328.059999999998,-318.15000000000146,-3.1815000000000144,0.010538208997905833,2.2509443190809746,Thursday,-46.98500000000058
2020-11-26 08:15:00,2020-11-26 17:15:00,17075.29,16272.46,-802.8300000000017,-8.028300000000018,0.03326420511322369,2.949857551298835,Thursday,-146.88500000000022
2020-11-29 00:15:00,2020-11-29 21:00:00,17548.02,18280.820000000003,732.8000000000029,7.32800000000003,0.010332058369362103,2.9529868601509577,Sunday,-45.80000000000018
2020-12-02 04:15:00,2020-12-03 08:15:00,18395.76,19470.04000000001,1074.2800000000134,10.742800000000134,0.014389479825956963,1.7529793760428056,Wednesday,-67.14250000000084
2020-12-06 08:30:00,2020-12-06 13:30:00,19092.02,18903.850000000002,-188.16999999999825,-1.8816999999999826,0.0075968764180791536,2.7935009956582424,Sunday,-36.537499999999454
2020-12-07 08:30:00,2020-12-07 18:15:00,19248.0,19085.539999999997,-162.46000000000276,-1.6246000000000276,0.006892110963089786,1.8748872668645746,Monday,-33.39500000000044
2020-12-08 23:00:00,2020-12-09 08:30:00,18279.99,17698.410000000003,-581.5799999999981,-5.815799999999981,0.023239224767845436,4.356684188535878,Tuesday,-108.72999999999956
2020-12-11 01:00:00,2020-12-11 03:00:00,18009.89,17723.09,-286.7999999999993,-2.8679999999999928,0.005698634856189862,2.221605075895349,Friday,-25.80500000000029
2020-12-11 07:30:00,2020-12-12 11:45:00,17727.38,18491.100000000002,763.7200000000012,7.6372000000000115,0.010655580799751778,2.0100049580842674,Friday,-47.73250000000007
2020-12-16 03:30:00,2020-12-16 10:00:00,19359.45,19689.610000000004,330.1600000000035,3.301600000000035,0.00424545018282598,1.6230325477801772,Wednesday,-20.63500000000022
2020-12-17 18:00:00,2020-12-21 12:00:00,22840.7,21973.280000000002,-867.4199999999983,-8.674199999999983,0.03358322311273124,1.9212931488694576,Thursday,-198.42999999999938
2020-12-22 05:30:00,2020-12-22 23:45:00,22669.51,23844.390000000003,1174.8800000000047,11.748800000000047,0.012790883512467592,1.6844327372606935,Tuesday,-73.43000000000029
2020-12-23 05:00:00,2020-12-23 11:00:00,23448.16,23182.579999999998,-265.58000000000175,-2.6558000000000175,0.007929570588071115,1.4241674513364813,Wednesday,-46.85500000000047
2020-12-24 00:15:00,2020-12-25 11:30:00,23000.01,24477.85000000001,1477.840000000011,14.778400000000111,0.015809515577375213,2.4470887762027003,Thursday,-92.36500000000069
2020-12-26 18:45:00,2020-12-26 20:30:00,25644.62,26409.98,765.3600000000006,7.653600000000006,0.007405956658858434,1.2444272218255035,Saturday,-47.835000000000036
2020-12-28 15:30:00,2020-12-28 22:30:00,26916.01,26452.57,-463.4399999999987,-4.634399999999987,0.014552155199557184,2.2035579689941596,Monday,-99.36750000000029
2020-12-29 04:00:00,2020-12-29 05:15:00,26389.43,25929.44,-459.9900000000016,-4.599900000000016,0.011261150716055018,3.2561374706429604,Tuesday,-75.14000000000033
2021-01-01 17:45:00,2021-01-01 18:45:00,29099.0,28694.32,-404.6800000000003,-4.046800000000003,0.007944557536590506,4.927157349805008,Friday,-58.25749999999971
2021-01-03 15:00:00,2021-01-03 16:45:00,33450.17,32679.090000000004,-771.0799999999945,-7.710799999999945,0.01690734435547506,2.5654607659725013,Sunday,-143.8199999999997
2021-01-05 03:45:00,2021-01-06 20:45:00,31217.58,36328.899999999994,5111.319999999992,51.11319999999993,0.03932339982785255,3.016498669252879,Tuesday,-319.4574999999995
2021-01-08 01:00:00,2021-01-08 02:15:00,38840.54,37772.72,-1067.8199999999997,-10.678199999999997,0.017859337362650114,1.5626115895354975,Friday,-176.5699999999997
2021-01-10 17:30:00,2021-01-10 20:15:00,37780.84,35726.5,-2054.3399999999965,-20.543399999999966,0.03834568591307022,3.5991059922816517,Sunday,-376.625
2021-01-11 03:15:00,2021-01-11 06:45:00,35399.35,33239.36,-2159.989999999998,-21.59989999999998,0.045916515084094285,2.7934181272195846,Monday,-425.90999999999985
2021-01-11 13:15:00,2021-01-11 14:00:00,33413.76,31863.180000000008,-1550.5799999999945,-15.505799999999946,0.03627840546107042,1.3699497132067953,Monday,-314.4574999999986
2021-01-11 16:00:00,2021-01-14 07:00:00,30791.45,38367.97,7576.52,75.76520000000001,0.05795001954990552,2.671571277559462,Monday,-473.53250000000025
2021-01-14 09:15:00,2021-01-14 15:15:00,38132.86,39750.65999999999,1617.7999999999884,16.177999999999884,0.010495024172678299,1.4141896683244395,Thursday,-101.11249999999927
2021-01-14 21:15:00,2021-01-15 12:30:00,38537.66,37277.020000000004,-1260.6399999999994,-12.606399999999994,0.03147349371035264,3.377577812049764,Thursday,-313.0824999999986
2021-01-15 14:30:00,2021-01-15 15:30:00,37042.04,36164.67,-877.3700000000026,-8.773700000000026,0.018421860852002182,1.7247523898493309,Friday,-173.79750000000058
2021-01-15 16:00:00,2021-01-21 09:00:00,35408.23,33009.18,-2399.050000000003,-23.99050000000003,0.03983019249099371,2.898641937565814,Friday,-367.2049999999999
2021-01-21 14:15:00,2021-01-21 22:00:00,31637.91,30588.86,-1049.0499999999993,-10.490499999999994,0.028530063361587844,1.9223254917518084,Thursday,-232.28499999999985
2021-01-22 00:15:00,2021-01-29 08:45:00,29776.3,35493.94,5717.640000000003,57.17640000000003,0.04580603998434901,3.1010236246718557,Friday,-357.35249999999996
2021-01-29 18:15:00,2021-01-29 19:30:00,35070.84,33996.75,-1074.0899999999965,-10.740899999999966,0.02834951649979263,1.4483320151232804,Friday,-255.8125
2021-01-31 12:00:00,2021-01-31 15:00:00,33450.84,33205.25,-245.5899999999965,-2.455899999999965,0.007116230377681128,1.1438126159631785,Sunday,-59.9375
2021-01-31 21:30:00,2021-02-01 00:15:00,32637.42,32341.479999999996,-295.9400000000023,-2.959400000000023,0.007124384841509203,0.8951005014764541,Sunday,-58.54750000000058
2021-02-04 14:45:00,2021-02-06 10:45:00,36840.01,40109.29,3269.279999999999,32.69279999999999,0.021704140999906252,3.011139080091186,Thursday,-204.32999999999993
2021-02-07 04:30:00,2021-02-07 16:15:00,38241.22,37406.590000000004,-834.6299999999974,-8.346299999999975,0.017001678292701453,3.123018294212188,Sunday,-165.35249999999905
2021-02-07 20:00:00,2021-02-08 12:30:00,38013.92,39678.240000000005,1664.320000000007,16.64320000000007,0.010826958105646675,2.4337692411343834,Sunday,-104.02000000000044
2021-02-10 08:15:00,2021-02-10 12:30:00,46561.09,45900.42999999999,-660.6600000000035,-6.606600000000035,0.010679145642851332,1.1620787531529395,Wednesday,-125.65000000000146
2021-02-12 04:30:00,2021-02-12 14:30:00,47319.99,46629.09,-690.9000000000015,-6.909000000000015,0.007777374719286142,1.7456481901814913,Friday,-92.72750000000087
2021-02-12 23:30:00,2021-02-13 08:00:00,47473.6,46781.29,-692.3099999999977,-6.923099999999977,0.009689578852728831,2.366368649785273,Friday,-116.125
2021-02-14 13:45:00,2021-02-15 01:30:00,48868.88,48026.869999999995,-842.010000000002,-8.420100000000021,0.012331087465169668,2.5046905311378973,Sunday,-152.53250000000116
2021-02-15 14:30:00,2021-02-15 17:00:00,47786.52,48703.840000000004,917.320000000007,9.17320000000007,0.004776131215005082,1.372887993312077,Monday,-57.33250000000044
2021-02-18 07:15:00,2021-02-19 16:00:00,51511.68,54083.00000000001,2571.320000000007,25.71320000000007,0.012325492081125903,4.4027428251599,Thursday,-160.70750000000044
2021-02-20 22:15:00,2021-02-20 22:30:00,56067.98,55088.67,-979.310000000005,-9.79310000000005,0.014530530002008959,1.5847107053100857,Saturday,-206.67749999999978
2021-02-22 00:00:00,2021-02-22 03:45:00,56817.35,55989.11,-828.239999999998,-8.28239999999998,0.012614687667917195,3.3994542749597843,Monday,-181.47249999999985
2021-02-22 10:00:00,2021-02-22 14:00:00,54340.0,52007.32,-2332.6800000000003,-23.326800000000002,0.02673488000217794,3.1009527970221247,Monday,-373.1700000000001
2021-02-23 02:45:00,2021-02-23 05:00:00,51283.61,49375.99,-1907.6200000000026,-19.076200000000025,0.02892530920056908,2.278988474376363,Tuesday,-381.89500000000044
2021-02-23 16:15:00,2021-02-23 18:00:00,48209.69,46852.200000000004,-1357.489999999998,-13.57489999999998,0.015567649070174027,0.8992580004973377,Tuesday,-190.59499999999935
2021-02-25 09:15:00,2021-02-25 22:00:00,48971.48,47717.73,-1253.75,-12.5375,0.02172574189881749,1.8408731161627583,Thursday,-271.8924999999999
2021-02-27 23:15:00,2021-02-28 15:30:00,45168.63,43524.719999999994,-1643.9100000000035,-16.439100000000035,0.030105852008173447,2.095730970172434,Saturday,-350.5125000000007
2021-03-03 19:15:00,2021-03-04 03:45:00,50515.69,49430.91,-1084.7799999999988,-10.847799999999989,0.01668373796395672,1.9926116849759399,Wednesday,-214.27249999999913
2021-03-05 08:30:00,2021-03-07 02:15:00,46623.16,49708.16,3085.0,30.85,0.016273016163720573,1.659364924563772,Friday,-192.8125
2021-03-10 03:30:00,2021-03-10 09:30:00,53561.93,55374.21,1812.2799999999988,18.122799999999987,0.008387855225400346,0.83457850215899,Wednesday,-113.26749999999993
2021-03-11 08:00:00,2021-03-13 10:00:00,54683.08,59026.759999999995,4343.679999999993,43.436799999999934,0.01947174953827392,4.432649085539957,Thursday,-271.47999999999956
2021-03-14 06:15:00,2021-03-14 10:30:00,60791.35,60315.77,-475.58000000000175,-4.755800000000018,0.0066055424264301965,1.9942436566056907,Sunday,-101.0575000000008
2021-03-14 23:45:00,2021-03-15 07:15:00,59037.12,57366.48,-1670.6399999999994,-16.706399999999995,0.027004577125185607,4.203381569976861,Sunday,-409.6299999999992
2021-03-15 23:45:00,2021-03-16 00:30:00,55646.61,54641.86,-1004.75,-10.0475,0.016231663712824675,3.240632179197057,Monday,-229.53499999999985
2021-03-16 00:45:00,2021-03-24 22:15:00,54146.33,52141.9,-2004.4300000000003,-20.044300000000003,0.033177732547228826,1.776273095221916,Tuesday,-464.52499999999964
2021-03-25 07:45:00,2021-03-25 12:00:00,52298.34,51490.299999999996,-808.0400000000009,-8.080400000000008,0.014318282394148075,2.7015334528001644,Thursday,-189.9250000000011
2021-03-25 12:15:00,2021-03-29 09:00:00,50902.0,57414.0,6512.0,65.12,0.03099181420140872,2.885855130975932,Thursday,-407.0
2021-03-30 08:15:00,2021-03-30 09:45:00,57968.27,58915.19000000001,946.9200000000128,9.469200000000129,0.004067176359419349,1.8385556645324466,Tuesday,-59.1825000000008
2021-03-31 02:00:00,2021-03-31 03:00:00,58854.06,58583.92,-270.1399999999994,-2.7013999999999943,0.0031434806947535053,1.2357722002065084,Wednesday,-46.397500000000946
2021-04-02 19:00:00,2021-04-03 18:00:00,58859.82,58166.86,-692.9599999999991,-6.929599999999992,0.006340129834568423,6.301440489413459,Friday,-93.88999999999942
2021-04-05 01:00:00,2021-04-05 05:00:00,57846.68,57313.0,-533.6800000000003,-5.336800000000003,0.006645638743764777,1.7643080211282163,Monday,-96.75
2021-04-05 05:15:00,2021-04-05 14:30:00,57212.74,58967.540000000015,1754.8000000000175,17.548000000000176,0.007609523717013909,1.8647654485250404,Monday,-109.67500000000109
2021-04-05 17:15:00,2021-04-06 07:45:00,58861.94,58403.83,-458.1100000000006,-4.5811000000000055,0.004757090787475613,1.324635207877467,Monday,-70.33749999999964
2021-04-06 14:00:00,2021-04-07 09:00:00,58120.95,57183.049999999996,-937.9000000000015,-9.379000000000016,0.009273674128300387,5.461165670425976,Tuesday,-136.01000000000022
2021-04-07 23:45:00,2021-04-08 18:30:00,56018.18,58063.02,2044.8399999999965,20.448399999999964,0.009043260505729836,2.2623031350872487,Wednesday,-127.80249999999978
2021-04-11 09:30:00,2021-04-12 07:30:00,59653.61,61250.37000000001,1596.7600000000093,15.967600000000093,0.006647317027682345,1.3499458007127023,Sunday,-99.79750000000058
2021-04-15 15:00:00,2021-04-15 19:30:00,62747.11,63342.34999999999,595.2399999999907,5.952399999999907,0.0023659722284052396,1.347014432526313,Thursday,-37.20249999999942
2021-04-16 09:00:00,2021-04-17 17:45:00,60827.0,59910.97,-916.0299999999988,-9.160299999999989,0.0129331125751513,3.8286603123398693,Friday,-199.2474999999995
2021-04-18 03:15:00,2021-04-23 01:45:00,56394.09,49771.75,-6622.3399999999965,-66.22339999999997,0.04290817370796883,5.593511480372206,Sunday,-632.0625
2021-04-23 05:00:00,2021-04-23 07:30:00,49074.77,48097.719999999994,-977.0500000000029,-9.770500000000029,0.01805388673401103,1.4733181704477545,Friday,-225.57000000000153
2021-04-24 22:15:00,2021-04-24 23:45:00,50571.85,50081.67,-490.1800000000003,-4.901800000000003,0.008395098039215714,1.2575407430196581,Saturday,-107.03750000000036
2021-04-25 18:30:00,2021-04-25 20:45:00,49648.48,49206.61,-441.8700000000026,-4.418700000000026,0.005874629844657387,1.240559006684176,Sunday,-73.34749999999985
2021-04-27 03:15:00,2021-04-27 11:45:00,53459.8,55220.55999999998,1760.7599999999802,17.607599999999803,0.008166791867679291,2.02751711219702,Tuesday,-110.04749999999876
2021-04-29 13:30:00,2021-04-29 16:45:00,53861.76,53106.18,-755.5800000000017,-7.555800000000017,0.009099940393403526,2.733818313849824,Thursday,-123.65999999999985
2021-05-01 09:00:00,2021-05-02 03:30:00,57397.14,56738.94,-658.1999999999971,-6.581999999999971,0.008054514786600079,2.872655320851563,Saturday,-116.51499999999942
2021-05-04 14:00:00,2021-05-04 15:00:00,55336.61,54360.86,-975.75,-9.7575,0.011453479284179864,1.996041657445877,Tuesday,-160.28499999999985
2021-05-07 08:00:00,2021-05-07 16:45:00,55671.87,58133.87,2462.0,24.62,0.010934957522442423,1.9081128219271368,Friday,-153.875
2021-05-09 04:00:00,2021-05-09 12:00:00,58157.98,57300.22000000001,-857.7599999999948,-8.577599999999947,0.014271358351077599,1.9678487485962097,Sunday,-210.5024999999987
2021-05-10 08:00:00,2021-05-10 11:15:00,58308.22,57586.520000000004,-721.6999999999971,-7.216999999999971,0.01023086887272021,3.1621036340627313,Monday,-150.67749999999978
2021-05-10 19:45:00,2021-05-10 20:00:00,55828.14,54388.0,-1440.1399999999994,-14.401399999999995,0.021248194692369268,2.03551267783848,Monday,-303.0
2021-05-12 06:00:00,2021-05-12 08:00:00,57248.16,56907.200000000004,-340.9599999999991,-3.4095999999999913,0.003711879877726608,0.8972495929795371,Wednesday,-53.3224999999984
2021-05-12 18:30:00,2021-05-12 22:00:00,54187.7,52879.86,-1307.8399999999965,-13.078399999999965,0.013408132272645926,2.3452574832198128,Wednesday,-184.10750000000007
2021-05-12 23:45:00,2021-05-16 18:45:00,49595.76,45396.99,-4198.770000000004,-41.98770000000004,0.058948805284605985,1.9680897159704331,Wednesday,-776.6875
2021-05-17 12:30:00,2021-05-17 14:30:00,44965.29,43922.9,-1042.3899999999994,-10.423899999999994,0.01822446608589482,1.4504064268015011,Monday,-208.67000000000007
2021-05-17 22:45:00,2021-05-19 01:15:00,42944.15,41397.130000000005,-1547.0199999999968,-15.470199999999968,0.02865924728140211,1.2955194827101428,Monday,-316.7649999999994
2021-05-19 04:15:00,2021-05-19 11:15:00,39591.6,38455.5,-1136.0999999999985,-11.360999999999986,0.025703746176429332,2.7261577434935202,Wednesday,-261.125
2021-05-22 04:45:00,2021-05-23 08:00:00,36294.68,35071.9,-1222.7799999999988,-12.227799999999988,0.022043619475555283,1.4120849236967492,Saturday,-204.52499999999964
2021-05-26 17:00:00,2021-05-27 03:00:00,38302.0,37196.469999999994,-1105.530000000006,-11.055300000000061,0.021255283156759702,1.8569535186973836,Wednesday,-207.95000000000073
2021-05-28 04:30:00,2021-05-28 06:30:00,37361.93,36448.78,-913.1500000000015,-9.131500000000015,0.022584815687226496,1.6045534868989761,Friday,-215.82749999999942
2021-05-30 00:30:00,2021-06-01 00:45:00,33536.38,37838.659999999996,4302.279999999999,43.02279999999999,0.031075105563251992,1.690050828854911,Sunday,-268.8924999999999
2021-06-02 11:00:00,2021-06-02 15:00:00,36967.08,38138.759999999995,1171.679999999993,11.71679999999993,0.007861513687600597,2.0759360473920223,Wednesday,-73.22999999999956
2021-06-02 22:15:00,2021-06-03 01:45:00,37565.24,37270.549999999996,-294.6900000000023,-2.9469000000000234,0.006727976881883599,1.8005700185023035,Wednesday,-63.61250000000109
2021-06-04 01:15:00,2021-06-04 05:30:00,37886.09,36697.59,-1188.5,-11.885,0.02355438144329906,3.082639790963171,Friday,-228.47750000000087
2021-06-05 08:00:00,2021-06-05 09:45:00,37528.74,37134.97,-393.7699999999968,-3.937699999999968,0.007800121458014335,1.3147991296445114,Saturday,-73.75749999999971
2021-06-06 22:30:00,2021-06-07 20:45:00,35318.56,34576.09,-742.4700000000012,-7.424700000000012,0.01740942173633516,2.5759247137445125,Sunday,-156.44250000000102
2021-06-07 23:45:00,2021-06-08 02:45:00,33550.96,32721.089999999997,-829.8700000000026,-8.298700000000027,0.014073224493658174,2.193556549524505,Monday,-119.72750000000087
2021-06-10 12:00:00,2021-06-10 12:15:00,37691.61,37386.01,-305.59999999999854,-3.0559999999999854,0.0043688089389016405,1.0028318543241848,Thursday,-41.347499999999854
2021-06-12 01:30:00,2021-06-12 02:45:00,36336.39,35547.49,-788.9000000000015,-7.8890000000000144,0.01899330181776954,2.3491510676339065,Saturday,-175.8775000000005
2021-06-13 00:00:00,2021-06-13 03:15:00,35461.19,35026.270000000004,-434.91999999999825,-4.349199999999983,0.00942412208759222,1.890570600337401,Sunday,-84.34249999999884
2021-06-13 14:15:00,2021-06-13 16:15:00,35737.79,36786.63,1048.8399999999965,10.488399999999965,0.007283611111111087,1.5284425777215362,Sunday,-65.55249999999978
2021-06-14 08:00:00,2021-06-14 14:15:00,39139.44,40945.84,1806.3999999999942,18.063999999999943,0.011406621296131613,2.1851124355967397,Monday,-112.89999999999964
2021-06-14 19:00:00,2021-06-16 14:45:00,39483.11,38785.07,-698.0400000000009,-6.980400000000009,0.012675665747520479,2.571666900804125,Monday,-126.72500000000036
2021-06-17 12:15:00,2021-06-17 16:45:00,38773.16,38254.130000000005,-519.0299999999988,-5.190299999999988,0.010889532482500533,2.274754827037518,Thursday,-106.71749999999884
2021-06-18 09:30:00,2021-06-18 10:15:00,37557.97,37172.97,-385.0,-3.85,0.007715455746367208,1.4985243739257283,Friday,-73.00749999999971
2021-06-18 18:30:00,2021-06-20 10:00:00,35474.36,34550.340000000004,-924.0199999999968,-9.240199999999968,0.02072214176831362,2.565547238045976,Friday,-187.66499999999905
2021-06-21 04:00:00,2021-06-21 06:15:00,34205.68,33355.9,-849.7799999999988,-8.49779999999999,0.022688714043345375,2.808264937359562,Monday,-198.52499999999964
2021-06-25 09:45:00,2021-06-25 12:30:00,33749.99,33068.7,-681.2900000000009,-6.812900000000009,0.01850446791439271,2.138120256345296,Friday,-159.07500000000073
2021-06-26 07:00:00,2021-06-26 08:00:00,31291.67,30262.57,-1029.0999999999985,-10.290999999999986,0.030982742875440086,2.209234610629875,Saturday,-250.125
2021-06-26 13:45:00,2021-06-27 07:30:00,30799.99,33346.19,2546.2000000000007,25.462000000000007,0.02024872966299724,1.3801109961612024,Saturday,-159.13749999999982
2021-06-27 14:00:00,2021-06-27 22:45:00,32754.32,34607.960000000014,1853.640000000014,18.53640000000014,0.013950682361498015,1.1881285801953574,Sunday,-115.85250000000087
2021-06-28 10:00:00,2021-07-01 06:45:00,34190.01,33475.16,-714.8499999999985,-7.148499999999985,0.017556679405764143,1.7517318017748642,Monday,-152.7474999999995
2021-07-02 01:30:00,2021-07-02 03:00:00,33415.32,32943.41,-471.9099999999962,-4.719099999999962,0.010186553536057255,1.251472225431212,Friday,-85.97249999999985
2021-07-05 11:15:00,2021-07-08 05:45:00,33733.58,32769.14,-964.4400000000023,-9.644400000000024,0.021206205584654806,5.403077685088439,Monday,-182.71500000000015
2021-07-11 04:00:00,2021-07-11 09:15:00,33361.65,33849.40999999998,487.7599999999802,4.877599999999802,0.0036417839305759947,1.4373687956169412,Sunday,-30.484999999998763
2021-07-12 11:00:00,2021-07-12 13:15:00,33680.01,33382.130000000005,-297.8799999999974,-2.978799999999974,0.005047726971942689,1.1332219907829524,Monday,-42.717499999998836
2021-07-13 05:15:00,2021-07-13 12:30:00,32818.45,32469.509999999995,-348.9400000000023,-3.4894000000000234,0.009015306635472373,3.290328468348686,Tuesday,-74.64000000000124
2021-07-14 01:00:00,2021-07-14 03:15:00,32267.0,31908.809999999998,-358.1900000000023,-3.581900000000023,0.010798534852436831,1.4418257650438087,Wednesday,-88.0600000000004
2021-07-19 09:00:00,2021-07-19 12:30:00,31398.31,31109.300000000003,-289.0099999999984,-2.890099999999984,0.006822924393330587,2.420262297229842,Monday,-53.92499999999927
2021-07-19 18:45:00,2021-07-20 02:15:00,30648.39,30439.85,-208.54000000000087,-2.085400000000009,0.0037430672802935376,2.1313954478508643,Monday,-28.787500000000364
2021-07-20 09:45:00,2021-07-21 04:15:00,29404.76,30598.24000000001,1193.4800000000105,11.934800000000106,0.01004506932434402,3.7893097420511515,Tuesday,-74.59250000000065
2021-07-23 16:15:00,2021-07-23 22:30:00,32106.07,33169.75000000001,1063.6800000000076,10.636800000000076,0.008214508901059276,2.971265433040843,Friday,-66.48000000000047
2021-07-28 06:30:00,2021-07-30 09:15:00,39313.28,38424.83,-888.4499999999971,-8.88449999999997,0.019883901708366063,2.027514791935583,Wednesday,-199.38999999999942
2021-08-01 16:15:00,2021-08-01 22:30:00,40882.99,40166.91,-716.0799999999945,-7.160799999999945,0.013588941808899227,4.123701456857243,Sunday,-140.80249999999978
2021-08-02 08:30:00,2021-08-02 12:30:00,39599.87,38902.4,-697.4700000000012,-6.974700000000012,0.012409760516062449,2.081034369381595,Monday,-124.39999999999964
2021-08-02 19:45:00,2021-08-03 03:45:00,39174.29,38514.26,-660.0299999999988,-6.600299999999988,0.01224759537499084,3.0122974340377358,Monday,-121.43499999999949
2021-08-03 05:00:00,2021-08-05 18:30:00,38034.62,40904.099999999984,2869.4799999999814,28.694799999999816,0.01851182352183708,2.4020296524946683,Tuesday,-179.34249999999884
2021-08-06 00:15:00,2021-08-06 01:15:00,40511.47,39947.75,-563.7200000000012,-5.6372000000000115,0.009831665270232088,1.908348276516428,Friday,-100.5625
2021-08-06 04:15:00,2021-08-06 06:15:00,40022.67,41128.03000000001,1105.3600000000151,11.053600000000152,0.006857240413598344,2.019432582351722,Friday,-69.08500000000095
2021-08-08 14:30:00,2021-08-09 00:00:00,44109.09,43239.13,-869.9599999999991,-8.699599999999991,0.01449730952885258,2.677875268713614,Sunday,-162.21750000000065
2021-08-12 05:15:00,2021-08-12 12:15:00,45192.04,44453.38,-738.6600000000035,-7.386600000000035,0.01197319002380649,2.3785337759613516,Thursday,-136.91250000000036
2021-08-12 14:15:00,2021-08-13 07:00:00,44192.78,46208.06,2015.2799999999988,20.15279999999999,0.0112719983175454,2.0400129910881355,Thursday,-125.95499999999993
2021-08-16 15:00:00,2021-08-16 20:00:00,46129.57,45730.240000000005,-399.32999999999447,-3.993299999999945,0.006584855414001422,1.0801754429073949,Monday,-76.4424999999992
2021-08-17 00:15:00,2021-08-17 20:15:00,45586.5,44684.62,-901.8799999999974,-9.018799999999974,0.01203635395870297,4.191790042037641,Tuesday,-138.84499999999935
2021-08-18 11:30:00,2021-08-19 03:00:00,44843.15,44384.18,-458.97000000000116,-4.589700000000012,0.008141559488304159,2.3855113568589514,Wednesday,-92.02249999999913
2021-08-19 11:00:00,2021-08-19 15:45:00,44350.01,45805.57,1455.5599999999977,14.555599999999977,0.00813818521757215,1.4161099276939262,Thursday,-90.97249999999985
2021-08-21 23:30:00,2021-08-22 14:30:00,49010.0,48572.49,-437.51000000000204,-4.37510000000002,0.007082313099098529,1.8823583435661007,Saturday,-87.39500000000044
2021-08-22 14:45:00,2021-08-24 23:45:00,48290.01,47646.53,-643.4800000000032,-6.434800000000032,0.01236173527332251,2.8363321049956016,Sunday,-151.10499999999956
2021-08-26 05:30:00,2021-09-03 10:30:00,47045.79,50554.63,3508.8399999999965,35.088399999999965,0.01830457191745089,3.4383316370789494,Thursday,-219.30249999999978
2021-09-05 05:30:00,2021-09-05 11:15:00,49711.81,50318.57000000001,606.7600000000093,6.067600000000093,0.0030421049465040027,1.8553617656847654,Sunday,-37.92250000000058
2021-09-07 07:00:00,2021-09-07 08:15:00,52239.31,51777.17,-462.1399999999994,-4.621399999999994,0.006671022362747118,4.072787284483395,Tuesday,-87.70750000000044
2021-09-07 08:30:00,2021-09-07 14:15:00,51327.11,50169.6,-1157.510000000002,-11.57510000000002,0.020091825983099144,4.1258126557692965,Tuesday,-263.10000000000036
2021-09-08 06:00:00,2021-09-08 08:00:00,45858.28,45018.82,-839.4599999999991,-8.394599999999992,0.016749336291629457,1.6076357141456346,Wednesday,-195.29500000000007
2021-09-09 00:00:00,2021-09-09 03:00:00,46015.0,45538.950000000004,-476.04999999999563,-4.760499999999957,0.00705516276289619,1.7741717914344632,Thursday,-81.73749999999927
2021-09-10 06:45:00,2021-09-10 07:15:00,46413.0,46126.68,-286.3199999999997,-2.8631999999999973,0.005854391607648658,1.4014161325270589,Friday,-68.32999999999993
2021-09-10 07:30:00,2021-09-10 08:30:00,46228.25,45708.84,-519.4100000000035,-5.194100000000035,0.003980780388947022,2.693999211983242,Friday,-46.19000000000051
2021-09-17 10:00:00,2021-09-17 10:45:00,47653.99,47375.259999999995,-278.7300000000032,-2.787300000000032,0.004824266471755289,1.9320771576759455,Friday,-57.75250000000051
2021-09-19 22:15:00,2021-09-20 02:30:00,47245.39,46764.909999999996,-480.4800000000032,-4.804800000000032,0.00578887250297143,4.567053408805231,Sunday,-68.77250000000095
2021-09-20 07:30:00,2021-09-20 11:15:00,44822.75,43558.8,-1263.949999999997,-12.639499999999972,0.017938718052649454,7.526377711798352,Monday,-204.6875
2021-09-20 18:30:00,2021-09-20 23:30:00,43459.57,42640.75,-818.8199999999997,-8.188199999999997,0.013197983143819756,2.352714851720876,Monday,-145.3125
2021-09-21 20:30:00,2021-09-21 21:15:00,41200.0,40037.0,-1163.0,-11.63,0.019047385487472687,2.6768277497727766,Tuesday,-199.9974999999995
2021-09-22 09:00:00,2021-09-22 10:30:00,42193.39,41957.23,-236.15999999999622,-2.3615999999999624,0.004208468338898754,0.9557413586566207,Wednesday,-44.57999999999993
2021-09-24 05:15:00,2021-09-24 07:30:00,44009.51,45058.670000000006,1049.1600000000035,10.491600000000036,0.005924538871245372,2.2607065573667064,Friday,-65.57250000000022
2021-09-24 09:00:00,2021-09-24 11:00:00,43499.0,41887.06,-1611.9400000000023,-16.119400000000024,0.03377768734814975,5.114466284636579,Friday,-380.1650000000009
2021-09-25 08:30:00,2021-09-26 07:30:00,41820.68,41100.840000000004,-719.8399999999965,-7.198399999999965,0.012501033055411871,2.284971436975643,Saturday,-132.35499999999956
2021-09-28 14:15:00,2021-10-01 07:15:00,41535.23,44529.38999999998,2994.1599999999744,29.941599999999745,0.017702773428197004,1.5117266737971469,Tuesday,-187.1349999999984
2021-10-02 08:15:00,2021-10-03 00:45:00,47547.12,47259.490000000005,-287.6299999999974,-2.876299999999974,0.00524105483891136,2.611456092799428,Saturday,-62.62749999999869
2021-10-03 07:15:00,2021-10-03 09:00:00,47828.0,47632.939999999995,-195.06000000000495,-1.9506000000000496,0.0030293915390072305,1.3010963193488356,Sunday,-36.33250000000044
2021-10-05 04:30:00,2021-10-05 08:30:00,49141.97,49685.169999999984,543.1999999999825,5.431999999999825,0.002755806522900603,1.076585022524772,Tuesday,-33.94999999999891
2021-10-05 12:00:00,2021-10-05 18:15:00,49843.72,50780.48000000001,936.7600000000093,9.367600000000094,0.004676513057354077,1.5141869102565253,Tuesday,-58.54750000000058
2021-10-06 08:30:00,2021-10-06 13:00:00,50660.02,53740.060000000005,3080.040000000008,30.80040000000008,0.014971992044336782,2.3195362498897065,Wednesday,-192.5025000000005
2021-10-07 00:15:00,2021-10-07 01:15:00,54935.99,54248.42999999999,-687.560000000005,-6.875600000000049,0.009972007230939783,1.2517693416121989,Thursday,-138.33500000000095
2021-10-08 12:00:00,2021-10-08 12:15:00,55092.64,54593.979999999996,-498.6600000000035,-4.986600000000035,0.007423160505802649,1.6429694243129993,Friday,-103.00500000000102
2021-10-11 11:00:00,2021-10-12 19:45:00,56087.49,55440.439999999995,-647.0500000000029,-6.47050000000003,0.008302413226998312,4.4813812030827,Monday,-117.39000000000124
2021-10-14 06:45:00,2021-10-14 15:00:00,57725.13,57183.189999999995,-541.9400000000023,-5.4194000000000235,0.005663870531440328,2.840747763998,Thursday,-82.20250000000124
2021-10-17 20:00:00,2021-10-19 18:00:00,59807.97,63569.29000000001,3761.320000000007,37.61320000000007,0.01547911628802784,9.818420891094172,Sunday,-235.08250000000044
2021-10-21 01:45:00,2021-10-21 11:30:00,65125.01,64142.450000000004,-982.5599999999977,-9.825599999999977,0.008898982434268407,3.8776918299772323,Thursday,-146.18749999999818
2021-10-21 14:15:00,2021-10-22 14:30:00,63673.25,61139.0,-2534.25,-25.3425,0.025079905835518383,5.390781491858646,Thursday,-409.5
2021-10-24 11:30:00,2021-10-24 16:00:00,60324.37,59574.950000000004,-749.4199999999983,-7.494199999999982,0.011051421108948687,7.12226420324439,Sunday,-168.52999999999884
2021-10-26 19:30:00,2021-10-26 20:00:00,62193.03,61921.049999999996,-271.9800000000032,-2.719800000000032,0.003316826923076942,0.9850468618735938,Tuesday,-51.74250000000029
2021-10-26 21:45:00,2021-10-27 08:00:00,60852.35,59389.060000000005,-1463.2899999999936,-14.632899999999935,0.01900240669638399,4.063808496867204,Tuesday,-294.6849999999995
2021-10-27 19:00:00,2021-10-28 09:00:00,58349.2,60736.759999999995,2387.5599999999977,23.875599999999977,0.01012603210832134,3.2236682389046205,Wednesday,-149.22249999999985
2021-10-28 17:00:00,2021-10-28 18:30:00,61100.0,60816.96,-283.0400000000009,-2.830400000000009,0.003730710530778409,1.3192568676912,Thursday,-57.20000000000073
2021-10-29 05:30:00,2021-11-01 03:45:00,60739.59,59905.78,-833.8099999999977,-8.338099999999978,0.013262882578465194,3.265105926525927,Friday,-204.10250000000087
2021-11-02 08:00:00,2021-11-02 09:30:00,61492.62,62404.93999999998,912.3199999999779,9.123199999999779,0.0036953566631615403,1.638550273880202,Tuesday,-57.01999999999862
2021-11-03 12:30:00,2021-11-03 13:45:00,62600.35,61794.76,-805.5899999999965,-8.055899999999966,0.00910541555686299,4.510745889809807,Wednesday,-143.8099999999995
2021-11-04 07:30:00,2021-11-04 07:45:00,62346.81,61965.47,-381.3399999999965,-3.813399999999965,0.0029510002504344037,2.436723181275852,Thursday,-46.13249999999971
2021-11-05 15:00:00,2021-11-06 11:00:00,61002.34,60255.17,-747.1699999999983,-7.4716999999999825,0.010267352227632401,3.8850589702392977,Friday,-158.20750000000044
2021-11-09 11:30:00,2021-11-09 15:00:00,67592.71,67097.91,-494.8000000000029,-4.948000000000029,0.004476216271705948,3.8022234397880044,Tuesday,-75.97999999999956
2021-11-10 20:00:00,2021-11-10 20:45:00,66571.89,64992.31,-1579.5800000000017,-15.795800000000018,0.017962790151524795,2.6199110854120544,Wednesday,-304.4225000000006
2021-11-11 14:00:00,2021-11-12 09:30:00,64552.86,64005.7,-547.1600000000035,-5.471600000000035,0.006835683282161911,2.049443741960092,Thursday,-111.07500000000073
2021-11-13 18:30:00,2021-11-16 00:00:00,64135.01,63351.04,-783.9700000000012,-7.839700000000012,0.008924392231303533,4.480809528436184,Saturday,-144.3799999999992
2021-11-16 10:00:00,2021-11-19 02:30:00,58638.4,56420.89,-2217.510000000002,-22.175100000000022,0.032603504268357564,7.128864646911819,Tuesday,-494.0625
2021-11-21 19:15:00,2021-11-21 22:30:00,59356.61,59081.11,-275.5,-2.755,0.002437076503127176,1.0456067036199006,Sunday,-36.25250000000051
2021-11-22 00:00:00,2021-11-22 05:00:00,58100.13,56996.979999999996,-1103.1500000000015,-11.031500000000015,0.018631103243661934,3.9355882240321263,Monday,-275.755000000001
2021-11-24 02:15:00,2021-11-26 08:15:00,56451.71,55434.4,-1017.3099999999977,-10.173099999999977,0.01653032653339965,1.9158034909490318,Wednesday,-237.21249999999964
2021-11-26 12:00:00,2021-11-28 23:30:00,53759.25,57466.17000000001,3706.920000000013,37.06920000000013,0.016946391012833694,1.364077460197653,Friday,-231.6825000000008
2021-11-29 02:45:00,2021-11-29 09:30:00,57370.91,57078.73,-292.1800000000003,-2.921800000000003,0.004417491085105209,1.0699922921888074,Monday,-63.63999999999942
2021-11-29 11:45:00,2021-11-29 17:15:00,56929.74,58313.94000000001,1384.2000000000116,13.842000000000116,0.006041819763638405,1.371028959955918,Monday,-86.51250000000073
2021-11-30 03:30:00,2021-11-30 06:00:00,56885.45,56285.24,-600.2099999999991,-6.0020999999999916,0.008970673882415837,6.117274774456693,Tuesday,-128.73000000000138
2021-12-04 01:00:00,2021-12-04 04:45:00,52667.29,51791.17,-876.1200000000026,-8.761200000000027,0.015787638389209803,2.4741965767914844,Saturday,-211.20750000000044
2021-12-04 05:00:00,2021-12-04 05:15:00,48863.46,43213.299999999996,-5650.1600000000035,-56.50160000000004,0.06599681628009403,4.2899233955687865,Saturday,-863.1750000000011
2021-12-05 15:15:00,2021-12-05 15:45:00,48447.85,47770.34,-677.510000000002,-6.7751000000000206,0.011823158059628226,1.4425004605623561,Sunday,-144.91500000000087
2021-12-07 20:15:00,2021-12-08 10:30:00,50490.43,49964.53,-525.9000000000015,-5.2590000000000146,0.008901360123586948,2.4570453106842893,Tuesday,-113.36750000000029
2021-12-09 09:30:00,2021-12-09 14:45:00,49183.26,48550.14000000001,-633.1199999999953,-6.331199999999954,0.006280946851677065,3.562983219295434,Thursday,-77.71749999999884
2021-12-10 14:45:00,2021-12-11 00:15:00,48269.77,46737.81,-1531.9599999999991,-15.319599999999992,0.027955034802074074,2.7551888461282696,Friday,-347.0475000000006
2021-12-12 08:45:00,2021-12-12 17:00:00,48952.24,50358.079999999994,1405.8399999999965,14.058399999999965,0.007128471088376717,1.4902355528298679,Sunday,-87.86499999999978
2021-12-13 13:00:00,2021-12-13 14:30:00,48409.5,47811.52,-597.9800000000032,-5.979800000000032,0.009587318331253,2.6706100303087386,Monday,-117.15250000000015
2021-12-13 19:30:00,2021-12-24 18:45:00,46048.69,51592.28999999998,5543.599999999977,55.435999999999765,0.02921707555604453,3.802036045776282,Monday,-346.47499999999854
2021-12-25 10:45:00,2021-12-25 17:15:00,50648.01,50368.380000000005,-279.6299999999974,-2.796299999999974,0.0035731127690678717,1.9862019134005324,Saturday,-45.404999999998836
2021-12-27 07:45:00,2021-12-27 14:15:00,50693.01,51549.48999999998,856.4799999999814,8.564799999999813,0.00420609058102461,2.4966243452028376,Monday,-53.529999999998836
2021-12-28 10:00:00,2021-12-28 14:30:00,48867.57,48322.76,-544.8099999999977,-5.448099999999977,0.00857009709273624,2.4569029358532304,Tuesday,-105.60499999999956
2021-12-28 16:15:00,2021-12-28 19:00:00,48290.43,47424.44,-865.989999999998,-8.659899999999979,0.01359506773328448,3.3085486182409887,Tuesday,-166.38999999999942
2021-12-31 07:30:00,2021-12-31 18:30:00,46874.3,46367.12,-507.1800000000003,-5.071800000000003,0.010405517068991597,2.2428985448741297,Friday,-123.21999999999935
2021-12-31 19:30:00,2022-01-05 19:45:00,46007.24,45230.78,-776.4599999999991,-7.764599999999992,0.014337419761481509,1.7392418866837274,Friday,-167.3050000000003
2022-01-07 03:30:00,2022-01-07 15:45:00,41818.31,40522.54,-1295.7699999999968,-12.957699999999969,0.02284010779570035,5.647602677320906,Friday,-244.36499999999978
2022-01-08 17:00:00,2022-01-08 18:00:00,41174.0,40727.22,-446.77999999999884,-4.467799999999989,0.008566864548764739,2.1539340289462845,Saturday,-88.94499999999971
2022-01-09 23:00:00,2022-01-10 11:45:00,41980.74,41484.6,-496.1399999999994,-4.961399999999994,0.0102474597074317,3.038642385912962,Sunday,-108.66250000000036
2022-01-10 14:15:00,2022-01-12 13:30:00,39874.4,43671.63999999999,3797.2399999999907,37.97239999999991,0.023253888487841934,5.360727585190519,Monday,-237.32749999999942
2022-01-13 11:15:00,2022-01-13 15:15:00,43626.7,43258.45,-368.25,-3.6825,0.004752137617853969,2.2293868556577956,Thursday,-52.07750000000124
2022-01-16 11:00:00,2022-01-17 05:00:00,42841.13,42440.13,-401.0,-4.01,0.0071810618525643116,3.7522900502218035,Sunday,-77.46750000000065
2022-01-17 21:30:00,2022-01-19 07:45:00,41639.14,41156.13,-483.01000000000204,-4.83010000000002,0.010124091257793653,3.1613103052815,Monday,-106.46750000000065
2022-01-20 18:00:00,2022-01-20 20:15:00,43016.39,42717.21,-299.1800000000003,-2.991800000000003,0.004738186231842834,1.4479551970537992,Thursday,-51.19750000000022
2022-01-21 03:30:00,2022-01-21 21:45:00,38630.0,37011.53,-1618.4700000000012,-16.184700000000014,0.029847204073888352,2.516689732261134,Friday,-297.1175000000003
2022-01-22 10:00:00,2022-01-24 12:45:00,34442.46,32973.27,-1469.1900000000023,-14.691900000000023,0.027576294093682074,3.2981188721077768,Saturday,-244.1825000000008
2022-01-26 21:45:00,2022-01-27 03:30:00,36311.23,35602.25,-708.9800000000032,-7.089800000000032,0.018836034707871,1.162787010616518,Wednesday,-174.27249999999913
2022-02-02 21:30:00,2022-02-04 16:15:00,36685.68,40102.88000000001,3417.2000000000116,34.17200000000012,0.022757071261092915,3.9120021273893277,Wednesday,-213.57500000000073
2022-02-05 17:00:00,2022-02-07 14:30:00,41030.0,43247.04000000001,2217.040000000008,22.170400000000082,0.013328600773465779,2.66370281507095,Saturday,-138.5650000000005
2022-02-09 02:00:00,2022-02-11 00:45:00,43349.99,42660.77,-689.2200000000012,-6.892200000000011,0.015455646550539706,3.205426790026875,Wednesday,-170.13000000000102
2022-02-12 21:30:00,2022-02-15 23:30:00,41930.38,44648.86000000001,2718.4800000000105,27.184800000000106,0.01594977704764146,7.750235761906869,Saturday,-169.90500000000065
2022-02-17 04:00:00,2022-02-17 09:15:00,43554.3,42924.5,-629.8000000000029,-6.298000000000029,0.009001158136878549,3.8954818370343505,Thursday,-98.89999999999964
2022-02-17 13:00:00,2022-02-17 13:15:00,43111.0,42879.6,-231.40000000000146,-2.3140000000000147,0.00416710940279135,1.4170458892296263,Thursday,-45.100000000000364
2022-02-17 18:15:00,2022-02-18 14:30:00,40962.7,39836.799999999996,-1125.9000000000015,-11.259000000000015,0.020895429632692773,4.081649964636919,Thursday,-218.5500000000011
2022-02-20 06:00:00,2022-02-20 08:30:00,38995.1,38227.1,-768.0,-7.68,0.01447887181560861,4.06227285849286,Sunday,-143.22500000000036
2022-02-21 18:00:00,2022-02-21 21:45:00,37852.0,36870.9,-981.0999999999985,-9.810999999999986,0.024108530929097524,5.0771514432412,Monday,-233.77499999999964
2022-02-23 15:00:00,2022-02-23 17:45:00,38628.9,38177.0,-451.90000000000146,-4.519000000000014,0.00658353242518304,2.1592516088245004,Wednesday,-64.0
2022-02-24 05:30:00,2022-02-24 19:30:00,34405.0,36985.0,2580.0,25.8,0.01840228245363766,1.9688940733484714,Thursday,-161.25
2022-02-26 05:45:00,2022-02-26 09:00:00,39009.7,38609.6,-400.09999999999854,-4.000999999999985,0.008287636930320296,2.051445609935282,Saturday,-81.5
2022-02-27 19:45:00,2022-02-28 22:30:00,37574.7,42690.7,5116.0,51.160000000000004,0.032918357839793896,3.288131391046387,Sunday,-319.75
2022-03-02 18:45:00,2022-03-03 03:45:00,43598.9,43245.8,-353.09999999999854,-3.5309999999999855,0.006252108348604516,0.9052607461943708,Wednesday,-68.57499999999891
2022-03-03 09:30:00,2022-03-03 14:00:00,43259.1,44050.700000000004,791.6000000000058,7.916000000000058,0.004553926870239581,1.8417876491416225,Thursday,-49.475000000000364
2022-03-03 20:00:00,2022-03-04 00:45:00,42077.2,41702.8,-374.3999999999942,-3.743999999999942,0.0070441314243776506,1.6160355272491804,Thursday,-74.625
2022-03-04 01:00:00,2022-03-04 19:00:00,41304.3,40166.4,-1137.9000000000015,-11.379000000000016,0.020944394008708622,3.526480388038539,Friday,-220.89999999999964
2022-03-05 13:00:00,2022-03-06 09:15:00,39000.1,38713.299999999996,-286.8000000000029,-2.868000000000029,0.005551050798362079,1.4900736059203894,Saturday,-54.42500000000109
2022-03-06 23:00:00,2022-03-07 02:15:00,38560.7,37855.7,-705.0,-7.05,0.014548939432660437,4.260439035494016,Sunday,-142.32500000000073
2022-03-08 05:15:00,2022-03-09 03:00:00,38286.2,39515.8,1229.6000000000058,12.296000000000058,0.007965051200199035,1.2447421504075071,Tuesday,-76.85000000000036
2022-03-10 04:30:00,2022-03-13 22:45:00,39551.6,38136.2,-1415.4000000000015,-14.154000000000014,0.02977525058014892,7.1843725475994376,Thursday,-303.4500000000007
2022-03-16 10:30:00,2022-03-16 14:00:00,40383.3,40805.7,422.3999999999942,4.223999999999942,0.0026081222260915596,1.3871836138974787,Wednesday,-26.399999999999636
2022-03-17 06:45:00,2022-03-18 00:45:00,40755.2,40300.2,-455.0,-4.55,0.0065740562438910116,3.4896366958206597,Thursday,-67.42500000000109
2022-03-19 22:00:00,2022-03-20 12:00:00,41818.8,41266.4,-552.4000000000015,-5.524000000000014,0.011945827938494073,3.544948955128462,Saturday,-126.39999999999964
2022-03-22 23:30:00,2022-03-23 01:00:00,42284.0,41985.200000000004,-298.79999999999563,-2.9879999999999565,0.005622826181534238,2.088758761721095,Tuesday,-59.774999999999636
2022-03-25 08:00:00,2022-03-25 13:45:00,43826.8,45038.8,1212.0,12.120000000000001,0.006866108615946593,4.5483614605943234,Friday,-75.75
2022-03-25 15:30:00,2022-03-27 20:30:00,44348.5,46375.29999999999,2026.7999999999884,20.267999999999883,0.011296349141236625,1.687667648604511,Friday,-126.67499999999927
2022-03-28 23:15:00,2022-03-30 01:30:00,47255.1,46620.7,-634.4000000000015,-6.3440000000000145,0.009002944359161548,4.473921246727129,Monday,-107.32500000000073
2022-03-30 10:00:00,2022-03-30 11:15:00,47242.0,47107.1,-134.90000000000146,-1.3490000000000146,0.0020806708843379347,1.2712761951480303,Wednesday,-24.625
2022-03-31 23:30:00,2022-04-01 01:45:00,45419.2,44940.0,-479.1999999999971,-4.791999999999971,0.00792884570859417,3.388665579533663,Thursday,-90.75
2022-04-06 00:15:00,2022-04-06 17:00:00,44907.1,43516.99999999999,-1390.1000000000058,-13.901000000000058,0.018205151749679804,4.415378660888012,Wednesday,-208.1750000000011
2022-04-08 13:00:00,2022-04-08 18:00:00,42992.2,42533.5,-458.6999999999971,-4.586999999999971,0.008681376199886093,2.640893825323136,Friday,-94.125
2022-04-10 22:00:00,2022-04-10 22:45:00,42586.8,41994.200000000004,-592.5999999999985,-5.925999999999986,0.012427329457570937,2.1209776542316425,Sunday,-133.97499999999854
2022-04-11 08:30:00,2022-04-11 09:30:00,42137.0,41914.5,-222.5,-2.225,0.003441139951516585,2.5346119709587613,Monday,-36.375
2022-04-11 09:45:00,2022-04-11 15:45:00,41372.0,40613.0,-759.0,-7.59,0.01764217024813012,4.354921759613493,Monday,-185.75
2022-04-13 01:00:00,2022-04-13 14:15:00,39762.0,40931.20000000001,1169.2000000000116,11.692000000000117,0.007297593516801015,1.861247389838029,Wednesday,-73.07500000000073
2022-04-14 09:15:00,2022-04-14 13:30:00,41038.9,40775.5,-263.40000000000146,-2.6340000000000146,0.003912611862592496,2.183276704907462,Thursday,-40.29999999999927
2022-04-14 14:00:00,2022-04-18 04:15:00,40421.2,39507.0,-914.1999999999971,-9.141999999999971,0.018478857370417316,1.7981650323140252,Thursday,-190.25
2022-04-20 15:15:00,2022-04-21 13:30:00,41176.0,42926.0,1750.0,17.5,0.010513415117690173,2.1853527559231547,Wednesday,-109.375
2022-04-21 20:00:00,2022-04-21 20:30:00,41187.3,40800.3,-387.0,-3.87,0.00758276709556159,1.4089514843915514,Thursday,-78.67499999999927
2022-04-22 16:00:00,2022-04-25 00:45:00,39364.8,38723.700000000004,-641.0999999999985,-6.410999999999985,0.010290616255301708,1.166256194431521,Friday,-102.32499999999891
2022-04-25 05:45:00,2022-04-25 06:45:00,38955.3,38712.4,-242.90000000000146,-2.4290000000000145,0.005265375432503788,1.6826473149401378,Monday,-51.54999999999927
2022-04-25 07:00:00,2022-04-25 22:45:00,38436.1,40551.700000000004,2115.600000000006,21.15600000000006,0.013573720005132848,4.250762293012513,Monday,-132.22500000000036
2022-04-28 20:00:00,2022-04-29 03:00:00,39738.7,39345.0,-393.6999999999971,-3.936999999999971,0.009306441962505059,2.4353887886858314,Thursday,-93.32500000000073
2022-04-29 08:30:00,2022-04-29 09:00:00,39430.3,39226.3,-204.0,-2.04,0.0038828819725140735,1.7861805699213904,Friday,-38.42499999999927
2022-04-29 10:45:00,2022-04-29 18:45:00,38789.5,38292.9,-496.59999999999854,-4.965999999999986,0.009099339135588254,3.1085521993718763,Friday,-89.04999999999927
2022-04-30 17:00:00,2022-04-30 23:00:00,38314.9,38063.5,-251.40000000000146,-2.5140000000000144,0.005618794022537463,1.772000589805482,Saturday,-54.125
2022-05-01 09:30:00,2022-05-01 15:30:00,37906.7,38345.90000000001,439.20000000001164,4.392000000000117,0.002888219588862807,1.7827509820520941,Sunday,-27.450000000000728
2022-05-03 13:30:00,2022-05-03 17:45:00,38294.9,38054.9,-240.0,-2.4,0.003839500552773585,4.97721890657632,Tuesday,-36.899999999999636
2022-05-05 13:30:00,2022-05-05 13:45:00,39224.6,38936.0,-288.59999999999854,-2.8859999999999855,0.007188308368304623,4.083063093619875,Thursday,-71.0
2022-05-05 14:00:00,2022-05-05 14:45:00,38870.5,38201.2,-669.3000000000029,-6.693000000000029,0.013221193512273088,3.779013490603212,Thursday,-130.20000000000073
2022-05-06 11:00:00,2022-05-06 13:30:00,35779.1,35217.399999999994,-561.7000000000044,-5.6170000000000435,0.012549056405897376,2.831815831610699,Friday,-113.67500000000109
2022-05-07 20:30:00,2022-05-07 21:00:00,35764.5,35629.899999999994,-134.60000000000582,-1.3460000000000583,0.002615851839044319,2.3818359712186306,Saturday,-23.450000000000728
2022-05-08 02:15:00,2022-05-08 17:00:00,34580.9,33801.0,-779.9000000000015,-7.799000000000015,0.014449425585458234,1.8981291070037436,Sunday,-126.75
2022-05-08 20:30:00,2022-05-08 23:30:00,34318.2,33982.7,-335.5,-3.355,0.007728672420523136,2.4845698312314726,Sunday,-66.82500000000073
2022-05-09 10:30:00,2022-05-09 14:30:00,33055.8,32529.200000000004,-526.5999999999985,-5.265999999999986,0.013321552977275922,2.77877513126623,Monday,-111.57499999999891
2022-05-09 17:00:00,2022-05-10 00:00:00,31439.2,30001.800000000003,-1437.3999999999978,-14.37399999999998,0.02680381735391619,2.902175278111,Monday,-216.47499999999945
2022-05-10 20:30:00,2022-05-10 21:15:00,31040.2,30678.9,-361.2999999999993,-3.612999999999993,0.008870298231049213,1.1220464278903224,Tuesday,-69.44999999999982
2022-05-11 06:45:00,2022-05-11 12:45:00,30487.4,29395.4,-1092.0,-10.92,0.02987625014716966,2.1898360441061815,Wednesday,-234.72499999999945
2022-05-11 17:15:00,2022-05-11 20:00:00,30001.5,29153.3,-848.2000000000007,-8.482000000000008,0.021420044229602545,1.2250227121690476,Wednesday,-164.17500000000018
2022-05-12 04:15:00,2022-05-30 21:15:00,27852.7,31834.299999999992,3981.5999999999913,39.81599999999991,0.034504872071297515,3.772633658548309,Thursday,-248.84999999999945
2022-06-01 14:30:00,2022-06-01 16:30:00,31158.4,30358.9,-799.5,-7.995,0.017689433944419002,2.859401800185444,Wednesday,-140.27499999999964
2022-06-01 20:15:00,2022-06-11 09:00:00,29603.7,28766.3,-837.4000000000015,-8.374000000000015,0.022896354142599717,2.767298715140075,Wednesday,-173.42500000000018
2022-06-12 05:00:00,2022-06-12 05:30:00,27383.7,27184.4,-199.29999999999927,-1.9929999999999928,0.004482495364816202,2.114817250987131,Sunday,-30.824999999999818
2022-06-13 11:15:00,2022-06-13 14:45:00,23608.6,22989.399999999998,-619.2000000000007,-6.192000000000007,0.023417043437974502,1.4370142037678355,Monday,-141.52500000000055
2022-06-13 23:00:00,2022-06-14 01:00:00,22207.3,21492.8,-714.5,-7.1450000000000005,0.030659502306883173,3.211017407939702,Monday,-175.60000000000036
2022-06-17 03:45:00,2022-06-17 08:30:00,20369.0,21373.800000000003,1004.8000000000029,10.048000000000028,0.01218222907634265,1.3653773380052912,Friday,-62.80000000000018
2022-06-17 12:45:00,2022-06-18 06:45:00,20645.1,20232.699999999997,-412.40000000000146,-4.124000000000015,0.01635665415181733,2.4944759598175033,Friday,-85.82500000000073
2022-06-18 20:00:00,2022-06-18 22:15:00,17900.0,19223.600000000006,1323.6000000000058,13.23600000000006,0.01815050271791307,3.073137238090015,Saturday,-82.72500000000036
2022-06-19 01:45:00,2022-06-19 05:15:00,18473.9,17959.100000000002,-514.7999999999993,-5.147999999999993,0.02330978915981125,1.6868818367624807,Sunday,-110.22499999999945
2022-06-20 01:00:00,2022-06-21 14:00:00,19875.2,21662.399999999998,1787.199999999997,17.87199999999997,0.021986024997539575,1.359704890455984,Monday,-111.69999999999982
2022-06-22 16:00:00,2022-06-26 11:45:00,20020.3,21760.3,1740.0,17.400000000000002,0.021265882191901366,2.532670034580489,Wednesday,-108.75
2022-06-28 14:30:00,2022-06-28 18:00:00,20776.6,20442.1,-334.5,-3.345,0.012730167027014253,2.008735098337006,Tuesday,-66.97500000000036
2022-06-30 06:30:00,2022-06-30 13:30:00,19495.3,18848.7,-646.5999999999985,-6.465999999999986,0.024747373686843457,6.82233091698093,Thursday,-123.67500000000018
2022-07-04 02:45:00,2022-07-04 11:45:00,19066.1,19668.1,602.0,6.0200000000000005,0.00783177044846643,2.7842151897968614,Monday,-37.625
2022-07-05 08:30:00,2022-07-05 11:45:00,19857.3,19487.2,-370.09999999999854,-3.7009999999999854,0.017344787656251547,2.0445799553848674,Tuesday,-87.625
2022-07-07 04:30:00,2022-07-07 05:45:00,20388.2,20261.8,-126.40000000000146,-1.2640000000000147,0.004190680863534203,1.6559102630861988,Thursday,-21.449999999999818
2022-07-08 08:45:00,2022-07-10 13:30:00,21431.5,21047.0,-384.5,-3.845,0.01715163605512371,3.080736203728228,Friday,-93.5
2022-07-11 22:00:00,2022-07-12 00:15:00,20104.1,19828.8,-275.2999999999993,-2.7529999999999926,0.011889314853042439,3.31151647247712,Monday,-60.475000000000364
2022-07-12 09:30:00,2022-07-12 19:15:00,19625.0,19412.300000000003,-212.6999999999971,-2.126999999999971,0.007088251514032236,4.138011340240585,Tuesday,-35.024999999999636
2022-07-16 05:45:00,2022-07-16 16:00:00,20589.7,21186.500000000004,596.8000000000029,5.968000000000029,0.007194209914701393,2.63136452342193,Saturday,-37.30000000000018
2022-07-16 20:15:00,2022-07-18 06:30:00,20966.0,22080.0,1114.0,11.14,0.013109275341853185,2.269900773850616,Saturday,-69.625
2022-07-20 16:30:00,2022-07-20 20:15:00,23626.2,23012.7,-613.5,-6.135,0.021831204587326857,2.1295781527007964,Wednesday,-131.82499999999982
2022-07-21 02:45:00,2022-07-23 14:45:00,22689.0,22074.6,-614.4000000000015,-6.144000000000014,0.026156302578717913,4.650075860829785,Thursday,-152.35000000000036
2022-07-24 18:30:00,2022-07-24 22:30:00,22698.8,22946.8,248.0,2.48,0.0027239815823696884,0.7435652715271884,Sunday,-15.5
2022-07-25 22:00:00,2022-07-25 22:15:00,21859.2,21624.2,-235.0,-2.35,0.010089665791142073,1.5952939442950254,Monday,-55.69999999999982
2022-07-28 05:00:00,2022-07-28 07:30:00,23033.5,22898.1,-135.40000000000146,-1.3540000000000145,0.005642327384498525,1.130938207760238,Thursday,-32.67500000000018
2022-07-29 11:30:00,2022-08-01 06:15:00,23607.7,23153.7,-454.0,-4.54,0.016427797683526344,3.5762527980465864,Friday,-98.57499999999982
2022-08-01 17:30:00,2022-08-04 16:45:00,22917.2,22574.0,-343.2000000000007,-3.4320000000000075,0.01190003966679889,1.9942275202500854,Monday,-69.0
2022-08-06 06:30:00,2022-08-06 17:00:00,23137.1,23080.1,-57.0,-0.5700000000000001,0.002216615994997583,0.9342009165283922,Saturday,-12.850000000000364
2022-08-09 09:45:00,2022-08-09 13:45:00,23465.1,23122.3,-342.7999999999993,-3.427999999999993,0.014187406523602297,2.852610676843626,Tuesday,-84.42500000000018
2022-08-10 18:45:00,2022-08-11 07:30:00,23587.0,24741.399999999994,1154.3999999999942,11.543999999999942,0.012087654341670934,3.419784444516952,Wednesday,-72.14999999999964
2022-08-12 20:15:00,2022-08-13 01:30:00,24061.6,24583.200000000004,521.6000000000058,5.216000000000058,0.0053902116402117,1.498643860430045,Friday,-32.600000000000364
2022-08-13 11:30:00,2022-08-14 07:15:00,24333.4,24946.999999999993,613.5999999999913,6.135999999999913,0.006264599702696875,1.830172517677658,Saturday,-38.349999999999454
2022-08-14 16:30:00,2022-08-14 17:00:00,24396.4,24234.4,-162.0,-1.62,0.004716057441253204,3.5319779065845607,Sunday,-28.899999999999636
2022-08-15 17:30:00,2022-08-15 19:30:00,24120.0,23956.3,-163.70000000000073,-1.6370000000000073,0.005003857053870843,1.2881929119455147,Monday,-30.324999999999818
2022-08-16 22:15:00,2022-08-17 05:15:00,23873.9,24126.69999999999,252.79999999998836,2.5279999999998837,0.0026402529963945962,1.2511325486882652,Tuesday,-15.799999999999272
2022-08-18 16:30:00,2022-08-19 00:00:00,23255.6,23066.199999999997,-189.40000000000146,-1.8940000000000146,0.007845730497664261,2.391623873472027,Thursday,-45.975000000000364
2022-08-19 11:00:00,2022-08-19 21:45:00,21482.1,21049.499999999996,-432.6000000000022,-4.326000000000022,0.011417290222823636,3.9232560139778587,Friday,-62.025000000000546
2022-08-24 01:45:00,2022-08-24 16:00:00,21251.6,21829.200000000004,577.6000000000058,5.776000000000058,0.0067489250327164635,1.91958717640321,Wednesday,-36.100000000000364
2022-08-24 22:15:00,2022-08-26 11:00:00,21495.9,21261.0,-234.90000000000146,-2.3490000000000144,0.008624307634126431,2.5867221042511463,Wednesday,-46.75
2022-08-28 14:15:00,2022-08-28 23:15:00,19850.9,19696.9,-154.0,-1.54,0.00485767854099188,2.9714236688606492,Sunday,-24.224999999999454
2022-08-31 15:00:00,2022-09-01 16:45:00,19988.2,19570.4,-417.7999999999993,-4.177999999999993,0.013795281184933665,2.927714133557891,Wednesday,-69.89999999999964
2022-09-03 06:15:00,2022-09-03 09:00:00,19856.2,19726.5,-129.70000000000073,-1.2970000000000073,0.004512137650279251,4.611811913536791,Saturday,-22.5
2022-09-04 06:45:00,2022-09-04 08:00:00,19693.0,19586.4,-106.59999999999854,-1.0659999999999854,0.0042272180253430085,2.4430907685065115,Sunday,-20.899999999999636
2022-09-18 09:45:00,2022-09-18 18:15:00,19824.5,19566.1,-258.40000000000146,-2.5840000000000147,0.011907254004804841,10.67774465176056,Sunday,-59.725000000000364
2022-09-18 21:00:00,2022-09-19 02:15:00,19469.1,19133.1,-336.0,-3.36,0.013023420865862388,8.689308361950163,Sunday,-64.22500000000036
2022-09-19 05:30:00,2022-09-19 05:45:00,18771.4,18667.5,-103.90000000000146,-1.0390000000000146,0.0017549084256876049,1.3178827094588363,Monday,-8.25
2022-09-20 09:45:00,2022-09-20 12:00:00,19222.5,19083.9,-138.59999999999854,-1.3859999999999855,0.0033338863886180846,1.837868007939745,Tuesday,-16.074999999999818
2022-09-20 17:30:00,2022-09-21 17:45:00,18852.9,19802.1,949.1999999999971,9.49199999999997,0.01243046170286321,1.7124318763066577,Tuesday,-59.32499999999982
2022-09-23 08:45:00,2022-09-23 11:15:00,19061.7,18879.100000000002,-182.59999999999854,-1.8259999999999854,0.007492606323155633,1.789024225828033,Friday,-35.974999999999454
2022-09-25 09:45:00,2022-09-25 10:15:00,19033.3,18983.899999999998,-49.400000000001455,-0.49400000000001454,0.001893085257008725,1.7783842748877976,Sunday,-9.025000000000546
2022-09-25 13:30:00,2022-09-25 21:30:00,18902.1,18676.1,-226.0,-2.2600000000000002,0.009313514816717194,3.1803132750287384,Sunday,-44.42500000000018
2022-09-27 15:45:00,2022-09-27 16:00:00,19885.3,19563.100000000002,-322.1999999999971,-3.221999999999971,0.014730510439685636,2.533646682571005,Tuesday,-74.32499999999982
2022-09-27 16:15:00,2022-09-27 18:15:00,19482.9,18805.6,-677.3000000000029,-6.773000000000029,0.028909080940442308,3.051758419052796,Tuesday,-145.0
2022-09-28 07:00:00,2022-09-28 14:15:00,18637.4,19209.4,572.0,5.72,0.007614321313710037,1.8445126828025609,Wednesday,-35.75
2022-10-02 00:15:00,2022-10-02 00:45:00,19282.7,19247.2,-35.5,-0.355,0.0011033982594280602,1.5805445061468433,Sunday,-5.324999999999818
2022-10-02 14:30:00,2022-10-02 14:45:00,19129.1,19081.199999999997,-47.900000000001455,-0.4790000000000146,0.0011904824064454655,1.7403558528128518,Sunday,-5.700000000000728
2022-10-02 21:15:00,2022-10-02 23:00:00,19136.4,19007.5,-128.90000000000146,-1.2890000000000146,0.004530912684994852,3.5622168302356547,Sunday,-21.774999999999636
2022-10-07 05:00:00,2022-10-07 06:15:00,19914.2,19823.4,-90.79999999999927,-0.9079999999999927,0.0038815914524954506,2.5050900204133852,Friday,-19.399999999999636
2022-10-10 08:15:00,2022-10-11 14:00:00,19191.8,18927.5,-264.2999999999993,-2.6429999999999927,0.011379148701623239,5.253285403700794,Monday,-55.225000000000364
2022-10-13 10:15:00,2022-10-13 12:30:00,18761.8,18486.4,-275.3999999999978,-2.7539999999999782,0.012827798122658548,13.586722504727705,Thursday,-60.94999999999982
2022-10-14 07:30:00,2022-10-14 14:15:00,19612.0,19389.0,-223.0,-2.23,0.008668840195112089,3.6208789684296585,Friday,-42.875
2022-10-14 18:30:00,2022-10-20 00:45:00,19150.4,18915.300000000003,-235.09999999999854,-2.3509999999999853,0.010576023890343997,3.5481267850705573,Friday,-51.17499999999927
2022-10-20 18:00:00,2022-10-21 12:00:00,19003.8,18869.499999999996,-134.3000000000029,-1.343000000000029,0.006981094610553271,1.693358602894718,Thursday,-33.400000000000546
2022-10-22 18:00:00,2022-10-23 12:15:00,19132.1,19072.699999999997,-59.400000000001455,-0.5940000000000145,0.002570198212852185,1.4423229886825024,Saturday,-12.325000000000728
2022-10-26 12:15:00,2022-10-26 13:30:00,20524.0,20343.0,-181.0,-1.81,0.004510840568462919,2.397928165571366,Wednesday,-23.25
2022-10-27 13:45:00,2022-10-27 20:15:00,20512.2,20241.8,-270.40000000000146,-2.7040000000000144,0.008612689943162081,1.6315740318351222,Thursday,-44.55000000000018
2022-10-28 07:45:00,2022-10-28 16:45:00,20069.9,20731.1,661.1999999999971,6.611999999999971,0.008168933343875981,3.181945703563619,Friday,-41.32499999999982
2022-11-01 14:00:00,2022-11-02 18:00:00,20379.3,20181.7,-197.59999999999854,-1.9759999999999855,0.006740554450812925,2.378573465610061,Tuesday,-34.57499999999982
2022-11-03 11:30:00,2022-11-04 12:30:00,20113.1,20700.30000000001,587.2000000000116,5.872000000000116,0.007245840305233634,3.5061384966164577,Thursday,-36.70000000000073
2022-11-04 16:00:00,2022-11-08 03:15:00,20790.5,20356.1,-434.40000000000146,-4.3440000000000145,0.014406667172330165,2.468188053685233,Friday,-75.97500000000036
2022-11-08 13:45:00,2022-11-08 14:30:00,19547.1,19371.499999999996,-175.60000000000218,-1.7560000000000218,0.007670751642282147,3.4975309432306703,Tuesday,-37.775000000000546
2022-11-08 18:15:00,2022-11-08 19:30:00,18738.4,17312.9,-1425.5,-14.255,0.051628413088037985,1.9242975272593286,Tuesday,-255.02499999999964
2022-11-09 03:00:00,2022-11-09 09:45:00,17990.2,17608.800000000003,-381.3999999999978,-3.8139999999999783,0.020024185904629017,1.61328307127157,Wednesday,-91.89999999999964
2022-11-11 14:15:00,2022-11-21 21:45:00,16440.7,15458.2,-982.5,-9.825000000000001,0.054180929095354484,5.784697204412457,Friday,-235.44999999999982
2022-11-26 18:30:00,2022-11-26 18:45:00,16499.0,16469.0,-30.0,-0.3,0.0007449443714304309,2.296405111477852,Saturday,-3.074999999999818
2022-11-26 19:00:00,2022-11-28 01:00:00,16451.5,16361.100000000002,-90.39999999999782,-0.9039999999999782,0.0031870868450868907,4.32568214514362,Saturday,-13.149999999999636
2022-11-29 13:30:00,2022-11-29 14:45:00,16425.6,16344.899999999998,-80.70000000000073,-0.8070000000000073,0.003343304592644862,3.64818843868917,Tuesday,-13.775000000000546
2022-11-30 00:00:00,2022-11-30 00:30:00,16427.9,16529.9,102.0,1.02,0.0015498316457388745,1.2978954621569139,Wednesday,-6.375
2022-11-30 12:45:00,2022-11-30 22:45:00,16771.2,17179.599999999995,408.3999999999942,4.083999999999942,0.006050979950572712,4.346632324848263,Wednesday,-25.524999999999636
2022-12-03 14:15:00,2022-12-03 21:00:00,16934.7,16902.2,-32.5,-0.325,0.0008967604528640716,2.3973004540086396,Saturday,-3.800000000000182
2022-12-04 11:30:00,2022-12-05 00:30:00,16922.8,17209.999999999996,287.1999999999971,2.871999999999971,0.004224871429748231,4.356535560596154,Sunday,-17.949999999999818
2022-12-06 15:00:00,2022-12-06 23:15:00,16956.2,17089.000000000004,132.8000000000029,1.3280000000000292,0.001954159652489242,2.0207051653084096,Tuesday,-8.300000000000182
2022-12-07 07:00:00,2022-12-13 13:15:00,16773.1,17616.30000000001,843.2000000000116,8.432000000000116,0.01241175466176808,8.235373241927967,Wednesday,-52.70000000000073
2022-12-16 05:00:00,2022-12-16 07:45:00,17369.2,17516.399999999998,147.1999999999971,1.4719999999999709,0.002114213489601245,1.4185189780676877,Friday,-9.199999999999818
2022-12-16 09:00:00,2022-12-16 23:15:00,17017.6,16544.7,-472.8999999999978,-4.728999999999978,0.025008450736503172,4.726914961383928,Friday,-109.125
2022-12-17 09:30:00,2022-12-17 14:45:00,16677.0,16634.8,-42.20000000000073,-0.42200000000000726,0.0021420707481690244,1.6952431829666026,Saturday,-8.949999999999818
2022-12-17 17:30:00,2022-12-17 23:00:00,16658.4,16771.6,113.19999999999709,1.131999999999971,0.0016959614543318494,3.029248903298001,Saturday,-7.074999999999818
2022-12-19 14:00:00,2022-12-19 16:15:00,16680.2,16623.300000000003,-56.89999999999782,-0.5689999999999782,0.0019804586766227223,2.817513730237276,Monday,-8.274999999999636
2022-12-21 16:30:00,2022-12-21 19:45:00,16805.4,16737.000000000004,-68.39999999999782,-0.6839999999999782,0.002919084404257419,1.0992186871957264,Wednesday,-12.299999999999272
2022-12-23 06:15:00,2022-12-23 06:30:00,16808.9,16841.299999999996,32.39999999999418,0.3239999999999418,0.00048165546768142624,2.8693368850272094,Friday,-2.024999999999636
2022-12-28 05:15:00,2022-12-28 05:30:00,16635.9,16604.5,-31.400000000001455,-0.31400000000001455,0.0017162231090040831,1.113744672979197,Wednesday,-7.149999999999636
2022-12-28 20:00:00,2022-12-28 21:15:00,16585.6,16553.199999999997,-32.400000000001455,-0.32400000000001455,0.001120198503993097,2.0802913457460828,Wednesday,-4.650000000000546
2022-12-29 02:15:00,2022-12-30 07:15:00,16494.0,16424.6,-69.40000000000146,-0.6940000000000146,0.003756900738092118,2.665410217484173,Thursday,-15.550000000000182
2023-01-02 13:00:00,2023-01-02 13:30:00,16710.9,16686.9,-24.0,-0.24,0.0011237499775847309,1.2142939261653478,Monday,-4.699999999999818
2023-01-05 03:30:00,2023-01-05 07:15:00,16815.0,16799.1,-15.900000000001455,-0.15900000000001455,0.0007665840657480408,1.3986018591665939,Thursday,-3.225000000000364
2023-01-06 04:15:00,2023-01-06 09:15:00,16802.5,16769.7,-32.79999999999927,-0.32799999999999274,0.0017526140684410647,4.490397504523368,Friday,-7.375
2023-01-12 13:30:00,2023-01-12 17:30:00,18149.9,18603.499999999993,453.59999999999127,4.5359999999999125,0.006209173588562736,9.659381253351462,Thursday,-28.349999999999454
