Date,Open,High,Low,Close,Volume,Qav,Num_trades,Taker_base_vol,Taker_quote_vol
2021-03-03,0.8085,0.8439,0.7702,0.7904,23656874.0,19031799.8131,58028.0,10512779.0,8477984.9257
2021-03-04,0.7918,0.8049,0.6666,0.7051,36344364.0,26608462.6721,85887.0,16478751.0,12081173.8891
2021-03-05,0.7062,0.7401,0.6389,0.7157,46489036.0,32036714.6415,79993.0,21510751.0,14845513.0321
2021-03-06,0.7165,0.7988,0.6998,0.7324,71960254.0,53896986.6565,127478.0,33630890.0,25240598.2245
2021-03-07,0.7326,0.7586,0.7043,0.7156,35488470.0,25914442.0354,57120.0,15666610.0,11456801.8109
2021-03-08,0.7157,0.73,0.673,0.7174,57070082.0,39877688.3928,63023.0,26000287.0,18172103.1351
2021-03-09,0.7175,0.7319,0.6885,0.7006,58202329.0,40867691.9139,57509.0,25765770.0,18100207.3985
2021-03-10,0.7008,0.7019,0.4936,0.5341,448040147.0,252003631.3573,464554.0,204288083.0,114854499.638
2021-03-11,0.5338,0.543,0.4655,0.4946,399110725.0,198579068.6256,1083763.0,195232152.0,97184687.3518
2021-03-12,0.4946,0.498,0.3111,0.3906,1463509858.0,585451467.7151,1756582.0,686315704.0,275526418.9258
2021-03-13,0.3906,0.3972,0.35,0.3641,449378925.0,169389432.5711,341905.0,203462264.0,76785449.5317
2021-03-14,0.3645,0.3685,0.3305,0.3305,279738505.0,98930705.7756,204408.0,121759794.0,43147169.9428
2021-03-15,0.331,0.38,0.3215,0.3739,508952574.0,180686702.4933,412202.0,240558794.0,85544436.377
2021-03-16,0.3738,0.419,0.3501,0.3947,446999135.0,172830733.3539,357673.0,205083871.0,79373936.7403
2021-03-17,0.3952,0.407,0.3645,0.3922,201494565.0,77329996.7073,165917.0,90164246.0,34636167.0594
2021-03-18,0.3925,0.3959,0.3701,0.374,113066408.0,43001913.1221,100033.0,48118424.0,18317942.8327
2021-03-19,0.374,0.3937,0.3595,0.3784,116601936.0,44306663.9659,105141.0,50699172.0,19288636.9041
2021-03-20,0.3784,0.385,0.3618,0.3638,84264800.0,31829195.7603,63224.0,34939233.0,13213567.4412
2021-03-21,0.3639,0.3729,0.3425,0.3673,109416688.0,39235325.126,93486.0,48351244.0,17350557.4519
2021-03-22,0.3672,0.3879,0.3469,0.3562,143827150.0,52994992.7255,144519.0,64650624.0,23855818.4328
2021-03-23,0.3562,0.3678,0.3452,0.3562,79316686.0,28345719.4661,77733.0,35653833.0,12753064.9374
2021-03-24,0.3562,0.37,0.305,0.3303,135395328.0,46620759.6063,180171.0,58595443.0,20212334.5221
2021-03-25,0.3303,0.3365,0.3113,0.3197,108184111.0,35049013.0923,100373.0,52383105.0,16978617.9061
2021-03-26,0.3198,0.3485,0.3192,0.3429,92543330.0,31083335.3105,82166.0,43704310.0,14679348.9523
2021-03-27,0.3429,0.3519,0.3319,0.346,67025096.0,22879605.2658,63655.0,28501717.0,9736102.1591
2021-03-28,0.346,0.3668,0.3404,0.3595,98322171.0,35033719.4221,86200.0,44741428.0,15956990.7514
2021-03-29,0.3595,0.3803,0.3504,0.3748,104242115.0,38221705.0817,89625.0,46822093.0,17180001.0455
2021-03-30,0.3747,0.3975,0.374,0.3833,122385091.0,47327587.0399,101408.0,55433341.0,21449735.9685
2021-03-31,0.3833,0.3858,0.3398,0.3696,154778195.0,56451925.1374,152075.0,69411794.0,25325599.422
2021-04-01,0.3698,0.3767,0.355,0.363,81438434.0,29623308.0592,87697.0,34813200.0,12669653.6656
2021-04-02,0.363,0.3726,0.356,0.3611,94900163.0,34433974.1759,88590.0,40768089.0,14805975.3607
2021-04-03,0.3614,0.408,0.3574,0.3628,282834982.0,108332557.2489,261576.0,130572001.0,50037164.1469
2021-04-04,0.3629,0.3926,0.3568,0.3886,112866163.0,42617774.8812,109020.0,52833730.0,19948326.8574
2021-04-05,0.3885,0.4319,0.3666,0.423,239227892.0,95010928.0482,217570.0,108816087.0,43298069.1959
2021-04-06,0.423,0.4881,0.396,0.4853,461459645.0,199469778.7985,498215.0,210389099.0,91191761.5008
2021-04-07,0.4853,0.4899,0.3432,0.3822,572489849.0,234539686.9992,654625.0,256210541.0,104970810.1468
2021-04-08,0.3821,0.4209,0.3781,0.4153,192314328.0,77411003.7816,195142.0,87531877.0,35235560.9708
2021-04-09,0.4151,0.426,0.3974,0.4062,126065157.0,51360644.2184,128553.0,55662943.0,22700050.9426
2021-04-10,0.4063,0.4287,0.4006,0.4166,142494350.0,58892645.6937,141397.0,61284003.0,25342891.6731
2021-04-11,0.4166,0.4565,0.4165,0.4435,229926460.0,101354197.4986,225870.0,105209830.0,46392574.7167
2021-04-12,0.4437,0.4451,0.411,0.4218,136052827.0,57625544.995,139124.0,57976918.0,24550835.4512
2021-04-13,0.4219,0.4307,0.4039,0.4253,135940107.0,56944409.6424,134452.0,59827891.0,25083189.5156
2021-04-14,0.4255,0.4411,0.3811,0.4183,267063175.0,111233108.0277,270074.0,119750200.0,49909927.5176
2021-04-15,0.4183,0.4476,0.4106,0.4389,134381555.0,57438495.5881,130064.0,59163050.0,25307505.742
2021-04-16,0.4393,0.4624,0.3975,0.458,260035466.0,111491371.1116,237221.0,116333580.0,49966255.312
2021-04-17,0.4582,0.5286,0.4372,0.471,509668889.0,244511392.2877,458493.0,234343705.0,112443940.5211
2021-04-18,0.471,0.4757,0.2586,0.4045,541041475.0,208517549.1941,629407.0,251309358.0,97127791.4992
2021-04-19,0.4045,0.4167,0.3664,0.3766,181866873.0,71604043.0075,186372.0,83990902.0,33067279.2393
2021-04-20,0.3766,0.3854,0.339,0.3722,184568096.0,66840222.094,192592.0,87403575.0,31668211.1232
2021-04-21,0.3723,0.3835,0.3544,0.3568,133091130.0,49358014.1906,133929.0,61582837.0,22849189.6527
2021-04-22,0.3568,0.3644,0.2985,0.2988,224772049.0,76166763.1371,195651.0,103745172.0,35203234.0638
2021-04-23,0.2987,0.3039,0.2219,0.2885,560190690.0,148544534.4589,433821.0,273250048.0,72520170.9254
2021-04-24,0.2886,0.2927,0.2627,0.2697,208748328.0,57965562.8673,190623.0,99529926.0,27640025.716
2021-04-25,0.2697,0.2999,0.2511,0.2701,177423815.0,49175244.1727,149099.0,85251340.0,23630441.2115
2021-04-26,0.2702,0.3161,0.2666,0.314,180202268.0,53742859.8379,155553.0,84662507.0,25252655.7678
2021-04-27,0.3139,0.3525,0.307,0.3476,190396239.0,63523367.8569,152900.0,89703053.0,29942189.0619
2021-04-28,0.3475,0.3602,0.3082,0.3337,198934478.0,65887674.1957,157553.0,91436918.0,30278484.4758
2021-04-29,0.3338,0.3492,0.3206,0.3357,255190388.0,85691198.6267,191512.0,121833394.0,40940795.0966
2021-04-30,0.3356,0.3586,0.3263,0.353,158987286.0,54732321.803,125585.0,70732619.0,24360700.7962
2021-05-01,0.3531,0.3551,0.3336,0.3518,130320839.0,45167705.5763,100634.0,56623608.0,19634368.9792
2021-05-02,0.3519,0.3524,0.3286,0.3416,113250177.0,38657232.3655,96136.0,51124037.0,17460305.018
2021-05-03,0.3417,0.3595,0.3405,0.3485,207018654.0,72547169.6941,151053.0,91795072.0,32185326.246
2021-05-04,0.3486,0.349,0.3013,0.31,236364363.0,76589857.3055,193516.0,104094555.0,33720661.4173
2021-05-05,0.3098,0.3905,0.3055,0.3715,378582894.0,135245643.0094,301702.0,179353973.0,64200010.5002
2021-05-06,0.3716,0.4035,0.3551,0.3887,508255494.0,194901956.4675,462287.0,234807011.0,90059890.8113
2021-05-07,0.3887,0.4328,0.3597,0.3982,418614263.0,167347084.0561,363370.0,189273342.0,75686550.4288
2021-05-08,0.3982,0.4067,0.3783,0.3819,187741403.0,73878514.5737,157674.0,83701395.0,32941310.8911
2021-05-09,0.3822,0.395,0.3498,0.3777,192520049.0,71200950.9839,165611.0,83249228.0,30814170.745
2021-05-10,0.3776,0.3874,0.3047,0.3344,290389959.0,103619274.5856,244774.0,128999538.0,46054676.5722
2021-05-11,0.3344,0.3639,0.3219,0.36,192093115.0,65490042.0223,147704.0,91038659.0,31034989.4346
2021-05-12,0.3601,0.3715,0.2858,0.2995,196724741.0,67079643.3908,164773.0,87531432.0,29916939.5126
2021-05-13,0.2995,0.325,0.28,0.3093,278291497.0,84492267.0279,207927.0,133098815.0,40425796.5302
2021-05-14,0.3098,0.3292,0.3041,0.3197,114892851.0,36561421.6361,101254.0,52398056.0,16675077.6833
2021-05-15,0.3196,0.325,0.2957,0.2974,135754414.0,42084596.8785,114072.0,61835486.0,19183098.4419
2021-05-16,0.2973,0.3269,0.2814,0.2996,143522691.0,43760518.2391,134012.0,65835307.0,20092515.1674
2021-05-17,0.2996,0.2999,0.2573,0.2756,202679822.0,56038131.3794,168514.0,91566867.0,25335063.6601
2021-05-18,0.2756,0.2932,0.2729,0.2889,115678350.0,32893057.1813,114151.0,53572396.0,15234159.0226
2021-05-19,0.2889,0.2925,0.1001,0.1911,461228080.0,100833737.7962,340547.0,215193498.0,47298621.149
2021-05-20,0.1915,0.2359,0.1683,0.2231,292781052.0,60991559.2094,219287.0,145160358.0,30238833.6954
2021-05-21,0.2228,0.2379,0.1774,0.2024,212687366.0,45002048.1967,175494.0,104846655.0,22184511.3606
2021-05-22,0.2025,0.2142,0.1818,0.1926,199066375.0,38969343.9235,138228.0,99873001.0,19560390.1097
2021-05-23,0.1926,0.198,0.1356,0.1617,264900430.0,43324459.853,195514.0,132275920.0,21652687.2202
2021-05-24,0.162,0.1926,0.1555,0.1926,254066179.0,44474989.3869,164344.0,121001140.0,21178204.9891
2021-05-25,0.1922,0.1976,0.169,0.1887,210362556.0,38428551.8705,136487.0,101215435.0,18494562.3604
2021-05-26,0.1887,0.2146,0.1852,0.2142,160609891.0,32187401.6318,100215.0,77116626.0,15455302.8495
2021-05-27,0.2142,0.2179,0.195,0.2042,122293441.0,25392260.5778,92526.0,59453702.0,12352584.5787
2021-05-28,0.2042,0.2076,0.1739,0.1802,128914544.0,24192817.4937,103786.0,61317815.0,11524911.7756
2021-05-29,0.1802,0.1893,0.1682,0.1758,94542319.0,16761638.3864,87759.0,44762664.0,7935933.1433
2021-05-30,0.1759,0.1868,0.1661,0.1817,87365415.0,15664269.3269,69664.0,44049173.0,7902076.1742
2021-05-31,0.1816,0.1964,0.1721,0.1949,122736831.0,22694437.9808,82498.0,60276597.0,11147123.9649
2021-06-01,0.1948,0.1971,0.1805,0.1886,109877051.0,20667600.5428,82578.0,52177256.0,9820040.1394
2021-06-02,0.1886,0.1974,0.1837,0.1951,57160453.0,10945111.4731,46781.0,26601797.0,5098821.3306
2021-06-03,0.195,0.207,0.1908,0.2068,81560231.0,16309068.0447,59193.0,37660657.0,7535064.9156
2021-06-04,0.2069,0.2071,0.1785,0.1872,133765745.0,25194662.704,89975.0,62137228.0,11699938.7504
2021-06-05,0.1872,0.1951,0.1755,0.1806,93260529.0,17266351.9883,72480.0,43298575.0,8017193.2254
2021-06-06,0.1806,0.1899,0.1795,0.1874,57075334.0,10586777.9549,53127.0,26289182.0,4877907.7053
2021-06-07,0.1874,0.1925,0.169,0.1712,83995587.0,15405745.719,62981.0,39996713.0,7341804.3441
2021-06-08,0.1711,0.1732,0.1529,0.1646,104520643.0,17019345.3448,67075.0,48431490.0,7886659.2449
2021-06-09,0.1646,0.1756,0.1575,0.1744,86970004.0,14573298.64,66205.0,41696015.0,6990950.7246
2021-06-10,0.1744,0.1774,0.1656,0.1702,84731847.0,14530731.4696,61113.0,39686876.0,6808378.0355
2021-06-11,0.1702,0.1735,0.1619,0.164,70081632.0,11792088.226,56884.0,32379917.0,5449121.9445
2021-06-12,0.1641,0.1641,0.1522,0.1574,83655647.0,13183586.5198,58534.0,39152394.0,6170234.8585
2021-06-13,0.1573,0.1677,0.1534,0.1654,57907519.0,9261408.0299,53597.0,28665333.0,4586281.8054
2021-06-14,0.1655,0.1741,0.1621,0.1732,66139511.0,11043487.889,56079.0,31847782.0,5322601.2551
2021-06-15,0.1733,0.1808,0.1682,0.1761,78311973.0,13585403.545,59642.0,38439469.0,6670482.4459
2021-06-16,0.176,0.1761,0.1629,0.1651,83236959.0,14068363.9401,65656.0,35655507.0,6028335.8825
2021-06-17,0.1651,0.1702,0.1587,0.1628,43177844.0,7115605.7131,33101.0,19293073.0,3182525.8054
2021-06-18,0.1627,0.1631,0.1466,0.1522,66521926.0,10312415.6957,49201.0,29962996.0,4646152.9803
2021-06-19,0.1521,0.1533,0.1467,0.1469,52123872.0,7811921.1371,40143.0,24339641.0,3647809.1433
2021-06-20,0.1468,0.1476,0.1326,0.1422,104121525.0,14548219.9797,58075.0,46344617.0,6473031.6387
2021-06-21,0.1423,0.1437,0.1062,0.1064,203281955.0,24927777.259,107777.0,89146122.0,10912064.2182
2021-06-22,0.1065,0.1118,0.0853,0.0963,345268149.0,34078057.3748,133051.0,165307899.0,16317803.1877
2021-06-23,0.0964,0.1173,0.0913,0.1126,198270820.0,21230982.6269,93904.0,95698691.0,10248621.6641
2021-06-24,0.1127,0.1184,0.1055,0.1168,105295478.0,11819750.4613,52653.0,50419106.0,5655926.4138
2021-06-25,0.1168,0.1198,0.1051,0.1056,155608662.0,17232586.4543,64782.0,75854963.0,8399321.8434
2021-06-26,0.1055,0.11,0.1014,0.1081,128927397.0,13554449.8088,66257.0,63058155.0,6630520.4666
2021-06-27,0.108,0.1132,0.1053,0.1128,91937523.0,9999738.6343,53636.0,44890117.0,4888726.6888
2021-06-28,0.1129,0.118,0.1102,0.1169,87633403.0,9987743.4732,48717.0,40215562.0,4584271.3925
2021-06-29,0.1169,0.135,0.1164,0.1284,188878207.0,24162434.3991,67436.0,90788297.0,11603043.5678
2021-06-30,0.1284,0.1345,0.1189,0.1345,164239881.0,20498347.4888,64822.0,79875547.0,9980264.2737
2021-07-01,0.1344,0.1359,0.1236,0.1274,150427417.0,19362285.3649,79531.0,71538192.0,9212241.457
2021-07-02,0.1274,0.1316,0.1227,0.1313,86674355.0,10951498.6674,51193.0,41862233.0,5296115.0877
2021-07-03,0.1313,0.1365,0.1281,0.1347,61348017.0,8144577.8364,36644.0,29089768.0,3865792.4944
2021-07-04,0.1348,0.1404,0.1298,0.1375,64583202.0,8761718.3545,46481.0,30544739.0,4144674.7681
2021-07-05,0.1374,0.1375,0.1256,0.1303,115742522.0,15311075.7175,63529.0,54506254.0,7204264.983
2021-07-06,0.1303,0.1364,0.1281,0.1332,75242103.0,9946063.1313,48704.0,34501408.0,4565771.8481
2021-07-07,0.1332,0.1358,0.1303,0.1322,78722587.0,10512849.8792,43414.0,38559423.0,5152401.8316
2021-07-08,0.1322,0.1323,0.1202,0.122,105769770.0,13308351.41,51690.0,49308635.0,6206934.7793
2021-07-09,0.122,0.1242,0.1148,0.1233,97194908.0,11579559.1857,46846.0,46133200.0,5499820.9172
2021-07-10,0.1233,0.1252,0.1182,0.1211,54037375.0,6542633.3711,35319.0,24641010.0,2986343.3582
2021-07-11,0.1211,0.1239,0.1183,0.1221,70104210.0,8526241.4037,49089.0,33719582.0,4103932.3582
2021-07-12,0.1222,0.1246,0.1166,0.1196,63174148.0,7630515.3139,33090.0,28948419.0,3499429.8869
2021-07-13,0.1195,0.1205,0.1129,0.1161,57216054.0,6687414.5645,30890.0,27101482.0,3170041.4513
2021-07-14,0.1161,0.1176,0.1071,0.1147,97067286.0,10902440.2283,49441.0,46667350.0,5247459.2893
2021-07-15,0.1147,0.1247,0.1123,0.1219,169573740.0,19993113.5895,93098.0,83079145.0,9802396.9827
2021-07-16,0.122,0.1499,0.1193,0.1391,2155495330.0,302323610.2227,758146.0,1096251586.0,153825684.2918
2021-07-17,0.1392,0.1683,0.1381,0.1579,2070896937.0,325844354.6172,755654.0,1055132377.0,166104735.4488
2021-07-18,0.1578,0.1627,0.1404,0.1418,824518243.0,121293469.7548,292840.0,414829188.0,61074203.6215
2021-07-19,0.1419,0.1548,0.1275,0.1298,833846990.0,117559614.5028,261908.0,409924275.0,57831035.8061
2021-07-20,0.1299,0.1351,0.1115,0.1289,919120491.0,111721880.8014,247132.0,455005832.0,55355972.9711
2021-07-21,0.1289,0.1413,0.12,0.1386,607187695.0,80278182.1645,172650.0,300690366.0,39774472.8781
2021-07-22,0.1386,0.1479,0.1329,0.1432,473637557.0,66950697.7194,148284.0,237658480.0,33592532.7843
2021-07-23,0.1432,0.1477,0.1353,0.1438,306651340.0,43330464.8112,112416.0,149828693.0,21187570.8555
2021-07-24,0.1438,0.1487,0.1411,0.1454,246678475.0,35761219.6782,84072.0,120604456.0,17489815.0397
2021-07-25,0.1454,0.1531,0.1398,0.1486,311060100.0,45484088.9625,108234.0,145951801.0,21354218.9837
2021-07-26,0.1485,0.1724,0.1475,0.1516,417269750.0,66311558.7643,144002.0,204085316.0,32452184.6011
2021-07-27,0.1515,0.1651,0.1496,0.1595,402387249.0,63443684.0201,129074.0,193421294.0,30501866.6821
2021-07-28,0.1595,0.1669,0.1548,0.161,241522390.0,38520542.3035,85174.0,113785905.0,18152943.7784
2021-07-29,0.1611,0.1693,0.1563,0.168,199592581.0,32449977.9572,78633.0,95475650.0,15530322.0954
2021-07-30,0.168,0.1738,0.1573,0.1734,186834670.0,30913781.4008,77469.0,90304223.0,14951480.107
2021-07-31,0.1734,0.1792,0.1668,0.1761,180587572.0,31345106.4606,80989.0,85627299.0,14870118.3441
2021-08-01,0.176,0.1857,0.1672,0.1692,192488863.0,34292706.6944,88623.0,88143828.0,15719938.0374
2021-08-02,0.1692,0.1736,0.165,0.1698,135106658.0,22890410.9049,68840.0,63410978.0,10745960.8154
2021-08-03,0.1697,0.1721,0.1574,0.1625,121191260.0,19696915.293,63793.0,55897006.0,9087470.1018
2021-08-04,0.1624,0.1682,0.157,0.166,102945754.0,16762294.7879,55029.0,48617151.0,7922554.6375
2021-08-05,0.1659,0.1699,0.1592,0.1687,134581335.0,22187317.9099,66595.0,61739548.0,10183166.9281
2021-08-06,0.1687,0.1746,0.1649,0.173,115707640.0,19599526.194,57970.0,54174417.0,9183181.8701
2021-08-07,0.1729,0.1873,0.171,0.1861,232923866.0,42182716.0529,111700.0,109570826.0,19849508.1558
2021-08-08,0.1862,0.1895,0.1728,0.1753,166614992.0,30175065.7378,81808.0,76587960.0,13868891.2132
2021-08-09,0.1753,0.1876,0.1693,0.1831,156641662.0,28094535.9535,77869.0,71250311.0,12783375.0636
2021-08-10,0.1831,0.1924,0.1775,0.1889,235554556.0,43367919.875,120307.0,105873321.0,19494156.5358
2021-08-11,0.1889,0.2051,0.1881,0.1953,303883165.0,59584602.4102,138409.0,136866340.0,26845238.9367
2021-08-12,0.1952,0.2047,0.1809,0.1882,267828881.0,51224081.8126,107989.0,122391213.0,23411993.9024
2021-08-13,0.1881,0.204,0.1855,0.2034,204320073.0,40097441.1713,93844.0,94414360.0,18527977.0812
2021-08-14,0.2034,0.216,0.195,0.2138,285509605.0,58281122.6025,135406.0,132335864.0,27029076.9696
2021-08-15,0.2138,0.22,0.204,0.2181,215350539.0,45423057.5427,108312.0,96241987.0,20305003.7181
2021-08-16,0.2181,0.2296,0.2123,0.2143,199040756.0,43895480.443,121406.0,88356374.0,19493043.6827
2021-08-17,0.2142,0.2172,0.1942,0.1962,233445202.0,48676774.7259,128800.0,104825826.0,21876055.1369
2021-08-18,0.1963,0.1992,0.1822,0.1908,223596757.0,42749602.8594,118640.0,102143540.0,19535335.8617
2021-08-19,0.1908,0.2015,0.1853,0.2014,177654357.0,34060099.7067,93148.0,82447623.0,15816009.782
2021-08-20,0.2014,0.2089,0.1973,0.2081,140185376.0,28342596.2694,75979.0,64177373.0,12984278.7754
2021-08-21,0.2081,0.2132,0.2012,0.2056,177500010.0,36753962.5785,110582.0,77933890.0,16150066.8942
2021-08-22,0.2055,0.2098,0.1965,0.2048,145404779.0,29621769.1769,85630.0,65173610.0,13275876.3801
2021-08-23,0.2048,0.2162,0.2031,0.2141,192660842.0,40547060.995,98526.0,86759970.0,18267578.0232
2021-08-24,0.214,0.2185,0.1922,0.1994,211397022.0,43925711.7214,120300.0,96892307.0,20116468.4262
2021-08-25,0.1993,0.2094,0.1908,0.2085,175249726.0,35230374.4747,110705.0,81370714.0,16363224.1892
2021-08-26,0.2085,0.209,0.1865,0.1906,176849346.0,34510137.7813,99531.0,82564067.0,16106818.4504
2021-08-27,0.1907,0.1999,0.1825,0.1998,179617763.0,34523753.2156,107043.0,81379740.0,15642319.1986
2021-08-28,0.1998,0.2029,0.1932,0.1956,122433811.0,24112910.3852,75165.0,53675406.0,10575014.0751
2021-08-29,0.1955,0.1983,0.1896,0.1945,130407396.0,25375724.619,77896.0,59660281.0,11612600.3705
2021-08-30,0.1946,0.1964,0.1874,0.1886,123792619.0,23804381.7473,85915.0,56049236.0,10783825.4664
2021-08-31,0.1885,0.1962,0.1855,0.1924,134048527.0,25566412.3242,91670.0,62575490.0,11945067.6311
2021-09-01,0.1925,0.2014,0.1877,0.2012,128717580.0,25108913.3375,83567.0,57361264.0,11195256.4747
2021-09-02,0.2012,0.2067,0.198,0.2033,159941918.0,32266491.8844,97373.0,72332039.0,14600954.0987
2021-09-03,0.2033,0.2123,0.1966,0.2079,226906495.0,46426293.4129,154198.0,100154397.0,20512548.6066
2021-09-04,0.208,0.2219,0.2068,0.2175,196936129.0,42408514.988,116351.0,86043997.0,18532011.5242
2021-09-05,0.2175,0.2439,0.2175,0.2433,314812516.0,72621700.2999,193941.0,147005049.0,33929132.231
2021-09-06,0.2433,0.2435,0.217,0.2373,248237117.0,58365668.5504,155683.0,109001699.0,25635968.2153
2021-09-07,0.2373,0.2376,0.1478,0.1899,433020554.0,87080293.1455,255449.0,197993174.0,39769112.5325
2021-09-08,0.19,0.192,0.1689,0.1865,324870210.0,59178203.4854,171063.0,155689755.0,28358719.59
2021-09-09,0.1864,0.1934,0.1819,0.191,177127806.0,33513535.4237,102036.0,84893455.0,16058403.4481
2021-09-10,0.1909,0.1968,0.172,0.1781,174458988.0,32041915.5057,126741.0,82744754.0,15194205.2128
2021-09-11,0.1781,0.1848,0.1753,0.1811,96351941.0,17425995.5271,56090.0,46347122.0,8382130.6578
2021-09-12,0.181,0.1886,0.1774,0.1861,92120000.0,16951813.2882,63923.0,42060833.0,7740404.5264
2021-09-13,0.1861,0.1875,0.1669,0.1779,135529324.0,23917504.3289,110463.0,63643968.0,11233378.9678
2021-09-14,0.1779,0.1846,0.1752,0.1838,76368766.0,13761339.3299,58398.0,34702401.0,6255508.4879
2021-09-15,0.1838,0.1909,0.1808,0.1891,89588528.0,16635710.3243,66768.0,39508023.0,7338615.8484
2021-09-16,0.189,0.1925,0.184,0.1905,119783083.0,22574743.9894,91710.0,54366140.0,10248223.2958
2021-09-17,0.1906,0.1909,0.1794,0.1826,119049984.0,22074755.0057,70876.0,55135499.0,10226703.0097
2021-09-18,0.1825,0.1874,0.18,0.1836,64361534.0,11879517.3476,60008.0,28625896.0,5282505.8418
2021-09-19,0.1836,0.1848,0.177,0.179,58737655.0,10637871.8703,68398.0,26319113.0,4765688.4634
2021-09-20,0.179,0.1793,0.1482,0.1538,251005056.0,40381996.5311,141458.0,120960133.0,19438877.2623
2021-09-21,0.1538,0.1598,0.1372,0.142,248083397.0,37079852.1059,150547.0,120645922.0,18028396.9559
2021-09-22,0.1419,0.1585,0.1384,0.1584,187077150.0,28093711.9283,139117.0,88850100.0,13341732.0935
2021-09-23,0.1584,0.1628,0.1551,0.1626,123577903.0,19706064.8777,90502.0,59008797.0,9411869.0939
2021-09-24,0.1626,0.1631,0.1392,0.1488,199888764.0,29820698.3487,140876.0,95826748.0,14293401.1784
2021-09-25,0.1488,0.1514,0.1421,0.147,151110228.0,22288288.6981,114515.0,72326899.0,10665917.3045
2021-09-26,0.147,0.1502,0.1353,0.1464,178588053.0,25620464.632,83485.0,87060366.0,12484579.743
2021-09-27,0.1463,0.1518,0.1407,0.1407,128866912.0,18900632.7542,108328.0,59964428.0,8797872.2747
2021-09-28,0.1408,0.144,0.1338,0.1345,144672199.0,20123947.3226,114190.0,67559965.0,9396523.1986
2021-09-29,0.1345,0.1418,0.1329,0.1379,120857596.0,16658333.9647,65807.0,58704068.0,8092778.288
2021-09-30,0.1379,0.1474,0.1373,0.1468,116912197.0,16758075.0525,85591.0,54541386.0,7820705.5166
2021-10-01,0.1469,0.16,0.1442,0.1592,120987823.0,18461709.9554,105439.0,57824704.0,8840616.2544
2021-10-02,0.1592,0.164,0.1553,0.1592,104557634.0,16736988.3303,68274.0,47748786.0,7645228.4003
2021-10-03,0.1592,0.1662,0.1557,0.1624,108213399.0,17464960.2197,75979.0,49373319.0,7969792.1727
2021-10-04,0.1624,0.1626,0.1512,0.1584,136468465.0,21448183.2339,84968.0,63221166.0,9938360.3386
2021-10-05,0.1584,0.1722,0.1563,0.1705,234812865.0,38852206.5776,172729.0,108691668.0,17988933.2544
2021-10-06,0.1705,0.1748,0.1608,0.1713,240406704.0,40767451.3966,127049.0,112663681.0,19112707.372
2021-10-07,0.1713,0.1757,0.1654,0.1737,179193091.0,30651266.8169,102167.0,83245202.0,14237748.9725
2021-10-08,0.1737,0.1815,0.1718,0.179,155370991.0,27600353.5209,116746.0,74899171.0,13306874.7264
2021-10-09,0.1791,0.1872,0.1758,0.1824,176315455.0,32135968.6309,129058.0,81206490.0,14806862.4643
2021-10-10,0.1824,0.1839,0.1716,0.1733,148166817.0,26471517.7265,104832.0,70253625.0,12559311.5901
2021-10-11,0.1732,0.192,0.1701,0.1783,310704032.0,56467512.1235,217763.0,147004372.0,26733189.6831
2021-10-12,0.1783,0.1784,0.167,0.1725,175234939.0,29986412.3656,122978.0,79046547.0,13525273.1369
2021-10-13,0.1725,0.1761,0.1673,0.1755,129339747.0,22185226.6031,79526.0,59342267.0,10183052.4654
2021-10-14,0.1755,0.1808,0.174,0.1775,116600235.0,20689661.6838,141901.0,54455656.0,9662217.732
2021-10-15,0.1775,0.1811,0.1681,0.1725,200134881.0,34884172.0423,137087.0,91505114.0,15961080.8744
2021-10-16,0.1725,0.1759,0.1705,0.1717,113599669.0,19675483.6137,111221.0,51528007.0,8925965.1707
2021-10-17,0.1717,0.1736,0.1611,0.1669,123385541.0,20887569.2915,105630.0,56784587.0,9608374.2666
2021-10-18,0.1669,0.1689,0.1633,0.1678,98710910.0,16427114.9165,74525.0,45886358.0,7638466.845
2021-10-19,0.1678,0.1695,0.1629,0.167,82364925.0,13703854.6301,69272.0,36227128.0,6028123.6014
2021-10-20,0.167,0.1746,0.165,0.174,100118539.0,17012277.1193,63981.0,46448256.0,7894606.8848
2021-10-21,0.174,0.1817,0.1701,0.1727,205341970.0,36161899.2639,124931.0,96050889.0,16922918.4164
2021-10-22,0.1728,0.1784,0.1706,0.174,119496149.0,20881438.4976,71481.0,53674274.0,9383195.8116
2021-10-23,0.174,0.1756,0.1714,0.1754,74644915.0,12991683.442,54405.0,33934092.0,5906903.0724
2021-10-24,0.1754,0.1773,0.1681,0.171,161025231.0,27740350.968,126899.0,73886333.0,12742018.335
2021-10-25,0.171,0.1737,0.1699,0.1733,89666359.0,15462261.5055,63137.0,42338178.0,7301791.0126
2021-10-26,0.1733,0.179,0.1714,0.1727,155169984.0,27166276.9552,88658.0,70048758.0,12262092.9831
2021-10-27,0.1728,0.1754,0.1394,0.1532,286663741.0,45284962.7489,165234.0,126069808.0,19898795.4575
2021-10-28,0.1533,0.1642,0.1512,0.1627,148292028.0,23627038.6184,103671.0,70393519.0,11218107.5401
2021-10-29,0.1627,0.1734,0.1613,0.1719,109580098.0,18362826.1564,73535.0,51608076.0,8646781.0317
2021-10-30,0.1719,0.186,0.1669,0.1859,209489099.0,36964426.4983,152703.0,98109796.0,17325637.1544
2021-10-31,0.1859,0.1955,0.1774,0.1926,290434340.0,54041734.6975,183874.0,136055148.0,25330384.137
2021-11-01,0.1927,0.2029,0.1791,0.1945,257930681.0,49408923.0087,175408.0,119160815.0,22860495.0533
2021-11-02,0.1944,0.2175,0.1918,0.216,217249942.0,44462034.9392,174627.0,102522040.0,21006916.5828
2021-11-03,0.216,0.2308,0.1991,0.2103,372815167.0,79163934.7592,258460.0,169663565.0,36071701.4043
2021-11-04,0.2102,0.2149,0.195,0.1996,156594565.0,32044467.3858,120207.0,67144710.0,13758287.9296
2021-11-05,0.1996,0.2397,0.1958,0.2172,973183274.0,218665370.493,612522.0,479320195.0,107845453.2046
2021-11-06,0.2171,0.2269,0.2077,0.2256,546331891.0,118777698.2763,341584.0,261893208.0,56971331.2321
2021-11-07,0.2256,0.2262,0.2122,0.2149,141158877.0,30490682.3205,121150.0,61590526.0,13303715.3117
2021-11-08,0.2149,0.2153,0.1986,0.2049,278994156.0,56985507.0827,216123.0,122570375.0,25044102.2583
2021-11-09,0.2049,0.2102,0.2005,0.2058,223367060.0,45904663.6816,169721.0,100519539.0,20669397.2615
2021-11-10,0.2057,0.2085,0.1732,0.1913,255258168.0,50150337.9478,191009.0,111812929.0,21976637.6575
2021-11-11,0.1912,0.1975,0.1882,0.193,118838638.0,23012182.5952,109280.0,53724020.0,10404922.3215
2021-11-12,0.1929,0.1968,0.1827,0.1894,145650325.0,27642406.4405,119879.0,65401654.0,12416063.5667
2021-11-13,0.1894,0.1963,0.1867,0.1918,91804368.0,17582214.0736,99427.0,41672061.0,7987042.8821
2021-11-14,0.1918,0.1944,0.1876,0.1929,77956135.0,14930139.7658,78312.0,34446833.0,6599417.4396
2021-11-15,0.193,0.1985,0.1904,0.1942,123788011.0,24128106.89,101768.0,56402899.0,10997481.2219
2021-11-16,0.1943,0.1943,0.166,0.179,237804012.0,43134563.5956,175899.0,108302120.0,19647256.7457
2021-11-17,0.179,0.1926,0.1775,0.1919,326345957.0,61114807.8243,256047.0,157922856.0,29579508.2621
2021-11-18,0.192,0.1991,0.1676,0.1699,312206057.0,57161105.6943,217937.0,146404747.0,26815193.7886
2021-11-19,0.1699,0.1774,0.1664,0.1758,155544927.0,26898928.2702,114852.0,75854431.0,13118194.6206
2021-11-20,0.1759,0.1813,0.1717,0.1809,95114464.0,16799978.4066,74311.0,43876610.0,7749102.2649
2021-11-21,0.1808,0.1849,0.1783,0.1801,110307324.0,20022349.0566,105497.0,51391860.0,9331350.3363
2021-11-22,0.1803,0.1808,0.17,0.1712,151236436.0,26443346.7575,138660.0,68546463.0,11986918.4989
2021-11-23,0.1712,0.1762,0.1688,0.1743,129491501.0,22447309.0654,109469.0,61000886.0,10577183.7178
2021-11-24,0.1743,0.1746,0.1658,0.1706,113947464.0,19341887.0164,99677.0,53548948.0,9090198.1987
2021-11-25,0.1706,0.1774,0.169,0.1755,136451826.0,23645165.7522,100640.0,63585713.0,11022050.1571
2021-11-26,0.1756,0.1801,0.1527,0.162,226680656.0,37333551.4012,146675.0,107237831.0,17666875.0167
2021-11-27,0.1619,0.1665,0.161,0.1642,97283998.0,15980579.8822,80862.0,44602210.0,7326876.7038
2021-11-28,0.1642,0.1665,0.1536,0.1664,113410418.0,18127341.4449,107915.0,53446700.0,8540660.4638
2021-11-29,0.1664,0.178,0.1648,0.172,248780706.0,42641381.2402,170873.0,119847161.0,20539767.2794
2021-11-30,0.1721,0.177,0.167,0.1717,160134332.0,27565611.8129,133922.0,76027351.0,13093296.5908
2021-12-01,0.1719,0.1751,0.168,0.1697,112172016.0,19314330.8133,92262.0,50957247.0,8775348.2717
2021-12-02,0.1697,0.1718,0.1626,0.1676,114654186.0,19154150.7895,92359.0,52686088.0,8805821.6533
2021-12-03,0.1676,0.1713,0.1522,0.1594,167969621.0,27500532.0513,131532.0,77814238.0,12728821.6331
2021-12-04,0.1593,0.1597,0.101,0.1345,457152536.0,59031429.5437,221925.0,215171551.0,27767731.7058
2021-12-05,0.1343,0.1377,0.1223,0.1283,227386685.0,29572447.2046,155706.0,109777411.0,14251925.3907
2021-12-06,0.1284,0.1369,0.1168,0.1353,298399938.0,37808269.7354,173507.0,144810644.0,18346671.1209
2021-12-07,0.1352,0.1401,0.1336,0.1383,131952909.0,18081018.5577,106053.0,64597299.0,8854998.1792
2021-12-08,0.1383,0.1486,0.1365,0.1435,270891239.0,38753318.3726,172433.0,131478803.0,18812223.5171
2021-12-09,0.1436,0.1447,0.1312,0.1314,171016613.0,23437558.7531,111564.0,83921945.0,11503640.0594
2021-12-10,0.1313,0.14,0.1281,0.1289,207686303.0,27940951.1725,123481.0,102930128.0,13850321.0536
2021-12-11,0.1289,0.1356,0.126,0.1356,142030896.0,18762215.7891,96592.0,67779184.0,8954670.964
2021-12-12,0.1356,0.1367,0.1309,0.1346,103180536.0,13873712.7243,72123.0,49501793.0,6658761.5821
2021-12-13,0.1347,0.1355,0.1184,0.1221,170797086.0,21592720.8894,120334.0,81085058.0,10246991.0666
2021-12-14,0.1222,0.1292,0.1192,0.128,247249053.0,30792992.5893,142032.0,122683573.0,15284307.7173
2021-12-15,0.1279,0.1326,0.1212,0.1298,184071892.0,23453743.3892,109502.0,87441081.0,11142329.1344
2021-12-16,0.1298,0.1318,0.1256,0.126,105672948.0,13678605.5108,90696.0,47812388.0,6190951.8579
2021-12-17,0.126,0.1295,0.1218,0.1274,123657402.0,15643550.2997,99765.0,61215586.0,7748747.6721
2021-12-18,0.1274,0.1319,0.1248,0.1302,72484331.0,9367503.2877,55992.0,34832515.0,4502795.6163
2021-12-19,0.1303,0.1326,0.1281,0.1286,62297675.0,8117515.9456,57005.0,27476894.0,3581676.2826
2021-12-20,0.1286,0.1295,0.1212,0.1245,108486319.0,13529197.2058,94195.0,47992588.0,5987943.5125
2021-12-21,0.1246,0.1287,0.1234,0.1277,99194805.0,12555880.3171,66134.0,46049635.0,5829044.4886
2021-12-22,0.1277,0.1329,0.127,0.1301,103098661.0,13405045.085,70771.0,49528307.0,6443296.9242
2021-12-23,0.1302,0.1399,0.1283,0.1392,123830964.0,16609703.4589,82225.0,59769789.0,8023480.595
2021-12-24,0.1392,0.1418,0.1341,0.1359,99352500.0,13812154.3455,73505.0,47732770.0,6642807.9057
2021-12-25,0.1359,0.1377,0.1342,0.1365,71559499.0,9760058.2055,57355.0,31027568.0,4233170.4739
2021-12-26,0.1364,0.1424,0.1352,0.1409,108790349.0,15102635.3836,89395.0,51910818.0,7208009.9339
2021-12-27,0.1409,0.1433,0.1381,0.1385,92469246.0,13040454.9212,60737.0,42736626.0,6029266.031
2021-12-28,0.1385,0.1387,0.1265,0.127,156957856.0,20706164.7471,114085.0,70779606.0,9346328.3617
2021-12-29,0.127,0.1295,0.1225,0.124,117630265.0,14899349.3429,78296.0,55509541.0,7029729.7925
2021-12-30,0.124,0.1277,0.121,0.1259,114528259.0,14300343.0014,71060.0,55574591.0,6944415.5478
2021-12-31,0.1258,0.1281,0.1194,0.1226,140516851.0,17527535.382,77056.0,65246062.0,8140580.4833
2022-01-01,0.1225,0.1264,0.1222,0.1264,72179024.0,8957640.6663,41800.0,34129219.0,4236598.5252
2022-01-02,0.1263,0.1327,0.1248,0.1304,109040174.0,14083871.0879,54534.0,53810895.0,6946438.501
2022-01-03,0.1303,0.1312,0.1241,0.1266,119847144.0,15334249.6467,75503.0,55002070.0,7041027.3837
2022-01-04,0.1266,0.1289,0.1237,0.1246,109944477.0,13869070.3963,76887.0,53272400.0,6724795.369
2022-01-05,0.1245,0.141,0.1188,0.1294,679466213.0,90667323.7885,311511.0,333081952.0,44481377.4343
2022-01-06,0.1294,0.1302,0.1193,0.1232,336099220.0,41292911.1863,168273.0,159725622.0,19628928.35
2022-01-07,0.1232,0.1238,0.1122,0.1163,278348567.0,32486206.8579,148929.0,139401454.0,16267268.9093
2022-01-08,0.1164,0.1214,0.1098,0.1137,168047158.0,19549067.2022,110723.0,81609815.0,9508590.2755
2022-01-09,0.1137,0.118,0.1125,0.1153,105778434.0,12182764.0113,73440.0,51904695.0,5979581.1672
2022-01-10,0.1153,0.1178,0.1048,0.1115,196769721.0,21803597.8775,105963.0,99391204.0,11018461.4136
2022-01-11,0.1116,0.1154,0.1093,0.1144,136195925.0,15307108.7736,74244.0,64448170.0,7246202.9189
2022-01-12,0.1145,0.1201,0.1141,0.119,102349019.0,11999850.622,60560.0,50603011.0,5933278.6067
2022-01-13,0.1191,0.1212,0.1139,0.1143,119851166.0,14096309.7086,75025.0,56941606.0,6697317.2687
2022-01-14,0.1144,0.1206,0.1135,0.1189,129505668.0,15225435.8141,68028.0,66440144.0,7811776.4155
2022-01-15,0.1189,0.1206,0.1176,0.1181,75363370.0,8994199.7075,47609.0,36442992.0,4350040.9055
2022-01-16,0.1181,0.1215,0.1163,0.1194,74118717.0,8804987.8066,51534.0,34780148.0,4133280.2611
2022-01-17,0.1194,0.1198,0.1127,0.1144,93530977.0,10837952.2889,65005.0,43655990.0,5060413.122
2022-01-18,0.1144,0.1159,0.1104,0.1137,135015387.0,15249907.8473,75567.0,63542483.0,7177836.3801
2022-01-19,0.1136,0.1143,0.1086,0.1121,130725019.0,14658101.5776,77744.0,65170114.0,7308344.7045
2022-01-20,0.1122,0.1173,0.1088,0.1093,117453664.0,13313442.8541,67726.0,56960528.0,6460750.8428
2022-01-21,0.1092,0.1107,0.0932,0.0964,293585121.0,30096916.2662,157891.0,137014041.0,14043400.608
2022-01-22,0.0962,0.1002,0.0873,0.0947,414376207.0,38970516.8277,188404.0,210138965.0,19775049.2153
2022-01-23,0.0947,0.0993,0.0925,0.0971,240228420.0,22968902.869,131162.0,115272593.0,11028899.4023
2022-01-24,0.097,0.0991,0.0865,0.0979,375643993.0,34784103.5889,175782.0,188531477.0,17453572.1201
2022-01-25,0.0979,0.0989,0.0935,0.096,303924374.0,29227069.8428,127365.0,150640635.0,14487636.2512
2022-01-26,0.096,0.1035,0.0948,0.0972,333439821.0,32980210.5194,147603.0,161715591.0,15992854.3987
2022-01-27,0.0973,0.1006,0.0922,0.0982,320751197.0,30879667.9045,144268.0,170458078.0,16421191.2786
2022-01-28,0.0982,0.1,0.0943,0.0997,307001932.0,29745523.4613,132749.0,146676313.0,14218242.0842
2022-01-29,0.0997,0.1053,0.0993,0.1047,217176482.0,22381883.2957,106264.0,119561790.0,12318899.2121
2022-01-30,0.1047,0.1052,0.1003,0.1025,161635928.0,16675683.0765,73840.0,78241349.0,8070197.3501
2022-01-31,0.1025,0.1032,0.0972,0.1022,207615828.0,20726074.2839,87947.0,103683140.0,10348019.1587
2022-02-01,0.1023,0.1085,0.1017,0.1039,247224277.0,25800471.8189,122630.0,119704022.0,12497269.7764
2022-02-02,0.104,0.1062,0.1013,0.1019,156853211.0,16237795.9358,79883.0,75073466.0,7772349.0739
2022-02-03,0.1019,0.1026,0.0988,0.1024,214056523.0,21612848.3905,91024.0,106260325.0,10727726.0753
2022-02-04,0.1024,0.1104,0.1016,0.11,213307553.0,22469339.0125,103796.0,106460263.0,11220533.9045
2022-02-05,0.11,0.114,0.109,0.1133,173077399.0,19361096.2913,81515.0,89120991.0,9974392.2888
2022-02-06,0.1133,0.116,0.1087,0.1122,189634020.0,21218541.8043,82187.0,89913704.0,10070328.019
2022-02-07,0.1122,0.1191,0.1097,0.1175,240551581.0,27706492.0436,119123.0,124110258.0,14306721.4286
2022-02-08,0.1176,0.1242,0.1108,0.1166,366016025.0,42561159.1186,181688.0,179006216.0,20857020.6391
2022-02-09,0.1165,0.1227,0.1147,0.1208,188854328.0,22354590.5552,105376.0,90133619.0,10682119.0705
2022-02-10,0.1207,0.121,0.1125,0.1137,194449084.0,22821177.6697,105227.0,92792646.0,10891605.7676
2022-02-11,0.1138,0.1172,0.107,0.1083,131904533.0,14919760.3638,78590.0,63577441.0,7192225.6854
2022-02-12,0.1083,0.111,0.1044,0.1085,155333050.0,16762535.0333,97538.0,69776302.0,7532665.7672
2022-02-13,0.1084,0.1118,0.1053,0.11,215987178.0,23606363.8958,105405.0,110765167.0,12104539.5427
2022-02-14,0.11,0.1112,0.1064,0.1089,238243864.0,25878837.5823,108459.0,113260835.0,12302847.4788
2022-02-15,0.1089,0.1144,0.1086,0.114,195698248.0,22014591.451,96181.0,97958712.0,11021533.1282
2022-02-16,0.114,0.1171,0.1116,0.1148,142231266.0,16315272.4029,84843.0,72410981.0,8305638.1797
2022-02-17,0.1147,0.1169,0.1031,0.1045,149809670.0,16460959.9193,88782.0,71658601.0,7887457.3418
2022-02-18,0.1045,0.1066,0.0999,0.1019,132752387.0,13743732.695,70470.0,64266131.0,6647436.885
2022-02-19,0.1018,0.1047,0.1001,0.1021,93437093.0,9554664.8993,46089.0,47298274.0,4837156.1544
2022-02-20,0.1021,0.1025,0.0964,0.0986,99509478.0,9834649.924,49636.0,48943169.0,4836044.0075
2022-02-21,0.0986,0.1019,0.0916,0.0922,178189949.0,17307305.1127,84969.0,87825768.0,8526877.9187
2022-02-22,0.0923,0.099,0.0905,0.0985,163753695.0,15564535.8609,91084.0,79654286.0,7578817.3204
2022-02-23,0.0985,0.1023,0.0939,0.0942,143113492.0,14148838.2669,78041.0,72614746.0,7179027.3543
2022-02-24,0.0942,0.0955,0.0844,0.0927,326422540.0,29106257.2635,135477.0,155267294.0,13857626.2012
2022-02-25,0.0928,0.0995,0.0906,0.0985,252768412.0,24092692.926,127263.0,126874524.0,12098285.6914
2022-02-26,0.0985,0.1032,0.0982,0.1011,114511091.0,11557296.2229,77592.0,62745042.0,6331486.9932
2022-02-27,0.1011,0.1046,0.0975,0.0999,157392896.0,15888517.1095,84627.0,80629596.0,8142346.844
2022-02-28,0.1,0.1084,0.0978,0.1082,174069538.0,17803271.8003,83313.0,82703005.0,8464665.3128
2022-03-01,0.1082,0.11,0.1043,0.1096,203161114.0,21885825.6143,98763.0,99505396.0,10721916.3726
2022-03-02,0.1096,0.1102,0.1046,0.1065,161420039.0,17348857.6818,79151.0,79313289.0,8521580.8579
2022-03-03,0.1065,0.1071,0.1008,0.1028,115581665.0,11996173.7101,62390.0,55778569.0,5786929.4788
2022-03-04,0.1028,0.1031,0.0947,0.096,131708549.0,13083184.7188,69271.0,62953023.0,6252660.8083
2022-03-05,0.0961,0.0983,0.0936,0.0979,82432140.0,7936835.8077,43522.0,39832710.0,3836937.5438
2022-03-06,0.0979,0.0984,0.0951,0.0953,95094277.0,9225143.5178,51077.0,47473752.0,4606584.5362
2022-03-07,0.0954,0.0982,0.0918,0.0934,117725704.0,11166535.0669,63259.0,57216521.0,5428186.788
2022-03-08,0.0934,0.0962,0.0929,0.0952,110287527.0,10456538.865,66012.0,53239479.0,5047471.8771
2022-03-09,0.0952,0.1024,0.0952,0.1009,114592702.0,11439692.1072,68988.0,56492438.0,5644340.1916
2022-03-10,0.101,0.1016,0.0938,0.0965,106232037.0,10234023.0905,63065.0,51955844.0,5007089.2761
2022-03-11,0.0965,0.0967,0.0926,0.0934,100054963.0,9432658.9126,52964.0,46378088.0,4372286.3756
2022-03-12,0.0934,0.0956,0.0932,0.0935,62202052.0,5875705.1178,36226.0,30511730.0,2883491.2403
2022-03-13,0.0935,0.095,0.0907,0.0912,79872156.0,7437644.1325,45005.0,38332489.0,3567573.021
2022-03-14,0.0912,0.0952,0.0902,0.0948,125186752.0,11576829.7352,58098.0,59486945.0,5502474.7791
2022-03-15,0.0948,0.0952,0.0907,0.0943,87021189.0,8116485.9803,46572.0,41933653.0,3909056.7218
2022-03-16,0.0943,0.0994,0.0927,0.099,139875447.0,13455936.6001,77324.0,69918995.0,6721516.9064
2022-03-17,0.099,0.0992,0.0963,0.0981,57144998.0,5597378.5895,37167.0,30083597.0,2946345.5773
2022-03-18,0.0982,0.1009,0.096,0.1,91904193.0,8984262.739,45426.0,45866681.0,4484102.3012
2022-03-19,0.1,0.103,0.0996,0.1013,75535839.0,7636814.077,35668.0,38522849.0,3893166.8691
2022-03-20,0.1013,0.1016,0.0981,0.0992,74138871.0,7393271.4445,38059.0,36256872.0,3615117.4781
2022-03-21,0.0992,0.1098,0.0966,0.1066,362889009.0,38314841.306,158045.0,179215260.0,18931013.8888
2022-03-22,0.1067,0.1127,0.1043,0.1084,252596387.0,27238314.8762,116962.0,130172799.0,14033436.2918
2022-03-23,0.1083,0.1099,0.1063,0.1088,110277665.0,11927032.6104,60064.0,53503704.0,5787903.3653
2022-03-24,0.1089,0.1187,0.1066,0.1089,403470420.0,45076682.6597,154893.0,199447284.0,22299306.2939
2022-03-25,0.1089,0.1107,0.1054,0.1076,109103446.0,11846253.4839,58101.0,53523539.0,5811093.7886
2022-03-26,0.1076,0.1092,0.1063,0.1092,71326641.0,7659420.4272,37836.0,35617410.0,3826289.5707
2022-03-27,0.1091,0.1189,0.1084,0.1177,214629696.0,24399063.2013,115185.0,106705137.0,12127721.8059
2022-03-28,0.1178,0.1208,0.1102,0.1129,210268336.0,24577916.3416,108892.0,99235257.0,11602998.1936
2022-03-29,0.1128,0.1257,0.112,0.1226,350848501.0,42094443.1686,156056.0,170149954.0,20416245.1873
2022-03-30,0.1226,0.1251,0.1174,0.1231,258627581.0,31552758.3628,127930.0,123489424.0,15073099.37
2022-03-31,0.1231,0.1279,0.1155,0.1185,286629035.0,34852348.7453,139496.0,137663650.0,16728261.4388
2022-04-01,0.1185,0.1239,0.1148,0.1232,197263321.0,23703327.3144,106174.0,96773859.0,11632046.1988
2022-04-02,0.1233,0.1265,0.1211,0.1222,147061564.0,18201467.4417,80399.0,71739951.0,8886046.332
2022-04-03,0.1222,0.1244,0.1201,0.1231,104952132.0,12881845.8192,59471.0,52177597.0,6405289.2111
2022-04-04,0.1231,0.1232,0.1133,0.1183,137847699.0,16323352.9302,84358.0,67652185.0,8009150.7031
2022-04-05,0.1183,0.1201,0.114,0.1145,100678941.0,11812721.514,60794.0,48489716.0,5690109.4757
2022-04-06,0.1146,0.1149,0.103,0.1034,192715932.0,20821006.2162,92275.0,92114999.0,9957908.4305
2022-04-07,0.1034,0.1079,0.1012,0.1072,109095992.0,11488887.7368,61597.0,54253435.0,5714820.9683
2022-04-08,0.1071,0.1076,0.1006,0.1018,109012088.0,11421403.7874,63043.0,54766344.0,5742021.3262
2022-04-09,0.1016,0.1068,0.1015,0.106,124917797.0,13036750.9672,56667.0,62690144.0,6543411.6953
2022-04-10,0.1061,0.1066,0.1026,0.1029,67505365.0,7068073.2239,39546.0,31858840.0,3334468.4754
2022-04-11,0.1028,0.1033,0.0938,0.0949,166295305.0,16403751.2105,87040.0,79585791.0,7857084.7016
2022-04-12,0.095,0.1002,0.0939,0.0986,143639917.0,13966752.3962,75879.0,73154312.0,7114815.1158
2022-04-13,0.0987,0.1027,0.0974,0.1025,127993856.0,12836587.1065,58290.0,60557996.0,6075746.8358
2022-04-14,0.1025,0.1034,0.0974,0.0989,106128094.0,10663450.1285,53697.0,53411610.0,5365822.9618
2022-04-15,0.0989,0.1015,0.0983,0.1012,119043283.0,11923841.6493,44339.0,59148730.0,5925542.496
2022-04-16,0.1013,0.1019,0.0996,0.101,76768626.0,7745961.427,28961.0,38605964.0,3896306.136
2022-04-17,0.1011,0.1023,0.0967,0.097,92768728.0,9316422.5945,33859.0,46391126.0,4660527.9056
2022-04-18,0.097,0.0982,0.0925,0.0981,176515869.0,16889036.7707,55793.0,88006248.0,8417881.3521
2022-04-19,0.098,0.1018,0.097,0.1015,137991470.0,13723220.1023,46386.0,69469937.0,6908294.6233
2022-04-20,0.1015,0.1034,0.0987,0.1006,166918829.0,16911337.4478,59644.0,82139770.0,8321737.9115
2022-04-21,0.1006,0.1036,0.0962,0.0986,158134832.0,15938594.5315,59330.0,80473097.0,8114935.1363
2022-04-22,0.0985,0.1023,0.0958,0.0963,251887852.0,24804054.8455,80547.0,122320574.0,12045265.0704
2022-04-23,0.0962,0.0969,0.0934,0.0943,135979998.0,12937229.7524,45695.0,65927222.0,6273380.0134
2022-04-24,0.0943,0.0962,0.0934,0.0944,172969995.0,16401766.3742,51130.0,86632083.0,8215197.4811
2022-04-25,0.0943,0.0977,0.0894,0.0953,498523802.0,46248492.9071,134950.0,249244860.0,23135642.1041
2022-04-26,0.0954,0.0962,0.0876,0.0889,213923983.0,19854699.465,67396.0,104997265.0,9743576.1037
2022-04-27,0.0889,0.0931,0.088,0.0924,177924496.0,16222650.2954,59087.0,85982029.0,7841221.7349
2022-04-28,0.0924,0.0953,0.0911,0.0946,153069543.0,14268789.722,59757.0,75497539.0,7038187.176
2022-04-29,0.0947,0.0953,0.0885,0.0891,175778867.0,16062343.6212,56456.0,88172883.0,8054032.1898
2022-04-30,0.0892,0.0915,0.0829,0.0882,287349116.0,25691326.6582,85643.0,146011864.0,13062695.0405
2022-05-01,0.0883,0.0912,0.0864,0.0892,239351151.0,21233316.8984,83558.0,118414626.0,10504002.6874
2022-05-02,0.0892,0.0953,0.0881,0.0921,377870355.0,34433663.796,118976.0,189588598.0,17286428.5589
2022-05-03,0.0921,0.0923,0.0869,0.0876,281670438.0,25327179.6527,88117.0,143340733.0,12896652.0041
2022-05-04,0.0875,0.0932,0.0872,0.0918,252309745.0,22779502.8189,76593.0,128006571.0,11555742.0556
2022-05-05,0.0918,0.0924,0.082,0.0835,370881316.0,32372173.1705,101011.0,183621475.0,16031976.8092
2022-05-06,0.0835,0.0844,0.0802,0.0831,268169801.0,22219765.4394,80975.0,132595490.0,10988771.8569
2022-05-07,0.0832,0.0836,0.0791,0.0804,176779158.0,14473075.136,56785.0,86951062.0,7119428.5326
2022-05-08,0.0803,0.081,0.0753,0.0757,248138697.0,19388076.1618,65203.0,117937554.0,9218770.7413
2022-05-09,0.0757,0.0768,0.057,0.0576,839077422.0,55349784.97,173263.0,414451143.0,27350614.5097
2022-05-10,0.0575,0.0653,0.0557,0.0606,822277462.0,50283698.7798,164305.0,414829119.0,25363865.0457
2022-05-11,0.0606,0.0616,0.0441,0.0491,963139611.0,51214313.7288,192034.0,486457120.0,25851062.9755
2022-05-12,0.049,0.0506,0.0368,0.0391,1239032052.0,51511963.0156,227999.0,601452827.0,25044210.5038
2022-05-13,0.0391,0.061,0.0385,0.0579,1607522177.0,81248058.1611,272474.0,817615482.0,41354524.221
2022-05-14,0.0579,0.0651,0.0507,0.0567,2463593672.0,138234222.2881,465127.0,1257284536.0,70606678.5571
2022-05-15,0.0567,0.0699,0.0539,0.0665,734855950.0,44160970.3466,148176.0,348332847.0,20885679.2558
2022-05-16,0.0665,0.0667,0.0567,0.0585,1022346929.0,61759888.2068,203062.0,502088540.0,30328893.7836
2022-05-17,0.0584,0.0631,0.0581,0.0614,557515997.0,33700107.0425,107109.0,286244711.0,17311098.3935
2022-05-18,0.0613,0.0619,0.0531,0.0535,530477740.0,30272044.8582,90323.0,260983856.0,14903091.7128
2022-05-19,0.0534,0.0571,0.0515,0.0554,499554415.0,27156167.3477,87443.0,244224582.0,13276657.079
2022-05-20,0.0555,0.0563,0.0522,0.0533,474494095.0,25687792.1372,80583.0,233413291.0,12647203.6929
2022-05-21,0.0532,0.0542,0.052,0.0532,357335781.0,18950896.2465,61649.0,185371845.0,9833073.0101
2022-05-22,0.0531,0.0669,0.0528,0.0596,1706938216.0,104084620.6724,218363.0,850905635.0,51910192.1081
2022-05-23,0.0595,0.0595,0.0543,0.0553,798769112.0,45849050.0811,112436.0,392399845.0,22526792.4967
2022-05-24,0.0553,0.0559,0.0514,0.0534,521702823.0,28011701.2529,84778.0,261521134.0,14043147.8845
2022-05-25,0.0535,0.0547,0.0504,0.0518,563752493.0,29350048.2071,84835.0,291270855.0,15170114.8028
2022-05-26,0.0518,0.0529,0.0454,0.0482,680775339.0,33210431.8732,86340.0,348328639.0,17002133.8434
2022-05-27,0.0482,0.0491,0.045,0.0467,720845131.0,33973852.6681,88415.0,358389747.0,16897780.8765
2022-05-28,0.0468,0.0493,0.0459,0.0479,339303650.0,16175592.3804,55436.0,166651501.0,7946313.2085
2022-05-29,0.0478,0.0495,0.0462,0.0491,344780839.0,16543630.0371,58310.0,177553905.0,8525747.5666
2022-05-30,0.0491,0.0536,0.0482,0.0535,504869303.0,25818611.4414,69862.0,246410051.0,12607568.3346
2022-05-31,0.0534,0.0541,0.0511,0.0531,493741506.0,26053333.4506,75971.0,249043826.0,13142503.4741
2022-06-01,0.0532,0.0559,0.0493,0.0502,444533566.0,23541502.6521,87044.0,215709991.0,11423838.3131
2022-06-02,0.0501,0.0527,0.049,0.0516,371967643.0,18964079.2022,66793.0,184878299.0,9423968.4781
2022-06-03,0.0516,0.0529,0.0483,0.0496,365217392.0,18309552.1481,66202.0,176244063.0,8846708.2846
2022-06-04,0.0497,0.0525,0.0481,0.0505,317983290.0,16003309.8061,58591.0,157175290.0,7915999.0734
2022-06-05,0.0506,0.0521,0.0494,0.0511,246883491.0,12497801.0751,45806.0,123111362.0,6233822.3675
2022-06-06,0.0511,0.0545,0.0508,0.0532,294196078.0,15606552.2583,55534.0,146305143.0,7762501.5123
2022-06-07,0.0532,0.054,0.0488,0.0523,340744247.0,17307081.2173,67940.0,165943782.0,8431638.2125
2022-06-08,0.0523,0.0525,0.0494,0.05,242183868.0,12260827.1542,50728.0,116617937.0,5905062.8271
2022-06-09,0.05,0.052,0.0495,0.05,183677827.0,9246519.1214,39441.0,88950535.0,4478810.9773
2022-06-10,0.0501,0.0505,0.0454,0.0463,239691248.0,11550302.553,51494.0,113129620.0,5453656.4228
2022-06-11,0.0464,0.0484,0.0431,0.0443,246916970.0,11282926.6675,50652.0,122795808.0,5606077.1889
2022-06-12,0.0443,0.0453,0.0409,0.0416,268701470.0,11589496.1576,54733.0,131392009.0,5665575.479
2022-06-13,0.0416,0.0428,0.0369,0.0389,569026943.0,22450286.9265,113756.0,286732779.0,11315985.7366
2022-06-14,0.039,0.0405,0.0358,0.04,411434545.0,15962644.5084,79819.0,204155220.0,7926686.2097
2022-06-15,0.04,0.042,0.0359,0.0418,508126884.0,19699581.0435,84791.0,256066493.0,9929870.3812
2022-06-16,0.0418,0.0425,0.0373,0.0382,288049470.0,11408131.3209,52121.0,141562689.0,5608237.8144
2022-06-17,0.0381,0.041,0.0378,0.0398,287510722.0,11389721.0431,48364.0,142978534.0,5666972.5839
2022-06-18,0.0397,0.0406,0.0351,0.0376,297396975.0,11168852.5302,52239.0,142454314.0,5352631.4831
2022-06-19,0.0377,0.0413,0.0361,0.0399,305576314.0,11710369.39,48279.0,153583888.0,5896536.3915
2022-06-20,0.04,0.0437,0.038,0.0412,522438481.0,21343153.3746,73966.0,257191758.0,10507478.8512
2022-06-21,0.0413,0.0437,0.0402,0.0416,319585211.0,13439108.7903,52493.0,159004118.0,6687980.5415
2022-06-22,0.0417,0.0419,0.0396,0.0404,347204614.0,14079969.6386,52779.0,173754468.0,7049587.1007
2022-06-23,0.0405,0.0422,0.04,0.042,301206715.0,12402283.6132,46179.0,148205050.0,6105039.6785
2022-06-24,0.0419,0.0439,0.0407,0.043,365695342.0,15477594.697,50269.0,183584794.0,7772669.3426
2022-06-25,0.043,0.0462,0.041,0.0431,345150583.0,14917885.2761,53717.0,171800388.0,7431395.2949
2022-06-26,0.0431,0.0449,0.0408,0.041,251423723.0,10881641.5163,43898.0,125534759.0,5434449.2834
2022-06-27,0.041,0.0431,0.0407,0.0422,244582219.0,10239822.7754,38697.0,123376887.0,5167539.0047
2022-06-28,0.0423,0.0433,0.0398,0.0401,271232610.0,11348522.3099,41804.0,128878181.0,5396835.2812
2022-06-29,0.0402,0.0408,0.0387,0.0392,336145025.0,13303223.2985,48654.0,160834334.0,6366943.085
2022-06-30,0.0392,0.0393,0.0357,0.0385,391523409.0,14634558.8867,55240.0,193167854.0,7219174.779
2022-07-01,0.0386,0.0395,0.037,0.0382,344293368.0,13158062.2025,48861.0,172576337.0,6596707.6703
2022-07-02,0.0382,0.0547,0.0375,0.0481,5412683439.0,266958935.537,671787.0,2743633482.0,135486684.9065
2022-07-03,0.0481,0.0482,0.0424,0.043,3562208568.0,157644318.481,415008.0,1761960731.0,78050657.0933
2022-07-04,0.0429,0.043,0.0403,0.042,1826857059.0,75657744.64,190731.0,889691989.0,36869402.9432
2022-07-05,0.042,0.0423,0.0387,0.0402,1510611258.0,60920794.0517,136481.0,752737570.0,30380824.6698
2022-07-06,0.0401,0.0412,0.0394,0.0405,820287537.0,32975347.9235,78065.0,403265039.0,16219051.3678
2022-07-07,0.0405,0.0418,0.0397,0.0417,664860886.0,27057048.3596,64964.0,326480177.0,13296659.2701
2022-07-08,0.0417,0.0432,0.0407,0.0415,802504967.0,33528183.8865,75270.0,390178965.0,16308725.4184
2022-07-09,0.0415,0.043,0.0413,0.0419,401439242.0,16921402.6417,52383.0,194286823.0,8193409.4333
2022-07-10,0.0419,0.0423,0.04,0.0405,389034365.0,15976589.5164,49731.0,186869653.0,7676956.2461
2022-07-11,0.0405,0.0412,0.0374,0.0379,289726875.0,11400523.4337,47737.0,132148428.0,5199603.9611
2022-07-12,0.0379,0.0389,0.0375,0.0376,321863932.0,12287670.5253,44941.0,153659210.0,5869498.8704
2022-07-13,0.0376,0.0391,0.0357,0.0388,550912710.0,20702766.8377,60623.0,267723276.0,10070542.2808
2022-07-14,0.0387,0.04,0.0372,0.0397,433201463.0,16689593.6913,50792.0,217424103.0,8382524.1483
2022-07-15,0.0398,0.0428,0.0393,0.0405,749412361.0,30816997.3309,79847.0,368285498.0,15148014.1154
2022-07-16,0.0406,0.0424,0.0404,0.0417,558949846.0,23118503.2189,60564.0,285543756.0,11814900.2642
2022-07-17,0.0418,0.0424,0.0402,0.0406,458507681.0,18933740.1447,52862.0,224977482.0,9292585.5819
2022-07-18,0.0405,0.0457,0.0404,0.0448,711378783.0,30813207.2217,81518.0,356896795.0,15459303.5362
2022-07-19,0.0448,0.0619,0.0438,0.052,4870600540.0,255650894.3739,506108.0,2464077160.0,129446004.8326
2022-07-20,0.0521,0.0548,0.0476,0.048,2017916752.0,103625925.581,224315.0,989184648.0,50850195.3929
2022-07-21,0.048,0.0511,0.0458,0.0489,1264417805.0,60764825.2971,154837.0,626954047.0,30161965.3684
2022-07-22,0.0489,0.0506,0.0463,0.0473,717721325.0,34943986.271,93220.0,347801399.0,16941448.2683
2022-07-23,0.0473,0.0536,0.047,0.0502,1559799409.0,79385196.4343,186482.0,770782187.0,39242111.0607
2022-07-24,0.0503,0.0507,0.0481,0.0486,619509779.0,30307462.1232,84707.0,300144921.0,14686914.6199
2022-07-25,0.0487,0.049,0.0444,0.0446,850219236.0,39608883.8217,96633.0,409943335.0,19106643.6312
2022-07-26,0.0446,0.045,0.0424,0.0444,585097507.0,25603951.8806,69945.0,290456772.0,12717420.4627
2022-07-27,0.0445,0.0485,0.0435,0.0481,905052701.0,41747223.7808,103442.0,445002507.0,20538115.1725
2022-07-28,0.0482,0.0506,0.0472,0.0493,727522215.0,35470661.2728,93842.0,363729418.0,17729590.7608
2022-07-29,0.0493,0.0519,0.0478,0.0496,603635776.0,30044576.6349,92363.0,292589188.0,14573211.277
2022-07-30,0.0497,0.0523,0.0487,0.0492,454423147.0,23033885.3756,81516.0,220311245.0,11168813.6131
2022-07-31,0.0493,0.0544,0.0488,0.0494,674510676.0,34550479.0929,123092.0,332209822.0,17024089.2636
2022-08-01,0.0493,0.0519,0.0492,0.0515,354795522.0,17938153.5734,71324.0,173294550.0,8764657.4141
2022-08-02,0.0515,0.0523,0.0477,0.0487,451041320.0,22130593.4735,83633.0,219180172.0,10758157.2816
2022-08-03,0.0486,0.0509,0.0472,0.0493,300753027.0,14795305.3987,61858.0,148897324.0,7325969.5096
2022-08-04,0.0493,0.0508,0.049,0.0503,225168077.0,11222201.7038,52013.0,111459655.0,5556198.1119
2022-08-05,0.0502,0.053,0.05,0.0529,259069501.0,13417825.5852,55825.0,132031804.0,6841618.8403
2022-08-06,0.053,0.0574,0.0515,0.0518,437804215.0,23674394.4028,77623.0,213582587.0,11558230.0517
2022-08-07,0.0519,0.0523,0.0506,0.0515,227061729.0,11705662.2282,47690.0,112271006.0,5791415.4564
2022-08-08,0.0515,0.0532,0.0511,0.0525,201940321.0,10571157.3357,41035.0,102632425.0,5374677.6246
2022-08-09,0.0525,0.0526,0.0481,0.0492,307017361.0,15459931.5637,53789.0,148060917.0,7454676.691
2022-08-10,0.0493,0.0522,0.0479,0.0522,348995262.0,17544695.2845,62319.0,175153460.0,8804028.2998
2022-08-11,0.0522,0.0618,0.052,0.0532,793404203.0,43470821.4148,127727.0,390609885.0,21397758.5531
2022-08-12,0.0531,0.0574,0.0523,0.0558,839587149.0,46260764.5786,143588.0,419174882.0,23107074.0381
2022-08-13,0.0557,0.0558,0.0542,0.0545,268766866.0,14749817.2917,55048.0,131263497.0,7204776.3357
2022-08-14,0.0544,0.0557,0.0534,0.0538,223822978.0,12244577.18,51903.0,110056379.0,6021997.6075
2022-08-15,0.0538,0.0552,0.0516,0.0531,371316411.0,19759590.9844,67459.0,178129839.0,9484531.6033
2022-08-16,0.0531,0.0534,0.0508,0.052,297627284.0,15479726.6577,57671.0,144245646.0,7503003.9847
2022-08-17,0.052,0.0536,0.0496,0.0503,324533479.0,16683128.1983,59991.0,159602536.0,8209370.8069
2022-08-18,0.0503,0.0509,0.0471,0.0486,267395308.0,13393670.8186,43144.0,131729144.0,6600324.244
2022-08-19,0.0485,0.0486,0.043,0.0451,729634398.0,33004569.7335,82219.0,348452638.0,15760991.9088
2022-08-20,0.0451,0.0468,0.0438,0.0451,593944131.0,27019125.407,68702.0,297204826.0,13527511.5416
2022-08-21,0.0451,0.0468,0.0444,0.0461,470111333.0,21441474.5238,54458.0,238839051.0,10895803.3525
2022-08-22,0.0461,0.0464,0.0435,0.0455,493303462.0,22109530.103,52222.0,246613023.0,11056931.1947
2022-08-23,0.0456,0.0476,0.0446,0.0465,581314295.0,26889580.7867,65297.0,290037216.0,13418631.851
2022-08-24,0.0466,0.048,0.0455,0.0463,563864450.0,26180069.5011,66787.0,286348732.0,13297541.0773
2022-08-25,0.0462,0.0495,0.0462,0.0476,605248170.0,28864959.5289,86518.0,297699636.0,14204671.5675
2022-08-26,0.0477,0.0492,0.0432,0.0437,826877889.0,38756437.894,109103.0,408268886.0,19143284.3854
2022-08-27,0.0438,0.0456,0.0432,0.0447,458467493.0,20341134.8742,61470.0,234089265.0,10388010.5129
2022-08-28,0.0447,0.0455,0.0428,0.043,389306342.0,17408552.4808,53823.0,194076394.0,8682889.8952
2022-08-29,0.043,0.0448,0.0425,0.0445,328454739.0,14327389.5764,51854.0,161880924.0,7062605.8289
2022-08-30,0.0445,0.0476,0.0428,0.0434,600239145.0,26969757.9166,77792.0,294253240.0,13219586.1473
2022-08-31,0.0433,0.0465,0.0433,0.0439,667015696.0,29861362.3654,78632.0,331910798.0,14861549.565
2022-09-01,0.0439,0.0451,0.0421,0.0439,716235213.0,31134425.181,77674.0,367412131.0,15973840.1236
2022-09-02,0.044,0.0456,0.0432,0.0439,622552398.0,27628616.964,69055.0,305592908.0,13568474.569
2022-09-03,0.0439,0.0441,0.0429,0.0435,392101507.0,17045229.6662,49181.0,196906495.0,8562153.4748
2022-09-04,0.0436,0.0444,0.0435,0.0441,203547144.0,8931272.9771,36892.0,102143329.0,4484156.3821
2022-09-05,0.0441,0.045,0.0428,0.0437,343087720.0,14975158.6731,43907.0,164288863.0,7172922.5979
2022-09-06,0.0437,0.0447,0.0401,0.0409,561614577.0,24058375.1416,68998.0,278937351.0,11954325.6018
2022-09-07,0.0409,0.0432,0.0406,0.0424,613839279.0,25829662.2823,69585.0,302351953.0,12729908.2147
2022-09-08,0.0424,0.0445,0.0423,0.0442,525266535.0,22657478.3984,66040.0,263324292.0,11358625.2622
2022-09-09,0.0442,0.0465,0.044,0.0462,515615728.0,23363226.3524,65303.0,256786179.0,11637191.9214
2022-09-10,0.0463,0.0466,0.0448,0.0457,388797109.0,17771032.8153,55684.0,201835994.0,9226182.2377
2022-09-11,0.0457,0.0482,0.0449,0.0467,361016777.0,16763748.1952,58457.0,182957012.0,8499815.0189
2022-09-12,0.0468,0.0482,0.0459,0.0468,495166488.0,23358284.29,78976.0,238314144.0,11246630.8557
2022-09-13,0.0467,0.0479,0.042,0.0423,971207037.0,43322342.8808,113962.0,491819022.0,21951126.9004
2022-09-14,0.0422,0.0436,0.0417,0.0426,609345729.0,25995316.9062,72763.0,323762123.0,13816320.0131
2022-09-15,0.0426,0.0428,0.0407,0.041,548111502.0,22948480.7709,71570.0,271149559.0,11352859.3653
2022-09-16,0.0409,0.0423,0.0405,0.042,534967451.0,22258199.4044,63911.0,268606373.0,11178346.9722
2022-09-17,0.042,0.043,0.0417,0.0426,428007946.0,18112297.3687,48313.0,216687309.0,9174713.0292
2022-09-18,0.0427,0.0431,0.039,0.0396,332100584.0,13737134.2153,50503.0,163339371.0,6766972.8163
2022-09-19,0.0396,0.0412,0.0386,0.0407,521111661.0,20778420.2342,62256.0,253719874.0,10119370.3377
2022-09-20,0.0407,0.0411,0.0393,0.04,663422472.0,26664569.2966,66144.0,336481915.0,13527568.7658
2022-09-21,0.0399,0.0417,0.0383,0.0386,796868407.0,31852550.172,85999.0,400744650.0,16019793.2808
2022-09-22,0.0386,0.0417,0.0385,0.0413,469811295.0,18886461.6285,61561.0,234461880.0,9424685.8821
2022-09-23,0.0412,0.0421,0.0399,0.0416,539923223.0,22113953.9945,69968.0,267378952.0,10955171.3279
2022-09-24,0.0415,0.0424,0.0404,0.0405,406862488.0,16953261.446,54485.0,201140062.0,8386509.7315
2022-09-25,0.0405,0.0413,0.0393,0.0398,216997212.0,8768922.6741,39650.0,105736271.0,4276785.7214
2022-09-26,0.0398,0.0403,0.0385,0.0401,383118548.0,15170969.2287,58299.0,181875685.0,7207272.1955
2022-09-27,0.0402,0.0415,0.0393,0.04,351459429.0,14289833.589,54389.0,175101518.0,7123306.8106
2022-09-28,0.0401,0.0418,0.0387,0.0403,417947151.0,16711778.5523,68467.0,206510547.0,8260017.0247
2022-09-29,0.0402,0.0419,0.0399,0.0415,712802758.0,29338624.9842,97712.0,349665503.0,14401353.8551
2022-09-30,0.0416,0.0419,0.0402,0.0408,845277338.0,34620943.6914,82036.0,431117980.0,17662840.0777
2022-10-01,0.0408,0.0418,0.0401,0.0403,679275121.0,27755186.167,60240.0,332334131.0,13586245.1719
2022-10-02,0.0403,0.041,0.0392,0.0393,766970616.0,30779795.8773,60452.0,375707936.0,15083369.9692
2022-10-03,0.0392,0.042,0.0388,0.0407,847163605.0,34042443.6355,77551.0,425412335.0,17100600.2789
2022-10-04,0.0408,0.0419,0.0402,0.0414,455307544.0,18712178.4755,53472.0,227824580.0,9366057.0306
2022-10-05,0.0415,0.0422,0.0405,0.0415,298505773.0,12338074.9546,50729.0,147917357.0,6113628.6567
2022-10-06,0.0415,0.0421,0.0405,0.0408,224299550.0,9283049.0605,41455.0,108423181.0,4488353.9909
2022-10-07,0.0408,0.0412,0.0399,0.0407,182208908.0,7377387.6378,34371.0,88627170.0,3589906.643
2022-10-08,0.0406,0.0416,0.0406,0.0411,146570018.0,6042705.8339,31931.0,72176463.0,2976276.0087
2022-10-09,0.041,0.0416,0.0408,0.0414,93793652.0,3865555.3597,25870.0,48451651.0,1998032.7303
2022-10-10,0.0414,0.042,0.04,0.0401,236766023.0,9671064.14,44903.0,111189452.0,4545617.043
2022-10-11,0.0401,0.0401,0.0389,0.0395,230259372.0,9061718.0245,42355.0,111849453.0,4403518.6768
2022-10-12,0.0394,0.0397,0.0391,0.0394,123733723.0,4880376.136,29567.0,61665504.0,2434310.1861
2022-10-13,0.0395,0.0395,0.0357,0.0383,474770625.0,17763552.6048,69613.0,229646284.0,8589793.7067
2022-10-14,0.0383,0.0395,0.0376,0.038,181215128.0,6964576.3259,40809.0,84894592.0,3266020.4163
2022-10-15,0.0379,0.0385,0.0378,0.0382,117668695.0,4493877.8628,27699.0,61711821.0,2358174.5976
2022-10-16,0.0382,0.0392,0.0381,0.0386,161557222.0,6243103.1294,32642.0,82101853.0,3174324.1005
2022-10-17,0.0386,0.0392,0.0385,0.0391,151517352.0,5877730.6749,30292.0,77401703.0,3005403.2262
2022-10-18,0.0391,0.04,0.0383,0.0386,258534125.0,10100416.9334,42949.0,122395679.0,4782409.6458
2022-10-19,0.0387,0.0388,0.0369,0.0371,186193879.0,7041581.3836,36756.0,85563741.0,3237164.4728
2022-10-20,0.037,0.0379,0.0366,0.0368,225574419.0,8400667.9275,35025.0,108284512.0,4036677.7051
2022-10-21,0.0368,0.0374,0.0357,0.0372,267276467.0,9802315.7971,39796.0,132601591.0,4866411.3226
2022-10-22,0.0372,0.0378,0.0367,0.0373,165297958.0,6151466.8098,35862.0,84099907.0,3132029.3097
2022-10-23,0.0374,0.0382,0.0371,0.038,140082072.0,5263305.8664,31066.0,71403079.0,2685203.7351
2022-10-24,0.0381,0.0382,0.0369,0.0376,175696026.0,6583865.8849,31772.0,86099410.0,3228472.0128
2022-10-25,0.0376,0.0392,0.0374,0.0384,218959310.0,8369715.7129,32435.0,117271691.0,4481309.7872
2022-10-26,0.0385,0.0396,0.0383,0.0391,324063488.0,12668019.0308,35450.0,162682265.0,6360816.8071
2022-10-27,0.0391,0.0403,0.0388,0.0391,296500054.0,11699866.0394,39961.0,144012198.0,5684494.4554
2022-10-28,0.0391,0.0401,0.0386,0.04,238275838.0,9385327.656,36834.0,123469389.0,4866740.0667
2022-10-29,0.04,0.0409,0.0395,0.04,389163143.0,15623873.0769,49251.0,192259255.0,7720744.2234
2022-10-30,0.04,0.0406,0.0389,0.0391,228358122.0,9068426.2233,35960.0,110633438.0,4394503.8697
2022-10-31,0.0392,0.0395,0.0383,0.039,368488734.0,14395149.2064,42711.0,182595648.0,7134992.2207
2022-11-01,0.039,0.0401,0.0389,0.039,196074325.0,7727332.3204,34159.0,104053788.0,4103144.0006
2022-11-02,0.039,0.039,0.0371,0.0378,337358604.0,12892215.0003,50048.0,153341079.0,5858098.784
2022-11-03,0.0377,0.0393,0.0376,0.0389,266875666.0,10327920.9226,45558.0,132391622.0,5124602.5797
2022-11-04,0.0389,0.0421,0.0388,0.0412,461899975.0,18758837.2646,66037.0,239180403.0,9719717.3641
2022-11-05,0.0412,0.0421,0.0403,0.0405,294939514.0,12183011.6695,46477.0,156750905.0,6477208.2669
2022-11-06,0.0404,0.041,0.0393,0.0394,240308455.0,9714065.2139,41547.0,114504153.0,4631178.9969
2022-11-07,0.0394,0.0401,0.0383,0.0392,314741649.0,12418241.8714,45555.0,152810222.0,6030662.3716
2022-11-08,0.0392,0.0395,0.0293,0.0345,1194574238.0,43543043.2212,121262.0,578424478.0,21107047.4955
2022-11-09,0.0345,0.035,0.0278,0.0292,945867267.0,30289866.3159,127532.0,467875337.0,14963480.1158
2022-11-10,0.0292,0.0353,0.0285,0.0342,792992958.0,25950893.1437,96324.0,405408198.0,13261940.8683
2022-11-11,0.0343,0.0349,0.0318,0.0342,402379019.0,13472883.0476,58009.0,202897846.0,6794011.6244
2022-11-12,0.0341,0.0342,0.0314,0.0319,144843205.0,4695019.4733,35372.0,67191862.0,2178116.8332
2022-11-13,0.0319,0.0327,0.0304,0.0314,244791442.0,7678505.904,43161.0,120308933.0,3776717.0674
2022-11-14,0.0313,0.0318,0.0293,0.0312,327293577.0,10051206.1314,47079.0,166657119.0,5120072.0546
2022-11-15,0.0313,0.033,0.0309,0.0325,186915078.0,5990634.5342,36335.0,90237650.0,2890798.2977
2022-11-16,0.0326,0.0331,0.0311,0.0316,141438472.0,4527960.8528,34578.0,68309204.0,2186069.1571
2022-11-17,0.0317,0.0319,0.0312,0.0317,112569059.0,3552737.878,27357.0,56152412.0,1772955.9251
2022-11-18,0.0316,0.0321,0.0315,0.0316,144415943.0,4592941.5156,26817.0,71254149.0,2268130.6204
2022-11-19,0.0317,0.0346,0.0315,0.0329,331351721.0,10803632.4969,51759.0,162226112.0,5291860.6676
2022-11-20,0.0329,0.0347,0.0305,0.0306,336258210.0,10932400.8903,51799.0,162684174.0,5299387.2516
2022-11-21,0.0306,0.0356,0.0296,0.0324,2191557447.0,73625531.9382,224401.0,1108393322.0,37290287.7799
2022-11-22,0.0323,0.0324,0.0304,0.0322,463461239.0,14534132.958,63179.0,229351686.0,7200356.5333
2022-11-23,0.0321,0.0333,0.0319,0.0328,418318239.0,13639365.6707,50482.0,213589283.0,6964342.6419
2022-11-24,0.0328,0.035,0.0328,0.0341,468524683.0,15944300.2148,60017.0,228347490.0,7770102.2836
2022-11-25,0.0341,0.0342,0.032,0.0324,349317763.0,11341320.9953,50198.0,173764176.0,5641785.0427
2022-11-26,0.0324,0.0338,0.0323,0.0325,255590422.0,8376106.5518,42195.0,133352266.0,4370848.4262
2022-11-27,0.0326,0.0329,0.0318,0.0319,147575925.0,4793005.0555,30463.0,68145364.0,2215804.0098
2022-11-28,0.0319,0.0328,0.0307,0.0322,655634028.0,20860514.0234,64682.0,324759677.0,10335303.0878
2022-11-29,0.0322,0.0325,0.0316,0.0324,303817346.0,9743409.8543,42959.0,157619372.0,5057408.9813
2022-11-30,0.0323,0.0333,0.0321,0.033,230804547.0,7527261.9088,39243.0,113199589.0,3693351.7557
2022-12-01,0.033,0.0333,0.0325,0.0327,261686637.0,8592612.8807,33572.0,131093792.0,4305860.6029
2022-12-02,0.0326,0.0331,0.0321,0.0331,282316171.0,9208403.3317,32524.0,142653145.0,4654093.2402
2022-12-03,0.0331,0.0339,0.0324,0.0327,269458139.0,8929567.374,35904.0,131818524.0,4369653.1316
2022-12-04,0.0326,0.0329,0.0324,0.0328,134430151.0,4387103.4857,25696.0,63400461.0,2070999.8457
2022-12-05,0.0329,0.0333,0.0323,0.0325,156570676.0,5150517.2651,27387.0,72691090.0,2393876.5614
2022-12-06,0.0326,0.0329,0.0324,0.0325,176706557.0,5764408.4953,26804.0,82470590.0,2692331.1255
2022-12-07,0.0326,0.0341,0.0314,0.032,699559294.0,22722854.8172,74465.0,344696004.0,11198734.7557
2022-12-08,0.032,0.0329,0.0318,0.0327,254480594.0,8190167.0442,39906.0,130229883.0,4193729.5011
2022-12-09,0.0327,0.0337,0.0325,0.0332,438808404.0,14492260.0729,56187.0,222731028.0,7360485.787
2022-12-10,0.0333,0.0334,0.0326,0.0331,255260315.0,8439286.0863,36098.0,126662799.0,4189754.1616
2022-12-11,0.0332,0.0337,0.0322,0.0323,301135654.0,9968131.4012,37304.0,144017456.0,4770818.1359
2022-12-12,0.0324,0.0341,0.032,0.0338,693774818.0,22990211.1422,74638.0,339318839.0,11251150.8974
2022-12-13,0.0339,0.0342,0.0321,0.034,577430597.0,19180727.484,59290.0,289550845.0,9626458.334
2022-12-14,0.034,0.0341,0.0328,0.0333,495085316.0,16629764.993,46183.0,242218544.0,8138113.9451
2022-12-15,0.0334,0.0342,0.0331,0.0331,398643179.0,13445338.5983,46105.0,191943773.0,6476177.168
2022-12-16,0.0332,0.0333,0.0293,0.03,388292385.0,12321062.5272,53173.0,187546817.0,5949505.3472
2022-12-17,0.0299,0.0305,0.0285,0.0304,279144548.0,8324129.4444,39497.0,139393625.0,4159706.9108
2022-12-18,0.0304,0.0311,0.0298,0.0305,264423743.0,8010650.3246,36757.0,136982118.0,4153451.3126
2022-12-19,0.0304,0.0307,0.0283,0.029,421575469.0,12581895.8534,49401.0,206278874.0,6157919.5078
2022-12-20,0.0289,0.0306,0.0289,0.0302,370204883.0,11106928.2764,45738.0,193364046.0,5803266.3219
2022-12-21,0.0303,0.0303,0.0293,0.0298,331275585.0,9890502.8132,41580.0,157557058.0,4707351.4446
2022-12-22,0.0298,0.0308,0.0295,0.0304,344286995.0,10353980.0986,44636.0,174718321.0,5257467.6261
2022-12-23,0.0304,0.0305,0.0299,0.0302,264806484.0,7991487.4459,31201.0,140517025.0,4243486.3068
2022-12-24,0.0303,0.0306,0.03,0.0301,151257434.0,4584323.4948,22401.0,71853431.0,2179687.4911
2022-12-25,0.03,0.0302,0.0297,0.0297,149842797.0,4472268.3435,23648.0,72629002.0,2170999.8784
2022-12-26,0.0298,0.0298,0.0288,0.0293,246758217.0,7226152.3245,28548.0,125100761.0,3664339.299
2022-12-27,0.0292,0.0295,0.0286,0.0291,264233405.0,7713029.5955,26796.0,128607651.0,3754381.5162
2022-12-28,0.0292,0.0292,0.0275,0.0281,323499701.0,9147691.4366,32436.0,157488156.0,4453297.477
2022-12-29,0.0282,0.0285,0.0276,0.0281,317688381.0,8937042.4448,36310.0,150773569.0,4244369.7015
2022-12-30,0.0282,0.0283,0.0273,0.0282,216119827.0,6021264.6613,30129.0,112944038.0,3149141.0514
2022-12-31,0.0282,0.0288,0.0279,0.0286,169212198.0,4798645.2134,26633.0,82739576.0,2348647.3962
2023-01-01,0.0286,0.0291,0.0282,0.0287,210331854.0,6015688.1488,25245.0,108451757.0,3103941.5098
2023-01-02,0.0288,0.0296,0.0284,0.0293,218932564.0,6383273.1484,25827.0,109221148.0,3185839.5225
2023-01-03,0.0293,0.0295,0.0289,0.029,245143936.0,7166183.8912,24848.0,122230323.0,3575259.6832
2023-01-04,0.0291,0.03,0.0288,0.0292,363425267.0,10660420.3284,34196.0,187918790.0,5515876.3392
2023-01-05,0.0292,0.0295,0.0288,0.0291,273840823.0,7967751.7446,32877.0,131219253.0,3821065.0174
2023-01-06,0.029,0.0293,0.0282,0.0291,368521389.0,10612445.4551,34317.0,181495779.0,5230322.9348
2023-01-07,0.0292,0.0295,0.029,0.0292,261316756.0,7616876.0048,32207.0,131007103.0,3822351.9789
2023-01-08,0.0292,0.0301,0.0288,0.03,570443247.0,16718281.8999,42634.0,287512340.0,8430597.5008
2023-01-09,0.0301,0.032,0.0297,0.0309,583172643.0,18025983.5586,57484.0,294218426.0,9092788.1713
2023-01-10,0.031,0.0319,0.0303,0.0316,596850676.0,18685575.4137,62207.0,294729562.0,9228362.5705
2023-01-11,0.0316,0.0321,0.0305,0.0319,427094031.0,13314071.2766,46205.0,210066252.0,6549022.093
2023-01-12,0.0319,0.0335,0.0311,0.0331,495301242.0,15950954.0036,61421.0,243379438.0,7839460.6279
2023-01-13,0.0331,0.0346,0.0326,0.0342,425215094.0,14138537.6503,51547.0,219591544.0,7303476.3091
2023-01-14,0.0343,0.0368,0.0339,0.0359,710543444.0,25053372.1579,89105.0,355105465.0,12521655.0941
2023-01-15,0.0359,0.0369,0.0349,0.0359,461353815.0,16578316.4565,70502.0,224906420.0,8081399.2091
2023-01-16,0.036,0.0383,0.0353,0.0366,419351806.0,15385659.1732,62435.0,207306216.0,7609433.6198
2023-01-17,0.0366,0.038,0.036,0.0368,378181404.0,13999101.4426,55745.0,189508186.0,7015479.0515
2023-01-18,0.0368,0.0376,0.0336,0.0337,413493568.0,14696907.9851,59970.0,204895498.0,7281473.3703
2023-01-19,0.0337,0.0353,0.0337,0.035,231627805.0,8007459.6223,38096.0,112287450.0,3881040.3637
2023-01-20,0.0351,0.0372,0.0348,0.0371,343970564.0,12271287.993,49949.0,176309602.0,6293728.0046
2023-01-21,0.0371,0.0377,0.0359,0.0365,363250910.0,13441884.0025,54798.0,184490551.0,6828082.5726
2023-01-22,0.0364,0.0382,0.0358,0.0368,319710651.0,11844406.04,54586.0,163999543.0,6078612.62
2023-01-23,0.0367,0.0385,0.0367,0.0384,425869099.0,16110044.8358,65906.0,212698184.0,8043845.1513
2023-01-24,0.0384,0.0393,0.0361,0.0365,389680379.0,14896384.005,65382.0,191647175.0,7327333.0586
2023-01-25,0.0365,0.0394,0.0356,0.0383,630716898.0,23716168.7921,88754.0,313592412.0,11789135.2195
2023-01-26,0.0383,0.0388,0.0371,0.0384,438198835.0,16688251.5411,58866.0,224413818.0,8546147.1418
2023-01-27,0.0385,0.041,0.0374,0.0397,475364322.0,18615368.1035,68687.0,238787580.0,9356280.3301
2023-01-28,0.0398,0.04,0.038,0.0384,267804736.0,10393476.171,43108.0,137030897.0,5319096.1454
2023-01-29,0.0385,0.0409,0.0384,0.0394,428468777.0,16935541.5372,65697.0,211010959.0,8338687.2684
2023-01-30,0.0395,0.0407,0.0357,0.0363,558641747.0,21296271.8627,68306.0,282261044.0,10757431.9133
2023-01-31,0.0363,0.0371,0.0357,0.0369,337066122.0,12289977.7114,43252.0,170408474.0,6212836.2841
2023-02-01,0.0369,0.0395,0.0356,0.039,788245829.0,29694384.7074,91504.0,389227030.0,14666854.2519
2023-02-02,0.039,0.04,0.0378,0.0385,382304868.0,14973410.8031,60952.0,204936805.0,8026884.9231
2023-02-03,0.0384,0.0411,0.0384,0.041,377221275.0,14952885.1108,78019.0,185387980.0,7350261.7477
2023-02-04,0.041,0.0413,0.0398,0.0409,127245612.0,5168228.7035,30062.0,60890501.0,2473905.5959
2023-02-05,0.0409,0.0428,0.0388,0.0409,432851997.0,17644431.0816,85817.0,217229788.0,8861410.0084
2023-02-06,0.0409,0.0412,0.0396,0.0399,287679535.0,11614434.9893,57502.0,142731792.0,5763418.5694
2023-02-07,0.0398,0.0429,0.0398,0.0425,409525716.0,17040854.8674,73499.0,200993079.0,8367717.5275
2023-02-08,0.0426,0.0439,0.0402,0.0414,307770007.0,12984184.6124,64345.0,151144434.0,6380190.9399
2023-02-09,0.0414,0.0436,0.0369,0.0377,549402827.0,22307966.613,102138.0,269181403.0,10932241.6545
2023-02-10,0.0377,0.0392,0.0374,0.038,420037046.0,16070991.3507,75667.0,211807231.0,8105631.9912
2023-02-11,0.038,0.0385,0.0376,0.0384,133083444.0,5052972.2706,39626.0,68911774.0,2617842.138
2023-02-12,0.0383,0.0397,0.0375,0.038,205527092.0,7954302.7925,50023.0,105380391.0,4081640.4208
2023-02-13,0.0379,0.0395,0.0353,0.0365,401250915.0,14768996.2377,74426.0,198734284.0,7311740.9444
2023-02-14,0.0365,0.0375,0.0358,0.0374,330187350.0,12105349.8865,60375.0,166105265.0,6093081.0518
2023-02-15,0.0374,0.0408,0.0369,0.0407,315664452.0,12172438.2898,61333.0,160161803.0,6173904.8176
2023-02-16,0.0407,0.042,0.0386,0.0388,509224999.0,20750540.7739,78483.0,254579311.0,10370518.0879
2023-02-17,0.0387,0.0414,0.0384,0.0408,336248227.0,13463605.5624,52111.0,165904111.0,6644156.9576
2023-02-18,0.0407,0.0423,0.0404,0.0417,345757532.0,14263618.1448,47086.0,169819299.0,7003896.4461
2023-02-19,0.0418,0.0424,0.0405,0.0414,376824141.0,15607934.5977,57660.0,191945473.0,7950719.6175
2023-02-20,0.0414,0.0441,0.0403,0.0439,392541372.0,16852970.5896,65979.0,196169844.0,8419746.5128
2023-02-21,0.0439,0.0494,0.0419,0.0447,902040928.0,40100569.6931,132058.0,445806387.0,19812392.4639
2023-02-22,0.0446,0.0447,0.0417,0.0434,505135612.0,21615045.5169,73155.0,247057157.0,10565983.2125
2023-02-23,0.0435,0.0437,0.0417,0.0425,379091041.0,16224952.6648,51611.0,192282969.0,8228565.4899
2023-02-24,0.0426,0.0432,0.0402,0.0412,295784687.0,12403937.4645,48629.0,149068838.0,6250487.868
2023-02-25,0.0412,0.0416,0.0392,0.0406,245271796.0,9913552.9547,42139.0,116420992.0,4704100.1593
2023-02-26,0.0407,0.0416,0.0404,0.0413,201455881.0,8266431.7427,35620.0,102496491.0,4206958.0418
2023-02-27,0.0414,0.0652,0.0413,0.0619,11337162318.0,633653653.6504,1132701.0,5811161431.0,325009601.5252
2023-02-28,0.0619,0.0623,0.0522,0.0531,6853000518.0,383303721.5666,626502.0,3399531181.0,190149936.9552
2023-03-01,0.0531,0.0556,0.0506,0.0515,2663518541.0,140503189.7805,245579.0,1316948843.0,69498154.4936
2023-03-02,0.0515,0.0527,0.0475,0.0487,1291951393.0,63894681.1585,139569.0,636594760.0,31484656.536
2023-03-03,0.0487,0.0488,0.0421,0.0432,1818275543.0,79914810.7284,162121.0,912694110.0,40072880.5782
2023-03-04,0.0432,0.0435,0.0402,0.0412,1045801816.0,43731221.6496,98526.0,525640197.0,21997702.3708
2023-03-05,0.0412,0.0422,0.0395,0.0403,1141537607.0,46875160.8661,113938.0,567986293.0,23341565.0751
2023-03-06,0.0403,0.0423,0.0392,0.0414,1555299041.0,63557195.2726,129908.0,769173829.0,31443360.9024
2023-03-07,0.0413,0.0417,0.0383,0.0394,1488189896.0,59246865.3963,117176.0,729244232.0,29043368.2041
2023-03-08,0.0395,0.0398,0.0362,0.0368,1328434846.0,50497752.5764,96982.0,648385604.0,24660572.7527
2023-03-09,0.0369,0.0384,0.0333,0.0345,1432850868.0,51887593.6088,100416.0,690677704.0,25029436.8391
2023-03-10,0.0345,0.0347,0.0316,0.0341,1163535915.0,38924896.4966,88676.0,572938772.0,19179695.1171
2023-03-11,0.0342,0.035,0.0319,0.0336,1113184825.0,36947724.4764,80011.0,554548261.0,18408415.9193
2023-03-12,0.0336,0.0365,0.0328,0.0362,929092383.0,31581314.2311,70061.0,458611618.0,15596642.9795
2023-03-13,0.0363,0.0386,0.0348,0.0381,1206872980.0,44413446.8648,94259.0,610295379.0,22464453.441
2023-03-14,0.038,0.041,0.0375,0.0397,1727225330.0,67736669.9635,136177.0,861855173.0,33810410.364
2023-03-15,0.0398,0.0408,0.036,0.0368,1063052998.0,41183612.8723,91391.0,528814379.0,20500034.3357
2023-03-16,0.0369,0.0379,0.0362,0.0376,803417449.0,29833799.127,74572.0,400305153.0,14867213.886
2023-03-17,0.0377,0.0402,0.0371,0.04,691568733.0,26660075.0631,70954.0,344474369.0,13280596.5843
2023-03-18,0.04,0.0419,0.0393,0.0402,1190065123.0,48827269.4492,106144.0,594784380.0,24407153.8447
2023-03-19,0.0402,0.0418,0.0395,0.0411,639384159.0,25956399.4844,64108.0,319117200.0,12955677.7746
2023-03-20,0.0411,0.0417,0.0379,0.0385,956909485.0,38157673.6656,98383.0,481995305.0,19215138.5031
2023-03-21,0.0385,0.04,0.037,0.0398,691794232.0,26749421.5675,103107.0,341072824.0,13191675.1807
2023-03-22,0.0399,0.0409,0.0371,0.0381,822348593.0,32430218.7292,123443.0,403290715.0,15915153.0557
2023-03-23,0.0381,0.0401,0.0376,0.0397,571844699.0,22293392.141,56635.0,285423597.0,11126489.4328
2023-03-24,0.0397,0.0409,0.038,0.0388,574915997.0,22646036.0059,108449.0,283130786.0,11160650.5228
2023-03-25,0.0388,0.0392,0.0378,0.0383,460673990.0,17783410.2348,71975.0,231528804.0,8941058.7779
2023-03-26,0.0384,0.0395,0.0381,0.0392,569679576.0,22147985.2538,65267.0,283077665.0,11008346.2928
2023-03-27,0.0393,0.0397,0.0359,0.037,746628514.0,28288385.1528,91325.0,367990310.0,13940436.1272
2023-03-28,0.037,0.0384,0.0365,0.0383,754145064.0,28031302.7962,100841.0,376504057.0,13998218.6384
2023-03-29,0.0384,0.0402,0.0382,0.04,527434237.0,20734353.3084,62290.0,263370583.0,10359227.6396
2023-03-30,0.04,0.0405,0.0382,0.0391,565477221.0,22201488.4776,59819.0,282352234.0,11083803.2037
2023-03-31,0.0392,0.04,0.0382,0.0398,485868970.0,18970910.5573,54734.0,238039430.0,9293153.9356
2023-04-01,0.0399,0.0412,0.0396,0.0404,466089249.0,18811827.4758,59226.0,236680440.0,9554245.7409
2023-04-02,0.0404,0.043,0.0391,0.0398,842486983.0,34470499.6634,93710.0,418077845.0,17111894.6493
2023-04-03,0.0397,0.0403,0.0377,0.0398,631154378.0,24744882.177,81125.0,310134617.0,12162845.0406
2023-04-04,0.0397,0.0406,0.0393,0.0402,504080236.0,20171867.1057,60758.0,247629342.0,9911950.0201
2023-04-05,0.0403,0.0417,0.0398,0.0415,573842384.0,23459803.1566,66091.0,289280365.0,11830395.8418
2023-04-06,0.0414,0.042,0.04,0.0418,565166536.0,23118960.7847,63390.0,283637209.0,11605201.3745
2023-04-07,0.0418,0.0418,0.0402,0.0411,515344216.0,21053653.0043,54921.0,255712027.0,10447853.6952
2023-04-08,0.0411,0.0445,0.0411,0.0416,1155661626.0,48961596.6435,112612.0,568933898.0,24132438.9559
2023-04-09,0.0416,0.0417,0.0391,0.0404,660161223.0,26522577.2909,69930.0,323256580.0,12981068.3123
2023-04-10,0.0405,0.0419,0.0396,0.0416,485267025.0,19639351.6997,53364.0,242522034.0,9816480.1627
2023-04-11,0.0417,0.0418,0.0408,0.041,720614654.0,29765742.5337,70707.0,351841535.0,14534069.9473
2023-04-12,0.0411,0.0413,0.039,0.04,800406133.0,31820632.9618,81029.0,389506051.0,15480242.8464
2023-04-13,0.0401,0.0413,0.0392,0.0412,586565911.0,23583352.8946,57936.0,293538794.0,11801881.4697
2023-04-14,0.0411,0.0429,0.041,0.0426,1003401796.0,42080094.382,85162.0,496185723.0,20811771.2662
2023-04-15,0.0426,0.0428,0.0415,0.0423,939518705.0,39598930.6739,85480.0,465085466.0,19605491.1127
2023-04-16,0.0424,0.0431,0.0416,0.0427,788890175.0,33419284.7797,72016.0,391713092.0,16593641.4299
2023-04-17,0.0427,0.0431,0.0407,0.041,861679104.0,35790298.0719,81341.0,423369680.0,17584421.7691
2023-04-18,0.0411,0.0426,0.0403,0.0424,804003891.0,33553920.3598,87513.0,396994850.0,16570746.7478
2023-04-19,0.0424,0.0425,0.0377,0.0385,518902883.0,20930654.6546,86854.0,251341790.0,10134253.8991
2023-04-20,0.0384,0.039,0.0369,0.038,643129587.0,24493287.2506,74683.0,325197495.0,12383304.7549
2023-04-21,0.038,0.0385,0.0363,0.0365,960977752.0,36168054.0237,83361.0,483413068.0,18203616.2082
2023-04-22,0.0364,0.0376,0.0364,0.0375,1085757943.0,40309415.0899,84113.0,544368487.0,20213922.4305
2023-04-23,0.0375,0.0377,0.0357,0.0369,906875138.0,33604033.859,79644.0,450530589.0,16698868.8958
2023-04-24,0.037,0.0374,0.0356,0.0366,1142519674.0,41603658.8422,90400.0,572736604.0,20857935.6829
2023-04-25,0.0366,0.0373,0.0356,0.0371,1028059424.0,37283594.5987,79068.0,510617920.0,18520915.0042
2023-04-26,0.037,0.0386,0.0349,0.0363,1100196875.0,40872306.7,89933.0,539727830.0,20046055.4858
2023-04-27,0.0364,0.0376,0.036,0.0371,1168224149.0,42922383.3143,92796.0,581008223.0,21346215.8166
2023-04-28,0.0371,0.0372,0.0359,0.0367,1044572861.0,38169177.8853,86314.0,536354412.0,19604715.0159
2023-04-29,0.0368,0.0377,0.0365,0.0376,1002539490.0,37312472.109,74426.0,497416409.0,18521186.0015
2023-04-30,0.0377,0.0377,0.0358,0.0361,1242863332.0,45671637.4661,80179.0,625006124.0,22972043.1831
2023-05-01,0.0362,0.037,0.035,0.0355,1165745363.0,42102681.8107,87062.0,589409376.0,21287824.098
2023-05-02,0.0354,0.0362,0.035,0.0361,968863628.0,34475267.9542,70955.0,492382829.0,17525561.6075
2023-05-03,0.036,0.0361,0.0347,0.0359,941677449.0,33247663.7495,72227.0,464258828.0,16392601.7005
2023-05-04,0.036,0.0363,0.0352,0.0357,1088124554.0,38865547.6272,76082.0,538537611.0,19242854.0043
2023-05-05,0.0356,0.0364,0.0353,0.0361,870540521.0,31222246.2542,66547.0,431700597.0,15487752.1473
2023-05-06,0.036,0.0364,0.0346,0.036,493877869.0,17634369.0073,54766.0,238981416.0,8536417.7801
2023-05-07,0.0361,0.0362,0.0349,0.035,684498726.0,24337140.3206,59999.0,345477568.0,12283802.7509
2023-05-08,0.035,0.0354,0.0309,0.0328,976001311.0,32417802.6417,85404.0,475338283.0,15784693.7979
2023-05-09,0.0327,0.0336,0.0324,0.0334,791095170.0,26057152.1789,62277.0,398861840.0,13140585.8678
2023-05-10,0.0333,0.0343,0.0321,0.0339,685346973.0,22946389.0946,64518.0,338977632.0,11346094.3319
2023-05-11,0.034,0.034,0.0315,0.0323,948712860.0,30967657.3569,72884.0,480219545.0,15676243.6456
2023-05-12,0.0324,0.0327,0.031,0.0325,943422883.0,30245437.6825,80011.0,472061537.0,15134622.3121
2023-05-13,0.0326,0.0328,0.0318,0.0325,793087666.0,25549412.0201,68369.0,396246972.0,12767021.4093
2023-05-14,0.0324,0.0331,0.0319,0.0328,956453197.0,30954440.4455,80506.0,484184134.0,15677498.4537
2023-05-15,0.0328,0.0339,0.0323,0.0336,843941597.0,28030371.3495,67316.0,430283628.0,14297777.0486
2023-05-16,0.0336,0.0342,0.0329,0.0333,877148412.0,29338639.583,71202.0,449341561.0,15033443.2426
2023-05-17,0.0333,0.0337,0.0324,0.0336,634743892.0,20961432.9202,61453.0,311243091.0,10281662.7621
2023-05-18,0.0337,0.0337,0.0323,0.0328,816995957.0,27047541.2159,64389.0,405808835.0,13438521.9017
2023-05-19,0.0327,0.0333,0.0325,0.033,702948665.0,23101848.5937,59583.0,350791221.0,11534045.8318
2023-05-20,0.0331,0.0332,0.0326,0.0328,1240957578.0,40782723.472,73144.0,628436019.0,20659684.4452
2023-05-21,0.0329,0.0332,0.032,0.0322,833014187.0,27178931.2638,61620.0,409872680.0,13379470.2843
2023-05-22,0.0322,0.0326,0.0314,0.0324,1010087670.0,32355572.4986,67270.0,511253732.0,16385205.1047
2023-05-23,0.0325,0.0331,0.0322,0.0328,671668109.0,22004618.8744,52225.0,338088629.0,11082052.0024
2023-05-24,0.0329,0.033,0.0309,0.0313,895595829.0,28322705.3829,59986.0,441366164.0,13953420.0794
2023-05-25,0.0314,0.0316,0.0303,0.0312,930181980.0,28938582.8744,64589.0,459751006.0,14307310.7004
2023-05-26,0.0313,0.0318,0.0309,0.0315,1034745937.0,32399542.5986,69271.0,526123880.0,16482146.6126
2023-05-27,0.0315,0.0319,0.0311,0.0317,964327546.0,30436310.6137,65845.0,487031115.0,15380271.0471
2023-05-28,0.0318,0.0332,0.0315,0.0327,981863446.0,31596845.6017,64923.0,500066339.0,16101840.349
2023-05-29,0.0328,0.0332,0.0325,0.033,753703081.0,24796864.8475,50703.0,382366935.0,12584607.9271
2023-05-30,0.033,0.0338,0.0328,0.0337,487969378.0,16257482.824,43159.0,243492424.0,8117515.5823
2023-05-31,0.0336,0.0337,0.0321,0.0329,553327586.0,18174737.6375,46647.0,268897270.0,8834949.5262
2023-06-01,0.0329,0.033,0.0319,0.0327,797023247.0,26000440.9299,57682.0,395635929.0,12910488.7042
2023-06-02,0.0328,0.0333,0.0322,0.0331,716378226.0,23634812.1039,56002.0,362868315.0,11978196.6524
2023-06-03,0.0332,0.0336,0.0328,0.0333,485918358.0,16156646.2954,41194.0,244634719.0,8138034.6334
2023-06-04,0.0332,0.0336,0.0329,0.0333,468703751.0,15618786.7906,38541.0,234855181.0,7830037.7973
2023-06-05,0.0332,0.0333,0.0291,0.0304,1134460867.0,35845722.1656,76735.0,544179211.0,17191173.6727
2023-06-06,0.0305,0.0306,0.0294,0.0302,786402011.0,23637231.6749,66328.0,388974442.0,11698506.2808
2023-06-07,0.0302,0.0303,0.0285,0.0287,541492105.0,15844963.3462,50524.0,248946749.0,7285756.4797
2023-06-08,0.0288,0.0292,0.0283,0.0289,508331587.0,14636977.5967,43727.0,258943390.0,7457261.9224
2023-06-09,0.029,0.0293,0.0285,0.0289,389452419.0,11257394.2191,41392.0,193543190.0,5597291.3941
2023-06-10,0.0289,0.029,0.0218,0.0263,1107485180.0,28774910.0771,91295.0,536134940.0,13916607.2881
2023-06-11,0.0264,0.0269,0.0256,0.0261,484252943.0,12755808.1167,47360.0,242147667.0,6380174.6836
2023-06-12,0.0261,0.0269,0.0254,0.0264,576530577.0,15122875.3288,54361.0,292773821.0,7681121.2918
2023-06-13,0.0265,0.0275,0.026,0.0267,646541965.0,17241211.0265,51527.0,328744995.0,8768459.1007
2023-06-14,0.0266,0.027,0.0249,0.0256,648751063.0,17088564.3812,52488.0,321092825.0,8462110.7165
2023-06-15,0.0256,0.0261,0.0252,0.026,377347902.0,9667177.5832,39204.0,197404429.0,5060768.2962
2023-06-16,0.0259,0.0266,0.0253,0.0261,682494470.0,17748615.6378,49713.0,336798542.0,8763548.0443
2023-06-17,0.0261,0.0268,0.0256,0.0261,691621396.0,18178102.5354,49053.0,354107211.0,9311347.7705
2023-06-18,0.0262,0.0264,0.0254,0.0256,723090673.0,18798330.128,52296.0,353713335.0,9202298.5022
2023-06-19,0.0257,0.0259,0.0252,0.0257,838690684.0,21377084.2686,59111.0,423359386.0,10799298.9463
2023-06-20,0.0258,0.0262,0.025,0.0261,676794045.0,17295756.9578,78942.0,340177450.0,8699472.5196
2023-06-21,0.0262,0.0277,0.0261,0.0275,1478312770.0,39704994.473,115714.0,740715787.0,19899339.3769
2023-06-22,0.0275,0.0283,0.0271,0.0275,1669921120.0,46484231.5013,68680.0,828650360.0,23069469.8239
2023-06-23,0.0275,0.0294,0.0273,0.0289,771339632.0,21651261.0074,52291.0,396583772.0,11137155.5846
2023-06-24,0.029,0.0303,0.0286,0.0299,1022865992.0,30116927.6282,59652.0,517024954.0,15223946.5144
2023-06-25,0.0299,0.0307,0.0295,0.0296,710033461.0,21253669.8036,48127.0,353725202.0,10587928.9091
2023-06-26,0.0297,0.0298,0.0284,0.0289,593194552.0,17249800.9497,47244.0,296407432.0,8621239.2562
2023-06-27,0.029,0.0294,0.0286,0.0291,641646723.0,18586680.6991,47094.0,321244763.0,9309848.3051
2023-06-28,0.0292,0.0296,0.0265,0.0271,1317123661.0,36835727.7238,75578.0,649424384.0,18166782.6616
2023-06-29,0.0272,0.0279,0.027,0.0273,854404970.0,23418430.0264,53882.0,426145451.0,11683870.5479
2023-06-30,0.0274,0.0295,0.027,0.029,1395543524.0,39495897.0451,82600.0,706493257.0,19990738.0405
2023-07-01,0.029,0.0325,0.0287,0.0301,1342261577.0,40643750.1482,91184.0,687407461.0,20820201.8279
2023-07-02,0.0302,0.0302,0.0286,0.0295,720673937.0,21133383.2011,55187.0,357396062.0,10481615.4048
2023-07-03,0.0295,0.031,0.0292,0.0309,675467990.0,20143126.6491,59314.0,330164991.0,9847363.1472
2023-07-04,0.031,0.0315,0.0294,0.03,1035681037.0,31413064.252,66781.0,517784768.0,15706803.9958
2023-07-05,0.03,0.0305,0.0284,0.0289,739883066.0,21810281.1296,57323.0,362847834.0,10706281.875
2023-07-06,0.0289,0.0296,0.0274,0.0275,1098265542.0,31178877.4255,65698.0,547023389.0,15528726.6829
2023-07-07,0.0275,0.028,0.0272,0.0278,984222316.0,27132391.4641,58920.0,498007693.0,13732807.263
2023-07-08,0.0277,0.0278,0.027,0.0275,763512479.0,20961799.2317,54734.0,379402309.0,10422313.3841
2023-07-09,0.0276,0.0278,0.0271,0.0275,939528456.0,25798843.974,60832.0,483449869.0,13284265.8624
2023-07-10,0.0276,0.0281,0.0265,0.0274,1084184570.0,29676387.9519,61245.0,542742138.0,14862804.773
2023-07-11,0.0275,0.029,0.0273,0.0288,1640191995.0,46196575.2015,72739.0,827937460.0,23324894.769
2023-07-12,0.0288,0.0365,0.0288,0.0298,20283551922.0,667719641.3203,874037.0,10192458591.0,335854172.4029
2023-07-13,0.0298,0.0312,0.0288,0.0303,7184505795.0,214000594.882,235913.0,3572833340.0,106460718.4578
2023-07-14,0.0303,0.0312,0.0286,0.0296,4281836184.0,128839936.6304,141191.0,2167845565.0,65230925.8748
2023-07-15,0.0296,0.0303,0.0292,0.0302,984796515.0,29302984.3746,62997.0,495116092.0,14740167.1514
2023-07-16,0.0302,0.0308,0.0293,0.0298,1241579071.0,37185822.2768,68650.0,619052275.0,18539714.3387
2023-07-17,0.0299,0.0304,0.0293,0.0302,2239490727.0,66993586.5246,82724.0,1127192052.0,33726001.57
2023-07-18,0.0303,0.0303,0.0287,0.0291,1408406906.0,41612836.2849,64838.0,686596478.0,20290959.6068
2023-07-19,0.0292,0.0297,0.0288,0.0295,1712818760.0,50077952.9666,70977.0,858856912.0,25116205.3747
2023-07-20,0.0294,0.0304,0.0292,0.0295,1953567087.0,58124573.7379,74150.0,977747856.0,29096763.9431
2023-07-21,0.0296,0.0299,0.0292,0.0295,1250773637.0,36961907.6938,54514.0,619214148.0,18306061.8068
2023-07-22,0.0296,0.0305,0.0295,0.0301,903060767.0,27110291.3225,48241.0,460214059.0,13821098.5633
2023-07-23,0.0301,0.0307,0.0298,0.0305,1350142417.0,40970936.051,52861.0,681774509.0,20691973.4207
2023-07-24,0.0305,0.0306,0.0282,0.0288,1367302242.0,39826924.6062,60163.0,671649077.0,19558887.984
2023-07-25,0.0289,0.029,0.0284,0.029,936083309.0,26867250.9214,43269.0,474832281.0,13632547.1278
2023-07-26,0.029,0.0295,0.0283,0.0293,1496648483.0,43129195.2778,52186.0,744265697.0,21451050.4226
2023-07-27,0.0293,0.0297,0.0287,0.0292,1299542148.0,37962983.046,47642.0,653362260.0,19092469.2499
2023-07-28,0.0291,0.0296,0.0287,0.0295,1820177871.0,53112006.9797,62315.0,913534081.0,26661991.7016
2023-07-29,0.0294,0.0309,0.0293,0.0307,1410005749.0,42634916.6226,57825.0,716817574.0,21685422.745
2023-07-30,0.0307,0.0308,0.0293,0.0299,947012768.0,28484126.7485,49766.0,467817297.0,14075744.5546
2023-07-31,0.0299,0.0306,0.0294,0.0298,1119221783.0,33611742.5835,49233.0,555977189.0,16702004.6539
2023-08-01,0.0297,0.0311,0.0288,0.0309,1464514323.0,43464877.1389,61975.0,734575952.0,21809834.3762
2023-08-02,0.031,0.0311,0.03,0.0304,1048137829.0,31950661.0697,61257.0,523220407.0,15954511.9029
2023-08-03,0.0304,0.0306,0.0295,0.03,1158527581.0,34883191.8118,56826.0,569352923.0,17149926.8565
2023-08-04,0.03,0.0305,0.0295,0.0297,1151407875.0,34425770.5049,60751.0,566704277.0,16950240.52
2023-08-05,0.0297,0.0298,0.0291,0.0297,960097052.0,28236938.7667,49602.0,482091892.0,14186732.2395
2023-08-06,0.0296,0.0303,0.0294,0.0301,907186862.0,26952573.2778,43773.0,452873691.0,13460315.2002
2023-08-07,0.0301,0.0324,0.0293,0.0298,2211261291.0,67757679.6783,102264.0,1103516602.0,33825532.9263
2023-08-08,0.0299,0.03,0.029,0.0295,901931882.0,26501874.3731,78502.0,454361774.0,13356898.0039
2023-08-09,0.0295,0.0307,0.0294,0.0302,1041024246.0,31288904.1813,71985.0,522474137.0,15709723.9839
2023-08-10,0.0301,0.0302,0.0297,0.0299,1105577010.0,33049961.2055,52856.0,543329666.0,16249903.4368
2023-08-11,0.0299,0.0301,0.0294,0.0297,753406811.0,22389203.7968,44705.0,369432837.0,10985970.5296
2023-08-12,0.0297,0.0298,0.0294,0.0296,471170466.0,13926028.6196,33693.0,229859975.0,6798185.4058
2023-08-13,0.0296,0.0299,0.0294,0.0296,422052866.0,12493828.1071,33318.0,220576928.0,6533858.5189
2023-08-14,0.0296,0.0297,0.0292,0.0293,643282889.0,18942997.9251,31302.0,310906729.0,9157689.0198
