Date,Open_SPY,High_SPY,Low_SPY,Close_SPY,Adj_Close_SPY,Volume_SPY,Open_BA,High_BA,Low_BA,Close_BA,Adj_Close_BA,Volume_BA
2022-01-03,1.0,1.0,1.0,1.0,1.0,1.0,1.0,1.0,1.0,1.0,1.0,1.0
2022-01-04,1.006130618313187,1.004457475893285,1.0036509031264464,0.9996650610936104,0.9996650389999653,0.979502726089266,1.0357843286850874,1.0190453310316512,1.0316711053279692,1.0277590890768695,1.0277590890768695,1.2598618132050066
2022-01-05,1.0018056180793236,1.000272062113952,0.9882452099768424,0.9804693501514444,0.9804693731768386,1.438578360273132,1.0619607813218062,1.039800472584004,1.0416543787412509,1.0250649797872062,1.0250649797872062,1.276428776406702
2022-01-06,0.982343117026938,0.9852882731202186,0.9822306356035059,0.979548284129639,0.9795482140744189,1.1952807417825129,1.0521568597531785,1.0258845731144561,1.0222288007960325,1.016742017306459,1.016742017306459,0.7883048939317013
2022-01-07,0.9824690829310562,0.9818980981772542,0.9805845476658674,0.9756756288856475,0.9756756567600147,1.1712358363080413,1.044019586899701,1.036903368130329,1.0444576015920648,1.0367555054710604,1.0367555054710604,1.0514558177523674
2022-01-10,0.9714466178154745,0.9746572863566789,0.9635960751760936,0.9744615312476663,0.9744614640156977,1.6425616707170398,1.0502940907197842,1.0224649520730538,1.0186387755147983,1.0069758344269433,1.0069758344269433,0.9082580958477737
2022-01-11,0.9767583936797151,0.9832583448826681,0.9750975664059208,0.9833371886762668,0.9833371783097283,1.022498149121624,1.0245098039215685,1.0307765169015273,1.0249336452027562,1.0392572098438786,1.0392572098438786,0.893843403015386
2022-01-12,0.9901112920936596,0.9902689257359202,0.9896380635246068,0.9859956823992128,0.9859957391077008,0.9303299104697791,1.0641666487151502,1.0507717990333083,1.0637356493915318,1.0461368051079136,1.0461368051079136,1.0082007019712589
2022-01-13,0.9913710152070191,0.9895992442037838,0.9780310150300279,0.9724100544021788,0.9724100977038264,1.2546492138239285,1.0894607843137254,1.0776062507767996,1.0821776680181507,1.0771672916339539,1.0771672916339539,1.9456524138539988
2022-01-14,0.9682763263934193,0.9732970396512649,0.9705602785114583,0.972807790360825,0.9728077862178298,1.3195716971109783,1.0890196257946536,1.0743291079061978,1.0831612273367506,1.0870778699623183,1.0870778699623183,0.8888876625240061
2022-01-18,0.9652320008754821,0.9625614430889805,0.9608736766780337,0.9555797416837186,0.9555797628088897,1.5097264002686182,1.1004901960784315,1.0908097593923445,1.1028818655734727,1.082507427336312,1.082507427336312,0.985706717291009
2022-01-19,0.961851808994683,0.961828982904728,0.9527487298511372,0.9456574241287995,0.9456574343845021,1.5048893463715902,1.1034314024682137,1.0706245305231943,1.0668830842355108,1.0443567843434516,1.0443567843434516,1.035606278007108
2022-01-20,0.9526559135609919,0.9600083381290135,0.9380605556073288,0.9351908228656142,0.9351907043972773,1.684088776108394,1.065588259229473,1.0541438790370476,1.0495721550732433,1.0304531983665328,1.0304531983665328,0.8428953003244961
2022-01-21,0.9354608628549101,0.9376582438748184,0.9242376417978947,0.9168324272478902,0.9168324083695902,2.783489889662879,1.0479901631673176,1.0153882222152166,1.0060490361388823,0.9883575571931138,0.9883575571931138,1.274640736407585
2022-01-24,0.9070543981770695,0.9215862702896229,0.8879603341689253,0.9207259722539242,0.920725962067711,3.464842943681005,0.9796568926642921,0.9726905727064439,0.9467394412014327,0.9823919770453078,0.9823919770453078,1.5227588794949338
2022-01-25,0.9092168982940012,0.9202050760787215,0.9014455806573751,0.9094848527185534,0.9094848514361952,2.311840667582244,0.9808823828603705,0.9766326378644797,0.9715255562584373,0.9819109280487093,0.9819109280487093,0.973985121741242
2022-01-26,0.9252992074655877,0.9292455851695237,0.9050542995199946,0.9072031413091467,0.9072031135871,2.564961014584096,1.010833366244447,0.979387336618448,0.943837914947295,0.9346194732128088,0.9346194732128088,2.204631244343392
2022-01-27,0.9201344131802109,0.9241184277441025,0.9062994759426365,0.9027234053046325,0.9027233617865947,2.0625018921619085,0.9626470827588848,0.9485158101126889,0.927707301991807,0.9128740471607133,0.9128740471607133,1.3984349131365754
2022-01-28,0.9084190715198011,0.9249764452325873,0.902859558538781,0.925142911206182,0.9251428555356573,2.263127475291806,0.9253921508789062,0.9058180881328222,0.9037572911484161,0.9168190453412719,0.9168190453412719,1.2104258184146046
2022-01-31,0.9263909333253371,0.9423040557244519,0.9281629036478568,0.941805722529915,0.9418057426352241,2.0951585425261667,0.9349509594487208,0.9515079241705956,0.934395610415358,0.963340733691848,0.963340733691848,1.7112867265623275
2022-02-01,0.9462103804875098,0.9493146365777039,0.9432098695462913,0.9481694339851898,0.9481694129522309,1.6947633215078948,0.992548998664407,0.9921158696839282,0.986033262569891,1.002309226047001,1.002309226047001,1.3537339131586499
2022-02-02,0.9563300685995192,0.9587108700757156,0.9561042143238827,0.95738003032018,0.9573800228370014,1.615025554506648,1.0070097680185355,0.9897411368757929,0.9993607277153312,0.9983643012754145,0.9983643012754145,0.8657314408070462
2022-02-03,0.9467772911282201,0.9479334423668024,0.9406140882431684,0.9348768376043314,0.9348768705995489,1.6241547196710528,1.0100980272480085,0.9931132893506263,1.004524432898172,0.9929279264101477,0.9929279264101477,0.7786472704796804
2022-02-04,0.9371194993553696,0.9475358229486182,0.936646577725923,0.9392728229114823,0.939272702274484,1.630072026003121,1.0049019607843137,0.9890762145883587,0.9988197588339863,0.9932165704899012,0.9932165704899012,0.6570053641199973
2022-02-07,0.943753981285029,0.9437898597340982,0.9409095713003257,0.9362584366370397,0.9362584457299405,1.1624465722282924,1.008774476892808,1.018142920969185,1.010229182003123,1.0195323657590307,1.0195323657590307,1.3042648065164124
2022-02-08,0.93791732612957,0.945736125678391,0.9395800263500301,0.9439618398348087,0.9439618946377918,1.114820512961653,1.04254898370481,1.0157681881610496,1.0312285148907143,1.0260271511893755,1.0260271511893755,0.8119246815743582
2022-02-09,0.955742206356242,0.9582086408587864,0.9602405907033482,0.9577777662788262,0.9577777767602998,1.2741460501292174,1.0534804101083792,1.0308239854680963,1.0489820344902367,1.0384874433585545,1.0384874433585545,0.8374759939074192
2022-02-10,0.9475960695049872,0.9578528525872309,0.9437585869933228,0.9405706712468269,0.940570684325781,1.9279918864097363,1.0475980721268,1.0602231892281864,1.0509491531274364,1.0523910293354732,1.0523910293354732,1.2909096929427606
2022-02-11,0.9435440167541058,0.9450873277873961,0.926326889917813,0.9220238205892689,0.9220237478911225,2.10841330871,1.067990172143076,1.0516266680581117,1.0340808894431897,1.0213605428094332,1.0213605428094332,1.2630736628330501
2022-02-14,0.9236196193625612,0.9241393752495899,0.9187295362043063,0.9190094343148264,0.9190094259372841,1.692711529940194,1.0441176470588236,1.0241272940271862,1.0266548552501147,1.0104877930788991,1.0104877930788991,0.7153705216220393
2022-02-15,0.9316187746349519,0.933933228165786,0.9352748485118004,0.9338301774780129,0.9338301910598968,1.2176261418337044,1.0531372369504444,1.0426976495087728,1.0509000014257743,1.0474838597527452,1.0474838597527452,1.1532306130107504
2022-02-16,0.9320386396246191,0.9376582438748184,0.9326580072784924,0.9348768376043314,0.9348768705995489,1.1678230642839647,1.05931375540939,1.043362571796207,1.058719399313677,1.0532569615747338,1.0532569615747338,0.6290037747511092
2022-02-17,0.9305480003777694,0.9345401310458062,0.9210087745200863,0.9149065445069157,0.9149065624949512,1.407205627771157,1.0709313785328585,1.0381382031009656,1.0458837513479196,1.0275185278740842,1.0275185278740842,0.6817288801571709
2022-02-18,0.9181818135220232,0.9179868118848227,0.9113010483530202,0.9089824763005011,0.9089825080500855,1.8253224931950978,1.0419607723460476,1.019852731489886,1.025868052819694,1.0056287797821117,1.0056287797821117,0.7696960332001501
2022-02-22,0.9067604990915205,0.911373850449755,0.8987231821593152,0.8992275962572447,0.8992275620117728,1.7117776413892183,1.0049019607843137,0.982664407017956,0.9728534026109683,0.9561243380621192,0.9561243380621192,1.1459018564711596
2022-02-23,0.908377104242488,0.9066862074534928,0.8892054461881108,0.8832765061534404,0.8832765242704133,1.824429392774281,0.985931396484375,0.9653288865070055,0.9634602497806931,0.9449629442518314,0.9449629442518314,0.8086245336747533
2022-02-24,0.8629435220399966,0.8972690264499936,0.8666033752434531,0.8965690386512344,0.8965690012138005,2.9441062252814847,0.9278921239516315,0.9444787353504214,0.9190518749310562,0.9546328879684381,0.9546328879684381,1.347387474890179
2022-02-25,0.9019735384463188,0.9162707769078532,0.9029439270664348,0.9163509405918804,0.9163509305486067,1.676173346800939,0.9857352761661307,0.9692234830984726,0.9791482722989261,0.9693062404306814,0.9693062404306814,0.9635880002648948
2022-02-28,0.9070543981770695,0.9170241845975932,0.9089374415095862,0.9140064321302172,0.914006465185543,2.0038338640560798,0.9734313815247779,0.9846117053136891,0.967591243943272,0.9878764347875431,0.9878764347875431,1.0881989360058277
2022-03-01,0.9133739653464337,0.9148686990558104,0.901361147726265,0.9000858652267935,0.9000858627816336,1.896096229162137,0.9956372578938804,0.9665162529110732,0.9488049382827219,0.9376984657451342,0.9376984657451342,1.3023443191099535
2022-03-02,0.9077682263244647,0.9202050760787215,0.9107734552396303,0.9166440360911206,0.9166440295997991,1.620055264888906,0.9621078640806907,0.9491807324001229,0.9572145317943972,0.9516501345990213,0.9516501345990213,0.823756649963577
2022-03-03,0.9247743281743696,0.923113905445898,0.9154795445928566,0.9120805493892428,0.9120805539016088,1.451827621985958,0.9702941296147365,0.9427689248297201,0.9280515890257381,0.9085442391464648,0.9085442391464648,1.3713273437672457
2022-03-04,0.9064665359337923,0.9069163745564701,0.902986175733718,0.9046702416907139,0.90467020404495,1.5684742432040424,0.9184803682215074,0.8944193996422102,0.8801514922981909,0.87000863950197,0.87000863950197,1.4441182313856207
2022-03-07,0.9060466068719463,0.904677162857084,0.8850057612111766,0.8780012982316339,0.8780012646233109,1.8976195915132066,0.8874019548004749,0.867822363202657,0.8314153663977955,0.8138650903117554,0.8138650903117554,1.4180150548553012
2022-03-08,0.8809993824723377,0.894025292452403,0.876057802617189,0.8713445551601833,0.8713444952551116,2.2674663745627384,0.8320097829781327,0.8587984075201804,0.8241369373912377,0.8361397216463899,0.8361397216463899,1.513818679499349
2022-03-09,0.8925887582286297,0.8988385566172435,0.892307696270982,0.8947060168455808,0.8947060136717201,1.6099311665900629,0.8813725639792049,0.86853475405666,0.87247962455604,0.8590397240174997,0.8590397240174997,1.1105825478466258
2022-03-10,0.8870879694360327,0.8923929836330371,0.8872849995269567,0.8906659240899266,0.8906658777433558,1.2931750063989476,0.8615686005237055,0.8644977517654863,0.8625455028444201,0.8582218746552072,0.8582218746552072,0.923169466457694
2022-03-11,0.8988452783737557,0.897289910091135,0.8853645528658024,0.8793410538571924,0.8793410432141552,1.3160681013152933,0.8999509624406404,0.8779862167226326,0.865299498952806,0.847830247330244,0.847830247330244,1.0345908478841526
2022-03-14,0.8836658102779207,0.8884586844621688,0.8774717804985949,0.8729145453496611,0.8729145799738847,1.3173465147065704,0.8621568866804534,0.8464972364960082,0.848677143858401,0.8444145278411969,0.8444145278411969,0.8983135030131785
2022-03-15,0.8813142972326328,0.8932510011215218,0.8830220703560101,0.8921103201748913,0.8921103766156014,1.4616998907362506,0.864215701234107,0.8572785437368488,0.8635782889054477,0.865438270284936,0.865438270284936,0.8886669168451028
2022-03-16,0.902561464761775,0.9117505223624521,0.8964861925108184,0.9118921582324732,0.9118921751318178,1.9947487346597275,0.8989705852433747,0.900498709833349,0.8965280138435203,0.9092177664688809,0.9092177664688809,1.333027968477517
2022-03-17,0.9103296398284966,0.9230302431526406,0.9141922483098441,0.923300779162571,0.9233007335587032,1.4129550477375248,0.9135294147566254,0.9035383649289187,0.9111340985990637,0.9149908682908694,0.9149908682908694,0.896955917087923
2022-03-18,0.9195885182142467,0.9309615562821473,0.9226970467215517,0.9305226957043302,0.933413468441029,1.4634393035743283,0.9415196437461704,0.9184516840651645,0.9348874275950407,0.9276917216628335,0.9276917216628335,1.4182468378181496
2022-03-21,0.9328994493508782,0.9343099000784829,0.929998917377901,0.9302506177332615,0.933140515452717,1.21579728134177,0.9039215387082569,0.8894324462509071,0.8882167987759351,0.8943519356808202,0.8943519356808202,3.020860466656365
2022-03-22,0.9360906923755002,0.9429318422456134,0.9409306312305111,0.9411358447171357,0.944059616124621,1.027277406073083,0.9080392426135495,0.9159819416527977,0.9074456948737399,0.9190801151023323,0.9190801151023323,1.5869958720558046
2022-03-23,0.9382952238419241,0.938558092509932,0.9363933433360488,0.9290155025671091,0.9319015979948649,1.0929966615383344,0.929754892985026,0.9031583989830855,0.9099537823922845,0.8950254630032358,0.8950254630032358,0.9158517472020485
2022-03-24,0.9362586896291105,0.9427644537947524,0.9386092730543604,0.9430198201678962,0.9459493560683835,0.8908559727638775,0.9134804220760568,0.8985514115376155,0.9084292541923399,0.9095064105486343,0.9095064105486343,0.7830290722059116
2022-03-25,0.9472181717926331,0.9479543898722899,0.9463543038929894,0.9476251502769236,0.9505690183510356,1.06100467604812,0.9203921299354704,0.910472544144861,0.9192977084801317,0.9090252881430634,0.9090252881430634,0.7025893468135361
2022-03-28,0.9491077244265828,0.9540860057315695,0.9497942212968448,0.9543656440457374,0.957330508000636,0.9430507429659741,0.9236764346852022,0.8988838364457857,0.9071997862838986,0.9052246854113539,0.9052246854113539,0.7620251208582592
2022-03-29,0.9658198631187593,0.9669770878356367,0.9648200628616376,0.9661719370514172,0.9691735149653524,1.191463391139453,0.9393137015548407,0.9326050713097449,0.9402970413677229,0.932358330042776,0.932358330042776,0.9314032802807884
2022-03-30,0.9664917239888415,0.9651564430599223,0.9633217164525778,0.960206025437853,0.9631890223318453,1.0963103530842928,0.9427451339422488,0.9377819714384171,0.9410839188389093,0.9376984657451342,0.9376984657451342,1.0992362199509944
2022-03-31,0.9613479453782109,0.9600502331399883,0.9521156438764518,0.9454271895648804,0.9483642672422337,1.6747339276327198,0.9558823529411765,0.9383994251592824,0.9415265092761641,0.9212931753953971,0.9212931753953971,0.7116730315004084
2022-04-01,0.9517321208826736,0.9489588483061483,0.9478527147055053,0.9481066369329332,0.9510520005858056,1.2254163444257598,0.9440196168188956,0.9148420438152988,0.9283958010189034,0.9177330604575009,0.9177330604575009,0.5366437826979537
2022-04-04,0.9513542231703195,0.9561787126212361,0.9544370664560587,0.9562286658513911,0.9591992515606821,0.8201799411572049,0.9314706091787299,0.9111374664322953,0.9191994050768078,0.9197536424247481,0.9197536424247481,0.8600362022913401
2022-04-05,0.955742206356242,0.9581039671956955,0.9492877525170965,0.9441502309915782,0.947083291607654,1.0212789087936676,0.9299019458247166,0.9135597402780932,0.8976099516062098,0.8787164118164074,0.8787164118164074,1.0343701022052494
2022-04-06,0.9382532565646111,0.9394788886505331,0.9358868745563005,0.9347093362096044,0.9376131376400602,1.47104235415216,0.8843136955710019,0.8576110411161129,0.8683977820951231,0.8598094905028242,0.8598094905028242,0.9021765523939869
2022-04-07,0.9355238458069691,0.9431620732129368,0.9360134917512375,0.9394193067780379,0.9423377818412939,1.0747094327367404,0.8731862984451593,0.8485395443959733,0.8550703169496828,0.8562012926879597,0.8562012926879597,0.8297609324297477
2022-04-08,0.9405207069109148,0.9430365159087044,0.9410994970927316,0.936907360804712,0.9398178887488623,1.090885696907313,0.8653921239516315,0.8460223334170375,0.8568899804818967,0.842874994870548,0.842874994870548,0.7200834418666254
2022-04-11,0.932416537336973,0.9312545659015867,0.9272765832832972,0.9208934736486512,0.9237542816106934,1.235347786239373,0.8521568447935814,0.8533364785788129,0.852758911278552,0.8420571455082554,0.8420571455082554,0.6623584468334033
2022-04-12,0.9302540372200413,0.9328240960688365,0.9214941189661932,0.9174813514155624,0.9203316094277557,1.1609424755257458,0.8602941176470589,0.8477796125043076,0.8583161302377516,0.8480708085330295,0.8480708085330295,0.67604467892541
2022-04-13,0.9196515011663058,0.9293920261148975,0.9240054673382058,0.9279897960858974,0.9308727751927662,1.019295923113549,0.8674510133032706,0.8713369938482912,0.8702665973289988,0.8797748223814853,0.8797748223814853,0.8167479746583961
2022-04-14,0.9312408128504188,0.9306895580325413,0.9236678000172216,0.9164346912892439,0.9192817248326456,1.346799562945002,0.8958333333333334,0.8812158185555714,0.8932822005554516,0.8753006923273602,0.8753006923273602,0.5678241098430499
2022-04-18,0.9170900876622738,0.9202678547308376,0.9192993135815232,0.9168114736027831,0.9196596597395389,0.908272119028681,0.8894607693541283,0.8665875282320206,0.8780859952169014,0.8652458653680912,0.8652458653680912,0.5565660802189797
2022-04-19,0.9192945550565186,0.9329287058675816,0.9236678000172216,0.9316112631208627,0.9345054112128669,1.0709085955067004,0.884117650050743,0.8910472471673768,0.8865938921319005,0.8947368189234821,0.8947368189234821,0.826206926999404
2022-04-20,0.9383162395166701,0.9366328379354727,0.935907998889942,0.9309204316629764,0.9338124651409339,0.8975645468031409,0.9178431641821769,0.8897648711590774,0.8992820099519064,0.8830462932396281,0.8830462932396281,0.7532173682700161
2022-04-21,0.9417174470722153,0.9417390478554065,0.9224438123316775,0.9169998647595528,0.9198486271929857,1.1754426282748163,0.9251470378800933,0.9016860762374166,0.8879217384844316,0.870874645150203,0.870874645150203,0.8218471998410631
2022-04-22,0.917300052193197,0.9167730061247824,0.8978368617947557,0.8918381783207583,0.8946087500499563,1.8229679557220353,0.8861764646043965,0.8675848754276247,0.8680043433595299,0.851149801065355,0.851149801065355,0.7033398821218074
2022-04-25,0.8895024654333796,0.8971225216402741,0.8839083907205697,0.8970086819000944,0.8997952492836537,1.646493239133486,0.8554411495433134,0.8362859144094639,0.8480869482346284,0.8462907877685675,0.8462907877685675,0.6945873159532903
2022-04-26,0.894037366125987,0.891576861155527,0.8780626822094534,0.8710305698989006,0.8737364477663936,1.4311115453527128,0.8566666397393918,0.830539029126495,0.8205469121100036,0.803617785026669,0.803617785026669,1.0239619434449572
2022-04-27,0.876002521368392,0.885047625878063,0.8758256925609564,0.8734797188199699,0.8761932862983813,1.6792764923308958,0.7904411764705882,0.7658513306236391,0.7180092585296961,0.7430963449452379,0.7430963449452379,4.455939162490894
2022-04-28,0.8866051214943066,0.8991106187311956,0.8812915494872615,0.8955433321700227,0.8983253716049225,1.4511037840485934,0.7676960814232919,0.7446686820877908,0.7327628734309913,0.7419416952172512,0.7419416952172512,1.4921083419792058
2022-04-29,0.8893344681797695,0.8912210728839715,0.8678062385953554,0.8624479440864757,0.8651271455311683,2.0021288541617928,0.7521568747127757,0.7458085799252896,0.7304023160581985,0.7160588660677522,0.7160588660677522,1.2008896050859805
2022-05-02,0.8651480535064205,0.8703986776503975,0.8547430279555438,0.8676394013109188,0.8703348373764672,2.178566415571048,0.7255882562375536,0.7098076218574269,0.7051244588622768,0.714952372625706,0.714952372625706,1.3685349109291185
2022-05-03,0.8713206390969205,0.8766976819605384,0.8723435264898178,0.8716166970143164,0.8743244773290402,1.3765058168497362,0.7308333153818168,0.73355494993878,0.7274024113599712,0.7388627026849257,0.7388627026849257,1.1202291340147017
2022-05-04,0.8756665909333509,0.8991524498778243,0.873082169729255,0.8981599824858191,0.9009501812066406,1.9850209582733576,0.7495588414809283,0.7463310240419231,0.7414675272341699,0.7551717538717543,0.7551717538717543,1.0541268404670978
2022-05-05,0.8913499867178373,0.8894004281082569,0.864070902537799,0.8662368486331037,0.8689279488488847,2.3797080428578115,0.7631862864774817,0.7503680988041908,0.7330087820208327,0.7239007061429288,0.7239007061429288,0.8775523719123198
2022-05-06,0.8631115192936066,0.8680547922879205,0.8562414387680598,0.8610663450537674,0.8637413187965972,2.088544920611767,0.7350980721267999,0.7166943325068005,0.7172716078009378,0.7163475101475056,0.7163475101475056,0.8496390808149931
2022-05-09,0.8505144163043704,0.8504970146930785,0.8367626778364586,0.8334973531010532,0.8360867267076029,2.141047941190232,0.7156862745098039,0.6979339578167503,0.6523556422026265,0.6413451225206761,0.6413451225206761,1.3900134654864131
2022-05-10,0.849233677516265,0.8498063856554547,0.8332172675713078,0.8354231719589633,0.8380185248280929,1.8233174896309527,0.6703921299354703,0.6546663231536811,0.6409462190334898,0.6396131846331823,0.6396131846331823,1.3003465707158783
2022-05-11,0.8357548131982026,0.8455373095828643,0.8271815688643294,0.822151529223212,0.8247056401846452,1.9590549924175913,0.6517156713149127,0.6599857739242482,0.6349464096370352,0.6224862840840611,0.6224862840840611,1.2569700448113728
2022-05-12,0.8174889882349382,0.8282933613842572,0.8128099376078637,0.821293260253663,0.8238447230429817,1.7213967044732084,0.6220098009296492,0.6104488098615766,0.591521594105998,0.5924179689601905,0.5924179689601905,1.7539679035782874
2022-05-13,0.8328994365364424,0.8437375484482913,0.8348844154391314,0.8409286144446891,0.8435410316105463,1.4335624110683902,0.6126470752790862,0.6212301171024173,0.601849117032828,0.6119503347192213,0.6119503347192213,2.3058541754045163
2022-05-16,0.8397648986717708,0.8453908047731445,0.8390841004160656,0.8375164922116004,0.8401183594276085,1.0819368031683736,0.6227941326066558,0.6227499084146549,0.6017015868870763,0.5967959332603794,0.5967959332603794,1.1734398799143506
2022-05-17,0.8535167104728154,0.8550172692384798,0.8495937140165815,0.8547445408887068,0.857399953049208,1.1425864408365696,0.6221078610887715,0.6308715265057591,0.6186190773137507,0.6352833766189339,0.6352833766189339,1.3414935652634599
2022-05-18,0.8471551760261383,0.8450350165015892,0.8242059359763955,0.820288443534494,0.822836831215304,1.6193396836580511,0.6389215506759345,0.6274044368977879,0.6115865193766513,0.6038679701457453,0.6038679701457453,1.0560031787377762
2022-05-19,0.8159143503612837,0.8248195241480353,0.8169462495838732,0.815264487704778,0.8177971758490307,1.355623229968542,0.6098039290484261,0.6098313561407114,0.6083407060885826,0.6116616906394676,0.6116616906394676,0.8913489768437782
2022-05-20,0.825635125086193,0.8308674138497115,0.8030811515106121,0.8156203802562746,0.8181541797815028,1.8086618355759465,0.6312255111395144,0.6119686736449083,0.575784419886103,0.5806792869903958,0.5806792869903958,2.0774596587271805
2022-05-23,0.8247532996851876,0.8323323342182164,0.8238472087252257,0.8308807027852569,0.8334619171058847,1.0515590038008373,0.5965686124913834,0.5912134958570088,0.5918166543975013,0.5968921357188018,0.5968921357188018,1.031047879737754
2022-05-24,0.8241864531166565,0.8269331146788431,0.8166297065965304,0.8245379449750891,0.827099424156189,1.2584431704652104,0.6001960903990502,0.5827594166221876,0.5768171684267478,0.5744250994673223,0.5744250994673223,1.0035540054303438
2022-05-25,0.8236615738254384,0.8359317926230168,0.8270338917392069,0.831822658569105,0.8344068197824134,1.2587748148433566,0.5841666576909085,0.5822844773076699,0.5840464457316437,0.5872221552977089,0.5872221552977089,0.8507428092095097
2022-05-26,0.8370145363115619,0.8518154302518638,0.8408779298822828,0.8484436264856885,0.851079452866945,1.13073256252391,0.603431365069221,0.6119211326072455,0.603619553822614,0.614500158673494,0.614500158673494,0.9198362067062538
2022-05-27,0.8564140544118884,0.8692685980479607,0.860398875077711,0.8692721885526532,0.871972686124929,1.1665171285376548,0.6312255111395144,0.6280218181475591,0.6310613240642978,0.6361493088581945,0.6361493088581945,0.8014723736782853
2022-05-31,0.8682552979042375,0.8715286933884883,0.8653160145569844,0.8643947165894929,0.8670800708539648,1.320206087394486,0.6423039155847886,0.631631458397425,0.6337169417285939,0.6321562278006678,0.6321562278006678,0.8778724531467297
2022-06-01,0.8716565695319616,0.8710682953181879,0.858773847070258,0.8574030346116526,0.8600666245997687,1.1915225642027738,0.6519607843137255,0.637995724930165,0.6246188867102053,0.6285480299858034,0.6285480299858034,1.1028012626652832
2022-06-02,0.8595843458339435,0.8735795691315261,0.8590060215299467,0.8737309709120604,0.8764453083122721,1.0955218376126008,0.6477450950472963,0.6675374068610559,0.648519708331551,0.6759357239846125,0.6759357239846125,1.4102337696739586
2022-06-03,0.8658408659790696,0.8664643784795292,0.8642186440663776,0.8593917144048836,0.8620614772807027,0.9890750011697,0.6790196287865732,0.6682497977150589,0.6766499400799484,0.6699220609598384,0.6699220609598384,1.1138606211783404
2022-06-06,0.8708377270830153,0.8718425866490691,0.8664133850475914,0.8620083647206799,0.864686286882421,0.7913901816750656,0.6862255171233532,0.670339574181593,0.6729123846529627,0.6698739780828703,0.6698739780828703,0.7013973201474581
2022-06-07,0.8568129677989885,0.871026464171559,0.860208884881849,0.8702769413887578,0.8729805125433115,0.8156580182253035,0.673970615162569,0.6708145497316577,0.6683879517547907,0.6774752569552615,0.6774752569552615,0.599997792543211
2022-06-08,0.8690531246784378,0.8701893941885618,0.8660546577964215,0.8608151568447413,0.8634892967827065,0.8855317731827677,0.682009827856924,0.6754215371771277,0.680830160984955,0.6717502380102409,0.6717502380102409,0.643882033509194
2022-06-09,0.8594163485803334,0.8616511143146887,0.8471879229093207,0.8403424873292734,0.8429530674571947,1.1874492556579082,0.6830882652133119,0.6633103853614187,0.657519422426233,0.6433657044879235,0.6433657044879235,0.6633518023884682
2022-06-10,0.8290573483164841,0.8282515302376283,0.82251766377493,0.815976208924707,0.8185111837139751,1.8287765487517236,0.638578452315985,0.6278318714101897,0.623832009239019,0.6109881633170519,0.6109881633170519,0.8576742235270745
2022-06-13,0.7975016078913345,0.7990164124344137,0.787802011152489,0.7849950947389038,0.7874337232141578,2.339467607564244,0.6029411764705882,0.5853716372053552,0.5613258652763112,0.5573944013766237,0.5573944013766237,1.851890686739807
2022-06-14,0.7912030563967164,0.7909176469896999,0.7820829198363096,0.7826296326321337,0.7850610010356254,1.4313248436042176,0.5718137329699946,0.5803372152474833,0.5558178355391565,0.5877032777032798,0.5877032777032798,1.9370212578088783
2022-06-15,0.7922737665817197,0.8033901621700952,0.7853117871141179,0.7937870653532054,0.7962529892865462,1.7293231427226765,0.6095588160496132,0.6411303896299663,0.6089800534140171,0.6433176216109554,0.6433176216109554,2.8694510054965674
2022-06-16,0.7778921252600849,0.7762686987620345,0.7683443745545293,0.7675158578527714,0.7699003038065528,1.8505109525211854,0.6455882203345206,0.6427926591130045,0.6455198036333237,0.6415856837234616,0.6415856837234616,2.1570826251076136
2022-06-17,0.7673945394357213,0.7730040811233023,0.7643136198432716,0.7658621169659301,0.7715599338502717,1.52905810244371,0.6482843137254902,0.6600807110573859,0.646700119840103,0.6581352961130755,0.6581352961130755,1.7706562769033796
2022-06-21,0.7807894691991579,0.7879669226115485,0.7846575768057908,0.785141642488524,0.7909828969737539,1.057022191274863,0.6822058733771829,0.6693896955525577,0.6680436647208595,0.6578947349102902,0.6578947349102902,1.1611112337475993
2022-06-22,0.7781230413935749,0.7925499558090657,0.7812176594019354,0.7837182000486661,0.7895488635887189,1.2393233904238719,0.6570097979377297,0.6591783009949194,0.6554539253449435,0.6598672340005695,0.6598672340005695,0.8513388225425488
2022-06-23,0.7907621757323032,0.792780122912043,0.7869368151215709,0.7914006496013282,0.7972884838367418,1.091152663751132,0.6687254812203202,0.6526715562913787,0.6397659028267105,0.6445203542159103,0.6445203542159103,1.186165868303128
2022-06-24,0.8007558338680155,0.8163440229262784,0.8048327323095459,0.8165623360401226,0.8226373982746467,1.349287583839974,0.6618136985629213,0.6738066637895642,0.6636667619684392,0.6808909764443086,0.6808909764443086,1.5039623849363148
2022-06-27,0.8210161616946016,0.8190017376849903,0.8176427085594835,0.813443309306274,0.8194951357396586,0.9083698233890477,0.6876470528396905,0.6676324164652876,0.6699124799547354,0.6673722737100519,0.6673722737100519,0.9334672523785347
2022-06-28,0.8192946063142619,0.8227686484049975,0.8030600271769704,0.7968223413896904,0.8027504870212587,1.191014776752417,0.6906372519100413,0.6990263146165863,0.681321903123872,0.6672760345471432,0.6672760345471432,1.3383148274872518
2022-06-29,0.8003989518304075,0.7999790397216434,0.7986071722136183,0.7961734172220181,0.8020967211170704,0.9037790945695642,0.679460787305645,0.6597957547157847,0.6631257930870945,0.6660733019421884,0.6660733019421884,0.82660426922143
2022-06-30,0.7899223176086109,0.7966098122841665,0.7862403561459607,0.7897050653073373,0.7955801892774935,1.5482466883726307,0.6583333482929304,0.6530040536706428,0.647191937019786,0.6577504128704134,0.6577504128704134,0.9332133948477959
2022-07-01,0.7905941784786932,0.7987862453314366,0.788857197379269,0.7980573926727786,0.8039947680413062,1.0298823969769446,0.6660784553079044,0.6734266978437313,0.6658797891954803,0.6727604922893784,0.6727604922893784,0.841824683781815
2022-07-05,0.7891665221839027,0.7993722007059693,0.7869578750517562,0.7995645858099999,0.8055131794169769,1.1206827745836556,0.6678921568627451,0.655758752424611,0.6456673337790754,0.662465104127324,0.662465104127324,1.1110019646365423
2022-07-06,0.8022464731148651,0.807512797297312,0.8010973962519894,0.8022649868231597,0.8082336828173772,0.9691474400081466,0.6742156533633962,0.6587984075201805,0.6612570528939845,0.6557779137801341,0.6557779137801341,0.7293437230966204
2022-07-07,0.8085660402842292,0.8157998986983743,0.8088424270906183,0.8142806246307159,0.8203387194181294,0.8879523643079091,0.6761274150773591,0.6757539620852977,0.6781744682798929,0.673385936734826,0.673385936734826,0.8470453190878788
2022-07-08,0.8130799893742697,0.8174950500342025,0.8138862481682853,0.813610810701001,0.8196638917209298,0.9962789775995552,0.6848039066090303,0.6684398169235224,0.6755680023172588,0.6690561287205777,0.6690561287205777,0.6242135935189068
2022-07-11,0.8100987108805707,0.8096055041869784,0.8093278359401813,0.8043164636686473,0.8103003549042941,0.8031972719841691,0.6753431581983379,0.6613156184991164,0.6633717016769359,0.6590493846382768,0.6590493846382768,0.6817178428732258
2022-07-12,0.8054797474889792,0.8081197001773321,0.7998100355655207,0.7971991237032297,0.8031300571605289,0.8562094561307422,0.6708823559330959,0.7091902406076557,0.6728140062088729,0.7079283819128219,0.7079283819128219,2.052736142690007
2022-07-13,0.7875289013581891,0.7992466434017369,0.7906721511791275,0.7930124831979556,0.7989122695867643,1.159029671850961,0.6999509474810433,0.6953692782712455,0.699222952869146,0.6925334192511946,0.6925334192511946,0.9976269839517892
2022-07-14,0.784400577213447,0.7932405209823437,0.783032613201794,0.7910866643400455,0.7969721644858009,1.234443676876543,0.6917156892664292,0.700498709833349,0.6915019334253332,0.7079283819128219,0.7079283819128219,1.0436966071389153
2022-07-15,0.8031702657931835,0.8062153292440141,0.8030811515106121,0.8062004391194078,0.8121984018285299,1.0879641989205733,0.7312254812203202,0.711185007469958,0.711370101807807,0.7107668866513344,0.7107668866513344,0.8730933091984724
2022-07-18,0.8154104867448115,0.8142513160366119,0.8033343859004862,0.7995436960479574,0.8054920522146706,0.8697559592779235,0.7515195958754596,0.7406316797966171,0.723910689482061,0.7106706474884257,0.7106706474884257,1.5395355510915874
2022-07-19,0.8105815588222969,0.8221617455249773,0.8133164707910683,0.821146712504043,0.8272558177806927,1.08033500210546,0.7333823559330959,0.7422464807130866,0.7326153432852396,0.7511305899372595,0.7511305899372595,1.5654179819430034
2022-07-20,0.8239975042604795,0.8292560525358329,0.8252189379393483,0.8263800131356357,0.8325280686002222,0.9886552852554488,0.7647058823529411,0.7570647902451009,0.7586308512099197,0.7619551833818529,0.7619551833818529,0.9567779960707269
2022-07-21,0.8275456933948887,0.8346552082108601,0.8264851742921754,0.834795201436398,0.8410058981523642,0.8931540894091226,0.7788725460276884,0.7677986289193727,0.7681223824842844,0.7765322966811876,0.7765322966811876,0.8878501578331605
2022-07-22,0.8375394156027801,0.8374594277792918,0.8288487811356094,0.827049890948415,0.8332029617067169,0.9935198615075095,0.7931372698615579,0.7757776963685822,0.7758926286705251,0.7608967728167748,0.7608967728167748,0.8382706783514713
2022-07-25,0.8308839179983748,0.8296955031006459,0.8298195344312792,0.828054707667584,0.834215235957164,0.7380325919728299,0.7693137374578738,0.7471384245001578,0.7516474824948652,0.7535841380241373,0.7535841380241373,0.636266307587029
2022-07-26,0.8268738325248064,0.8246520718328282,0.8229397640270246,0.8182579842171779,0.8243456274245999,0.7286048092563184,0.7609804190841376,0.7512704363955631,0.759811167416699,0.7501202622491495,0.7501202622491495,0.6680978344848899
2022-07-27,0.8279655583845558,0.8431097619271296,0.8315922395638548,0.8395051720048313,0.8457508846443634,1.133124255176267,0.7898038976332721,0.7729280604814762,0.7514508006474516,0.7509381116114421,0.7509381116114421,1.8053243857751484
2022-07-28,0.8437749841453391,0.8513131371705887,0.840244779504141,0.8500345703202734,0.8563586370717514,1.0178675128873427,0.755000020943436,0.7603894741533656,0.7525818901118031,0.7653709028709,0.7653709028709,0.9634555528575528
2022-07-29,0.8557211778670601,0.8643507240843753,0.8584361797492734,0.8624269904413687,0.868843309221069,1.197273360286893,0.7742646909227558,0.759154566711635,0.7649257208978777,0.7664293134359781,0.7664293134359781,0.6339264033906536
2022-08-01,0.8590174351932333,0.8651459629207439,0.861876097153129,0.8598731371778289,0.8662704345996333,0.9632480232068498,0.8134803771972656,0.8157681881610496,0.8077604158459082,0.8133840413151568,0.8133840413151568,2.0222070152976754
2022-08-02,0.8589544522411743,0.8642879454322592,0.8585417370140254,0.8542002571804405,0.8605552320339145,0.8729458002262338,0.8186274509803921,0.7947280902670958,0.8023015753307984,0.7855287130753785,0.7855287130753785,1.2002273680492703
2022-08-03,0.8614318671184011,0.8698963845691224,0.8652527059595159,0.8675766042586623,0.8740311820499627,0.9332913158713165,0.8064215417001762,0.7956305003295623,0.7983181113139712,0.8016934422223303,0.8016934422223303,0.740502417165184
2022-08-04,0.869976917356756,0.8686616951679406,0.8704020198984784,0.8669904771432465,0.8734406015248084,0.6282885773969907,0.8125980601591223,0.7984801362166682,0.8085472933170944,0.8010199148999144,0.8010199148999144,0.5562349617006247
2022-08-05,0.8600882094504156,0.8666945455825064,0.8644085698587832,0.8655251274131748,0.8719643791444556,0.7818399244786578,0.8058823230219823,0.7934932552964593,0.8061866609035357,0.7939959241870304,0.7939959241870304,0.5197567382618485
2022-08-08,0.8718245027133926,0.873956241044223,0.8691146592120096,0.8645203106940058,0.8709521703033035,0.7415361877685149,0.8157353120691636,0.8125860548946796,0.8100226698153771,0.7980852444074658,0.7980852444074658,1.246462550495574
2022-08-09,0.8654629682667154,0.8637647687098425,0.8657169904754373,0.8610872986988745,0.8674935884173743,0.6183144759330766,0.8162254632688036,0.7908334936756288,0.803826103530743,0.7930819090708016,0.7930819090708016,0.6693891967064745
2022-08-10,0.8792357957425061,0.8792299032793639,0.8794344114235759,0.8791735524624653,0.8857143941068318,0.944920886990458,0.8252451279584099,0.8128235426697119,0.8225140307472033,0.8131434801123714,0.8131434801123714,0.7926646210900422
2022-08-11,0.88807474506641,0.8892958183095122,0.8846892182238338,0.8791735524624653,0.8857143941068318,0.8186483220996255,0.8357843137254902,0.8157681881610496,0.8215304714286035,0.8076590223701363,0.8076590223701363,0.5515110041720933
2022-08-12,0.8860592265283425,0.894025292452403,0.8885301115461421,0.8940570926779084,0.9007086900892556,0.8489889662878674,0.8254411734786689,0.8079315988826407,0.8240877856895757,0.817810088492314,0.817810088492314,0.4795920619853866
2022-08-15,0.8918118830569963,0.8986292731554076,0.8962962667184127,0.8977412928820659,0.9044202751285014,0.7437682507616812,0.829852908265357,0.819520306581716,0.8277761894148995,0.8201193145393149,0.8201193145393149,0.5225822829518112
2022-08-16,0.8980264999969885,0.903484368466877,0.9008758032801581,0.8994997381113778,0.9061917550667838,0.8158864537720764,0.8333333333333334,0.8256946263770867,0.8318579568350505,0.8278649154515829,0.8278649154515829,0.5805169863799916
2022-08-17,0.8942053633795972,0.8988176091117561,0.895937539467243,0.893115073010996,0.8997596666271377,0.8747072309483378,0.8314215716193704,0.8066967639120042,0.8168092816422521,0.8043875515119935,0.8043875515119935,0.7211209465574712
2022-08-18,0.8961998662429188,0.8969550693250669,0.8979634789896926,0.8957108335647498,0.9023746648345959,0.67461695762383,0.8196078281776578,0.8035145581745401,0.8152356017406455,0.8115558642647543,0.8115558642647543,0.4861482086488157
2022-08-19,0.8922528277935885,0.889944552336161,0.888931087464595,0.8836742421120866,0.8902485664408324,0.9359926350177932,0.8153431462306603,0.7924008260255294,0.7995475792224125,0.7837967751878846,0.7837967751878846,0.6331096443787113
2022-08-22,0.875603607981292,0.8731401185667129,0.8703175869673682,0.8652739392041486,0.8717113105818438,1.069182943846139,0.7813725191004136,0.7611968746116002,0.7765811276976217,0.764841697588361,0.764841697588361,0.5863336350190945
2022-08-23,0.8668906245615059,0.8693523242055643,0.8689880420170725,0.8631806189515115,0.8696024494996091,0.6757453741801779,0.7800980362237668,0.7679411070901733,0.7823350285042349,0.7700856675367831,0.7700856675367831,0.3780490496898523
2022-08-24,0.8652319880610463,0.8687035263145694,0.8681861545836229,0.8659438170169279,0.8723862036883385,0.6767444356678712,0.7954411974140242,0.7795772833558174,0.7936461482700476,0.7870682460460274,0.7870682460460274,0.46481313878280833
2022-08-25,0.8718034870386465,0.8780160975193236,0.8738841215661607,0.8781687996263607,0.8847021198563847,0.7010260333956256,0.806666654698989,0.8057468128118748,0.8050555714391843,0.8148754179998653,0.8148754179998653,0.5462793315820843
2022-08-26,0.8805165345306116,0.878853167502321,0.8552284368051069,0.8484436264856885,0.8547558477054452,1.418598506637016,0.8333333333333334,0.8139158994695478,0.807858794289998,0.7915423761001527,0.7915423761001527,0.5471623142976976
2022-08-29,0.8444258293406756,0.8493041564385255,0.8466814541295723,0.8428335435405566,0.8491039613373506,0.8995791831915473,0.7954901900945925,0.7926857823671306,0.7976787639885367,0.795824101237433,0.795824101237433,0.5217986357917044
2022-08-30,0.8478900198482795,0.8456628668870966,0.8357074916096787,0.8335810399153524,0.8397826789253279,1.1786778811089307,0.8199510013355928,0.8070291888201742,0.7904003349819788,0.7803810556988375,0.7803810556988375,0.689675724597691
2022-08-31,0.8396598843702199,0.8396776919731905,0.833681552087229,0.8272382821051847,0.8333927794809994,1.0462581982215053,0.7990196078431373,0.7767751160352804,0.7875479604295033,0.7709515997760438,0.7709515997760438,0.4551224034789519
2022-09-01,0.8248793296614848,0.8303442371272949,0.8231296898194301,0.8298340426589383,0.8360077776884578,1.0835564937620583,0.7745098039215687,0.7546900574369656,0.7417134358240113,0.739247585927588,0.739247585927588,0.8445729674841616
2022-09-02,0.8403947281923609,0.8403473735053268,0.823741651460474,0.8210839154517865,0.8271925669923635,1.3710550144354752,0.7607353060853248,0.7456186331879201,0.7449591740713142,0.7303954915732739,0.7303954915732739,0.580870179466237
2022-09-06,0.825383193277957,0.8247776291370605,0.8197108967492163,0.8179858423630447,0.8240714316596817,1.0546208657982445,0.7470098009296492,0.7336974281095806,0.7399429990342252,0.7331376837399052,0.7331376837399052,0.5750976799629147
2022-09-07,0.819714471303929,0.8341320314884435,0.8234673571404145,0.8326809275386539,0.8388758444585278,0.9765509535119901,0.7414705613080192,0.7425789780923506,0.7419592693730869,0.7502645842890263,0.7502645842890263,0.5848215271186067
2022-09-08,0.8301281225736665,0.8388824531368219,0.8317399810924333,0.8381235729721231,0.8443589748453512,1.112201760880275,0.7598039215686274,0.7518404215498595,0.7565653541286302,0.7591166786433404,0.7591166786433404,0.5462462197302488
2022-09-09,0.8455595224777377,0.8527990050445808,0.8493404796267072,0.8511440274988483,0.8574762856965504,1.055577267635637,0.7745098039215687,0.7587271321992332,0.7718599379112702,0.7578177802844493,0.7578177802844493,0.6374914461049425
2022-09-12,0.858240624093779,0.8616302306735473,0.8620027143480661,0.8602918267815821,0.8666921937342212,0.9530482384316661,0.7767647387934666,0.7645214860487709,0.7743188737281527,0.7635908821064381,0.7635908821064381,0.5919405752632392
2022-09-13,0.8436489541690421,0.8435701599974301,0.8270972003366756,0.8228842040882478,0.8290062359259638,1.6918968682312208,0.7529412063897825,0.7370695805844142,0.7235664774888957,0.7086981483981464,0.7086981483981464,0.9629919869318558
2022-09-14,0.8281965385902249,0.8291304952316007,0.8254088637317539,0.8260241844672034,0.8321696256632585,1.1700262288043464,0.720098009296492,0.7109949882614945,0.7096488917604488,0.7180794480349996,0.7180794480349996,0.935740932871239
2022-09-15,0.8250262471681697,0.8286282021503253,0.8204705999188387,0.8166460867374862,0.8227217762652823,1.2059442782400005,0.7249019847196692,0.7288054843225095,0.7243041282176541,0.7205811524078178,0.7205811524078178,1.0808591421822917
2022-09-16,0.8065085544688486,0.8083080361336806,0.8063943873160742,0.8071005514961063,0.816445296538599,1.4185682320464799,0.7119117437624464,0.691664700888242,0.6951411854489951,0.6941691179757797,0.6941691179757797,1.1380212357343105
2022-09-19,0.8025614519473392,0.8131212364341752,0.806542128844653,0.8133595586089106,0.8227767200731381,1.008398446638282,0.6991176231234681,0.6981239770252138,0.7000590570827601,0.6970076227142923,0.6970076227142923,0.568497384163705
2022-09-20,0.8084400743801112,0.8080359740197286,0.8044740050583764,0.8040233681694071,0.8133324681863906,1.0633936164649738,0.712058796602137,0.7013535788581526,0.7076816980824832,0.7021071972138652,0.7021071972138652,0.7436480430895566
2022-09-21,0.8106445417743559,0.8147117141069123,0.7964123668289483,0.7899981608065774,0.7991447996307253,1.4689589118761714,0.7194608052571615,0.7118023887197292,0.7042884296894287,0.6893581875559605,0.6893581875559605,0.6892011213880488
2022-09-22,0.7906361457560062,0.7916709908150937,0.7880974942096464,0.7833623074971695,0.7924321707245394,1.2312483314572262,0.7016176709941789,0.6824981945638707,0.6800924352154307,0.6673241908330838,0.6673241908330838,0.6966512880510364
2022-09-23,0.7780390427667698,0.775599017229898,0.7666772266867056,0.7702372125110383,0.7791551303747882,1.6836374094858548,0.6649509504729626,0.6468297338752722,0.636864376572573,0.6314827004782521,0.6314827004782521,0.9853976733405444
2022-09-26,0.769284092069671,0.7747409997414133,0.766128509239674,0.7626174961275684,0.7714471028162823,1.2740263278848245,0.6361274719238281,0.6290667063808262,0.6239795393847706,0.612623862041637,0.612623862041637,0.7831063331935277
2022-09-27,0.77266428395047,0.7751386191595976,0.7615700970115702,0.7606707236245513,0.7694778905790142,1.490254334082859,0.6339216045304841,0.6195677751482849,0.6176846696968127,0.6134417481084159,0.6134417481084159,0.7375444250678793
2022-09-28,0.7650220747878665,0.7791147494770948,0.7652210645414729,0.7756379506542935,0.7846183763359112,1.5247687434118362,0.6276470259124157,0.6359059484636309,0.626536853645743,0.6419705669661238,0.6419705669661238,1.1321162888236462
2022-09-29,0.7701238861211842,0.7682535956105779,0.7591009973068407,0.7594356723414631,0.7682285076339516,1.554356651189929,0.6431372399423637,0.6250771726562214,0.6088325232682653,0.6029539183250303,0.6029539183250303,0.9829142844528819
2022-09-30,0.7596052846220748,0.7657423856615858,0.7534873988519569,0.7476921125049757,0.7563489368732931,2.1152471094646628,0.6036274479884728,0.5959629614732793,0.5950132784635251,0.5825074640407982,0.5825074640407982,0.9252555131233307
2022-10-03,0.7580936297004791,0.7712670986408455,0.7580668710102462,0.7674321071554079,0.7763175443362189,1.2351551297541428,0.5980392156862745,0.60389456035592,0.5951608086092769,0.606417794100018,0.606417794100018,0.8788326968499591
2022-10-04,0.7818601793841612,0.791043204293932,0.7735992457582436,0.7912122584445586,0.8003729899641865,1.4256965219999944,0.6343136955710018,0.6343861571513932,0.6360283473997248,0.6423072939228455,0.6423072939228455,0.7986247544204322
2022-10-05,0.783938744946467,0.7940985384708282,0.7828426874093884,0.7893701264009476,0.7985095445570407,1.2118877308093499,0.6386274449965533,0.6342911475471614,0.6307661887320286,0.6355720206986875,0.6355720206986875,0.6918500695348888
2022-10-06,0.7886206272179385,0.7925499558090657,0.7864935905358349,0.781227143837383,0.790272290392153,1.1330059090496256,0.6427941415824142,0.6331512497096626,0.6380446927793523,0.6360049868183177,0.6360049868183177,0.4916778879053443
2022-10-07,0.7746588508859708,0.7811865727256198,0.761717838540149,0.7594356723414631,0.7682285076339516,1.4833104439080644,0.6390196108350567,0.6203277070399508,0.6295859475660152,0.6244106268883999,0.6244106268883999,0.5626145118209311
2022-10-10,0.7641402493868612,0.7621847584034144,0.7548169438022525,0.7536371343564973,0.7623628636895801,1.0464384696469708,0.6442156772987515,0.6446924888421692,0.6403068717080553,0.6345616930105775,0.6345616930105775,0.7538354561709455
2022-10-11,0.7521310086409021,0.759715379601051,0.7506805674227869,0.7488643667358073,0.7575348073928463,1.272672228017207,0.6517647387934666,0.6428876687172362,0.6369135282742349,0.6329741505719328,0.6329741505719328,0.9390962671905697
2022-10-12,0.7519840911342172,0.7529978083672384,0.7519256794419724,0.7463942641696308,0.7550361069120161,1.0594978271100701,0.6295587876263786,0.623794796647922,0.6287990700948289,0.6274415365437572,0.6274415365437572,0.7056135626145118
2022-10-13,0.7331723712049887,0.7690907294579213,0.7346417238950411,0.7660924154129136,0.7749623291517389,2.026395314594279,0.6200980392156863,0.6397530040174351,0.6106521117597135,0.6369671582204871,0.6369671582204871,0.8655769188318139
2022-10-14,0.7737770254849655,0.7748456734045042,0.7533185329897366,0.7486341321718881,0.7573019503024101,1.702766822351455,0.6646568447935814,0.6478746221085392,0.6460607725146685,0.6405753560353517,0.6405753560353517,0.672601046334518
2022-10-17,0.7642452636884123,0.7700743042506384,0.7539938676317053,0.7678717504042681,0.7767622621333752,1.2821041390869734,0.6714705672918582,0.6520066340039447,0.6553555469008538,0.654719503215056,0.654719503215056,1.0014679587647073
2022-10-18,0.7875918843102482,0.785706827271021,0.7756040609470516,0.7768939555824886,0.7858889518925755,1.3370759149118872,0.6813725490196079,0.6621704875239199,0.6649946083209702,0.6607331662398301,0.6607331662398301,0.6783845831217854
2022-10-19,0.7747008181632837,0.7781730696953524,0.7714466246374007,0.7713885130967628,0.7803197428734447,1.0974112472856077,0.6724019518085554,0.6706245305231942,0.6719288253343628,0.6657846578624349,0.6657846578624349,0.6977660537294983
2022-10-20,0.7726852996252161,0.779889104672322,0.7694628693787778,0.764920161182082,0.7737765240414808,1.2148794108014234,0.6782352971095665,0.6738542048272271,0.6804367222493619,0.6693447728003312,0.6693447728003312,0.4781020286527891
2022-10-21,0.7665756969867751,0.784346516701261,0.7672048198000956,0.7835088552467896,0.7925804535964549,1.8032426838699733,0.6788235084683287,0.6712419842440595,0.671879598591935,0.6798807221651711,0.6798807221651711,0.6016754597028763
2022-10-24,0.7891875378586487,0.7953541753774973,0.787401035234036,0.793096233895319,0.8022788860038302,1.1757123473541384,0.7002451279584099,0.6786036704434977,0.6849611551475338,0.6833926808171269,0.6833926808171269,0.5714884881128451
2022-10-25,0.7952761248223438,0.8062153292440141,0.7991347653270082,0.805760859753612,0.8150900159448239,1.085017930814304,0.6965195898916207,0.6976015329085803,0.6977476514116293,0.7055229167029122,0.7055229167029122,0.7191452727312863
2022-10-26,0.8012177302071747,0.8110913081966248,0.804790548045719,0.799690179914513,0.8089490642775181,1.4323638125067086,0.7208333482929304,0.7130847647280286,0.6501918417180133,0.6436543485676771,0.6436543485676771,3.245678903335467
2022-10-27,0.8042620557251119,0.8056921525215975,0.8005275544713162,0.7954198525949396,0.8046293036127451,1.12802849114193,0.672058853448606,0.6796485586767648,0.671879598591935,0.6723756090467161,0.6723756090467161,1.5181673693737445
2022-10-28,0.7975435751686475,0.8151511646717254,0.8012661977107535,0.8143434216829725,0.8237719224975728,1.3802736272537368,0.691960802265242,0.687390138350942,0.6881577416931747,0.6920042139686556,0.6920042139686556,0.8764817553696387
2022-10-31,0.8113374183191843,0.8128073431735944,0.8130421120675525,0.8084611968837074,0.8178217043346806,1.3297604729441488,0.6954902200137868,0.6860602937760737,0.6861414713543131,0.6856056677012192,0.6856056677012192,0.6856581532416502
2022-11-01,0.8191056574580848,0.8169718733117859,0.8088846757579015,0.8049234805461056,0.8142429655737145,1.1753091448529067,0.7058333602606082,0.6898598807633091,0.6975508945234498,0.6897912270845633,0.6897912270845633,0.6355930332663738
2022-11-02,0.8060046267801974,0.8132886887493822,0.7908832013051746,0.7847229528847708,0.7938085785206209,1.7475374372834334,0.6966666427313113,0.7294704066099436,0.6960755180251671,0.7091792708037173,0.7091792708037173,2.2335158164278934
2022-11-03,0.7799076437981526,0.7830909436589379,0.7782842751812845,0.7766427673734625,0.7856348367812427,1.1985999377994776,0.7293627121869255,0.7536927102413613,0.7253860659803437,0.7541133433066762,0.7541133433066762,1.7894306968941083
2022-11-04,0.7915179711570115,0.7928638490696466,0.7808378078171241,0.7878210898565767,0.7969425994844308,1.4243534310743902,0.7679411944221047,0.7645689546153397,0.759811167416699,0.769796950048057,0.769796950048057,1.0370852740557603
2022-11-07,0.793008610403861,0.7964214763278181,0.7925081649091715,0.7953570555426832,0.8045657911872356,0.9397081529472314,0.791176440669041,0.7917359037380952,0.7899577445447238,0.7933705531505552,0.7933705531505552,1.1280435310478798
2022-11-08,0.8001469559499923,0.8059432671300621,0.797129885734744,0.7996483365073633,0.8089068098729052,1.1647612022865572,0.8137254901960784,0.8100213753491748,0.8110062291339769,0.8160299943188795,0.8160299943188795,1.244398578397828
2022-11-09,0.7976695410727657,0.797614334582371,0.788456221460816,0.7831739163403999,0.7922416334480111,1.0801905097415376,0.829852908265357,0.8151032658736155,0.8205960638116656,0.8117964254675398,0.8117964254675398,0.9816339595152425
2022-11-10,0.8147176101999833,0.8267029475758659,0.8138440639044583,0.8262125756239732,0.8357785835185452,1.9465983745297117,0.8438235264198453,0.8516742090957745,0.844644453099146,0.854325032760589,0.854325032760589,1.3658638882143883
2022-11-11,0.8305479875633337,0.8357225091611807,0.8306636705320118,0.8342090743209821,0.8438676856301077,1.2913475220247645,0.864705852433747,0.8455473578669728,0.8507426409396903,0.8538920666409587,0.8538920666409587,0.9816891459349684
2022-11-14,0.8327944863070704,0.8374594277792918,0.8332383275014931,0.8271126880006715,0.8366891463151642,0.9894768275531801,0.8651960784313726,0.8463072897586387,0.8532507284582348,0.8349369890414351,0.8349369890414351,0.6179002671022715
2022-11-15,0.8422212978742516,0.8419169036725767,0.8325208085956974,0.8341671670307682,0.8438252349976096,1.2824660580556557,0.8602451249664905,0.8391830913342327,0.849562324732911,0.8435966784789043,0.8435966784789043,0.7955563894836759
2022-11-16,0.8330464181153066,0.8324369440169613,0.8331539589738391,0.8278035194585579,0.8373879138143581,0.942757629884874,0.8534803951487822,0.8301590631806621,0.8451362702788289,0.8307995859440316,0.8307995859440316,0.4899008851901724
2022-11-17,0.819777454255988,0.8265146116195176,0.8233407399454773,0.8252705559570607,0.8348255700894283,1.0251568086177998,0.8299019757439109,0.822369942468822,0.8287597487334993,0.8312325520636619,0.8312325520636619,0.5384649345489062
2022-11-18,0.8350619366533741,0.8324997226690775,0.8294608071801095,0.829017617096539,0.8386160387385242,1.2787230177711846,0.852843116311466,0.8320588929098267,0.8435625153364564,0.8365726877660202,0.8365726877660202,0.518001810114567
2022-11-21,0.828553484700012,0.828335256395232,0.8286588553432037,0.8260032308220965,0.8355667882211203,0.7051667717103217,0.8457352881338082,0.829826638272492,0.841546169956829,0.8320023185489864,0.8320023185489864,0.38650360919185006
2022-11-22,0.8327315033550114,0.8372292606763146,0.8339136621434616,0.8371187562529542,0.8468110384987991,0.8315741961408154,0.8512254602768842,0.8311090142807914,0.8409560493738222,0.8298854974188303,0.8298854974188303,0.482395532107459
2022-11-23,0.8388620575960195,0.8432143717258747,0.8426928192786851,0.8423939641747608,0.8521473250181985,0.9393599951560655,0.8435784134210325,0.8311564828473603,0.8447428315432357,0.8411912132689947,0.8411912132689947,0.3888986998079513
2022-11-25,0.8436489541690421,0.8431725405792457,0.8473989730353677,0.8422055091349269,0.8519567223323752,0.4203406717105969,0.8546568926642922,0.8475896657669381,0.855857194420869,0.8580775526153304,0.8580775526153304,0.38375532548950353
2022-11-28,0.8378962976403881,0.8387778433380769,0.8338292292123515,0.8287664288875128,0.8383619890364864,0.9341307476998192,0.8635784223967907,0.8413203363673357,0.8443985445093045,0.8266621828466281,0.8266621828466281,0.5911017416834066
2022-11-29,0.8315137475189651,0.831432421718757,0.8300094602236849,0.827342986447655,0.8369220688148954,0.7198471958848575,0.8474510043275123,0.8356684606885986,0.8486279171159732,0.8434523564390275,0.8434523564390275,0.5604512041676785
2022-11-30,0.8303380230324106,0.8531547294517905,0.8303893762119523,0.8534047852631482,0.8632856122378698,1.9894080216655978,0.8725490196078431,0.8548088013244817,0.8566932235937171,0.8605792569881486,0.8605792569881486,0.7481843667910201
2022-12-01,0.858219608419033,0.8580098247632597,0.8541732505783269,0.8527768147405826,0.8626503571641854,1.0513291921363128,0.8768627690333947,0.8534789567496135,0.8591030077089378,0.8456653433231198,0.8456653433231198,0.498609302222909
2022-12-02,0.8445307795700474,0.8535314013644874,0.8486652093881949,0.8517929516665207,0.8616551547397505,1.17441604443209,0.8486274270450368,0.8712894528106283,0.8500541419125939,0.8797748223814853,0.8797748223814853,1.1659566013995275
2022-12-05,0.8480999843792028,0.8473997855052077,0.8402870281714242,0.8364698320852818,0.846154525404218,1.0635986580099686,0.8921568627450981,0.8950367808919815,0.8891512063928728,0.8905032500721424,0.8905032500721424,1.1540915211584732
2022-12-06,0.8385891741852164,0.8370618083611074,0.826506298625817,0.8244122869875117,0.8339574579253074,1.0729892855471856,0.902009776994294,0.8776537193433684,0.8705124308780744,0.858414279572052,0.858414279572052,0.909130041279442
2022-12-07,0.8249842798908569,0.827958584482535,0.827202693197971,0.8230097981927609,0.8325387303153179,0.9072455351859547,0.8641176410749847,0.8474471151250434,0.8587587206750066,0.8491292190981076,0.8491292190981076,0.6480210149886316
2022-12-08,0.8296032432824484,0.8315579790229892,0.8299461516262162,0.8294571964623347,0.8390607565356805,0.835825023875643,0.8790196437461704,0.8780812263268643,0.8783810555084048,0.861541428390318,0.861541428390318,0.7403478951899517
2022-12-09,0.8291833142206023,0.8321021032508932,0.8296929172363421,0.823260986401787,0.8327927800173557,1.120816258005565,0.8860294117647058,0.8733792292771624,0.8815284903523838,0.8637544152744103,0.8637544152744103,0.7018608860731551
2022-12-12,0.8274406790933375,0.8348854391781835,0.8302416346833736,0.8351301403427877,0.844799441038328,1.037672599569,0.8862745247635186,0.886677747496939,0.8876758298945902,0.8961320298542543,0.8961320298542543,0.893843403015386
2022-12-13,0.8612639339369701,0.8590352307026056,0.8421863504989369,0.8414519445078484,0.8511943769983766,1.7033929559284529,0.9368137284821156,0.907670376824324,0.9090686015177742,0.900269432951658,0.900269432951658,1.2113750248338888
2022-12-14,0.8431870578298829,0.8485926437597605,0.8363617019180057,0.8360720961266357,0.84575225823956,1.487738790832854,0.9182843227012485,0.9008311347415192,0.9118225976261601,0.9056576515309843,0.9056576515309843,0.6418070241275027
2022-12-15,0.8278395924804378,0.827142398140679,0.8185924019249677,0.8156203802562746,0.8250637560751336,1.6197717846320674,0.9129901960784313,0.8928045262546466,0.8915117637656655,0.8838641426019207,0.8838641426019207,0.5897441557581511
2022-12-16,0.8086920061883474,0.8089986013069583,0.8041363377373919,0.8023068302303094,0.8153228730352601,1.6493872147651931,0.8960293788535922,0.8862977815511062,0.8916101422097553,0.8885788338588313,0.8885788338588313,0.8726959669764465
2022-12-19,0.805101849776625,0.8032227737192342,0.7983116891564609,0.7955035394092388,0.8084092413653353,1.0992167137757645,0.9064705792595359,0.893089482596248,0.9083801024906779,0.893293525115742,0.893293525115742,0.7290567537140461
2022-12-20,0.7961999175006621,0.7998953774283859,0.7974042444582597,0.7965921068257713,0.8095154433634977,1.024205911251414,0.9126470229204964,0.9019710325790178,0.9134455042701948,0.9058500564478292,0.9058500564478292,0.6795434979360279
2022-12-21,0.8046399534374659,0.8107355837894152,0.8076184394050745,0.8085031041739213,0.8216196950527092,1.0756754673983944,0.9315685945398667,0.9327950180471143,0.9330186123611651,0.942942362284584,0.942942362284584,1.0127149511048321
2022-12-22,0.8042200243756198,0.8082243099760771,0.7909042612353601,0.7969688891393105,0.8098983493768163,1.37778147800551,0.9500980751187194,0.922203730014737,0.9131012172362635,0.9056576515309843,0.9056576515309843,0.7643098386349088
2022-12-23,0.7970816788294883,0.8016322960464968,0.797784096043071,0.8015532656032308,0.8145571264179182,0.823706930954668,0.9227941176470589,0.8996912369040204,0.9084292541923399,0.9095544934256022,0.9095544934256022,0.43968124323966357
2022-12-27,0.8036741934818346,0.8018206320028453,0.8012028891132849,0.7983923315791682,0.8113449413465039,0.7106024368293146,0.9293137344659543,0.9139871747904951,0.9226910519139522,0.9111901921501877,0.9111901921501877,0.5534977152822234
2022-12-28,0.8006088522891515,0.8023229250841205,0.7943864273064987,0.7884700140242491,0.8012616406469582,0.9758257394568739,0.9280392515893076,0.9086677964910221,0.9217566442970142,0.9062830959764321,0.9062830959764321,0.4885432992649169
2022-12-29,0.7970397115521753,0.8043319058161835,0.7999999613579263,0.8026627227818061,0.8156845210276821,0.9215984433355994,0.9264705882352942,0.9035858334954874,0.9156585314972358,0.9088328832262184,0.9088328832262184,0.4987638241981413
2022-12-30,0.7991602443917941,0.8006277737482923,0.7986282321438037,0.800548448884062,0.8135360219126371,1.156244409521634,0.9191176470588235,0.9054855907535582,0.9198386773614765,0.9164341620986098,0.9164341620986098,0.44230811681861326
2023-01-03,0.8069914024105747,0.8086847080463776,0.7973619957909766,0.7971782339411873,0.8101111258136671,1.0300337699296254,0.9458333183737362,0.9364995954301177,0.9461984723200879,0.9400076917921353,0.9400076917921353,0.9519215911348535
2023-01-04,0.8044929718586019,0.8075337448027994,0.801941532352722,0.8033326005945852,0.8163653663800279,1.1825544048153112,0.9567646699793199,0.9677510878817099,0.9598701494586933,0.9796978677556446,0.9796978677556446,1.0757930288514603
2023-01-05,0.8014276947380978,0.7990791910865299,0.7993246911194138,0.7941638476667445,0.807047812297824,1.05920471402897,0.9888235353956035,0.9735929827689105,0.9874102606240839,0.9861926531859898,0.9861926531859898,0.7630405509812146
2023-01-06,0.8032962316973014,0.8145861568026801,0.8006964203335365,0.8123756955348485,0.8255551106996721,1.4337715809666403,1.006372563979205,1.0118261230030137,1.0010327860610275,1.0247281794215122,1.0247281794215122,1.2424008300037528
2023-01-09,0.819588505399811,0.8238987280074345,0.8181281174090463,0.8119151625239458,0.8250871071934723,1.0180257664287817,1.0409803951487824,1.0158157291987124,1.0224747093858737,1.0034157928980194,1.0034157928980194,0.9939736429659389
2023-01-10,0.8130380220969567,0.8175159336753439,0.8151735444512976,0.8176089961664412,0.8308733442536331,0.8994044162370886,0.9995097740023745,0.9954880221587615,1.0005901956237724,0.9943712202178879,0.9943712202178879,0.9032030198008874
2023-01-11,0.8234936406440073,0.8278748583249315,0.8259575811787855,0.8279500033251135,0.8413820670082907,0.9478850446274987,1.0287744858685661,0.9996200340541671,1.016474899989419,1.0008178493622923,1.0008178493622923,0.7936579766451072
2023-01-12,0.8328155019818164,0.8339227480266077,0.8281523865634554,0.830964389599556,0.8444453805241339,1.2406761141737377,1.027352950152229,1.0207551415523526,1.0198190166808117,1.0310786428119805,1.0310786428119805,0.9059513035032339
2023-01-13,0.8264119361856472,0.8351993324387641,0.830093893154795,0.8341881206758751,0.8477214050675328,0.8793929118926849,1.0392156862745099,1.0289242282100255,1.0405232892768996,1.0301645542867792,1.0301645542867792,0.685768526081102
2023-01-17,0.8366156229244618,0.8375641014423827,0.8379444812581757,0.832659973893547,0.8461685229933623,0.8625134515510223,1.0426961113424862,1.0132509771821139,1.028179458490825,1.0170788176721528,1.0170788176721528,0.6788702236153727
2023-01-18,0.8377283644589572,0.8373338704750594,0.8257465310527382,0.8195139252623087,0.8328091323411223,1.3710577666709785,1.043627421061198,1.0136309431279467,1.0288187307754937,1.0074569568325142,1.0074569568325142,0.596355488841306
2023-01-19,0.8174679725601922,0.8184157823104575,0.8172628569746722,0.8135480136487445,0.8267464756000109,1.1966568595341567,1.0135784523159848,0.9958204470669317,1.0072785040473236,0.9962955630222269,0.9962955630222269,0.6416525021522703
2023-01-20,0.8190216588312798,0.8287956544655324,0.8196264638181061,0.8287036318352563,0.8421479444442229,1.2633641675450884,1.0170098099054075,0.9878413796177223,1.007081747159144,0.9947079471746098,0.9947079471746098,0.6043354451336616
2023-01-23,0.8329204522111885,0.8426284163513418,0.8351165898988202,0.8386469030352824,0.8522525685739603,1.158399409920708,1.0213725520115273,1.002564679545505,1.017950276487702,1.0101510661221775,1.0101510661221775,0.6050528685900973
2023-01-24,0.837455416975975,0.839489356016842,0.8391685333471758,0.837746790658584,0.8513378195824571,0.819132715548204,1.0049019607843137,1.0075991015033767,1.0081636849218336,1.019821009838784,1.019821009838784,0.5246793669013929
2023-01-25,0.8313038470602211,0.8385476762350998,0.8305581776707164,0.8380607759198666,0.851656886123791,1.166951981747174,1.0088235443713618,1.0199477410941178,0.9988689105356485,1.0231886464508633,1.0231886464508633,1.7777201386282864
2023-01-26,0.8463783649266841,0.8473789018640662,0.8442122900213864,0.8472713722548569,0.8610168908384929,0.9947597436017405,1.046470567291858,1.0153882222152166,1.0189829875079635,1.0234292076536486,1.0234292076536486,0.8044082912076996
2023-01-27,0.8474911064611794,0.8541592517499949,0.8514086678164402,0.849218144757874,0.8629952603770702,0.9405241907739561,1.0358823888442095,1.011066263582442,1.0299006685381833,1.0159241679441662,1.0159241679441662,0.5781218957638904
2023-01-30,0.8456854883818559,0.8478183524288793,0.8447398831347764,0.8385631523379189,0.8521674710810789,1.0211068940747121,1.025441188438266,1.0038470555538044,1.0214911500672739,1.0087077723144373,1.0087077723144373,0.6696099423853779
2023-01-31,0.8421793305969386,0.8507481293015431,0.8457739450279147,0.8508928392898222,0.8646971448254019,1.1946325903214887,1.0301470289043353,1.0121586203822779,1.0240976160299082,1.0247281794215122,1.0247281794215122,0.5698549700889605
2023-02-01,0.8507453324378604,0.8656900871486479,0.8491083695704746,0.8599359342300856,0.8738868891450462,1.3961980618757586,1.039754904952704,1.0399904917924674,1.0420969691785062,1.033147307656196,1.033147307656196,0.9339860047239575
2023-02-02,0.8710056602644463,0.8754002139072404,0.8713305889303211,0.8724540123387583,0.8866080813053235,1.3988856198447188,1.0546568328259038,1.0225124206396226,1.0243926763214115,1.0071201564668202,1.0071201564668202,0.7189024524844926
2023-02-03,0.864140262201297,0.872595994338809,0.8675530042054813,0.8631806189515115,0.877184302527932,1.3036899221392577,1.0181863074209176,1.0009498786290354,1.011212741321723,0.9910997493597453,0.9910997493597453,0.5960464448908412
2023-02-06,0.8603611569333978,0.8607094345329463,0.8612430111784435,0.857905411029705,0.8718234875228826,0.8297343267068676,1.005833345301011,0.9888862678509893,1.001721285088124,0.994948508377395,0.994948508377395,0.4307851923798592
2023-02-07,0.858429572949956,0.8715914720406044,0.8601245163541952,0.8691256408030332,0.8832257012481467,1.2521391750449302,1.0198038886575138,1.0218474983521886,1.0176059894537706,1.0331953905331641,1.0331953905331641,0.8069579037990331
2023-02-08,0.8673735365754112,0.867489784418875,0.8651049644309373,0.8596219489688027,0.8735678880130076,1.048980159134257,1.0444608202167587,1.0247922163146201,1.0415068485954995,1.0271336446314219,1.0271336446314219,0.4668550363126642
2023-02-09,0.8700609159835611,0.8675735105764787,0.8564102402268238,0.8521697339800599,0.8659947344209286,1.0829344885383152,1.0512745427150352,1.0232723525312886,1.0330481033821621,1.019869166124725,1.019869166124725,0.5539502439239752
2023-02-10,0.8521100057805919,0.8547452071245277,0.8547219680253585,0.8541584137732909,0.868015685410594,0.9738744044850429,1.0392646789550783,1.0187603746900502,1.0352119789075414,1.0241989741389732,1.0241989741389732,0.536732080969515
2023-02-13,0.8581146581896609,0.8642251667801429,0.8615384298321447,0.8641853717876161,0.8782052762146229,0.8932861967132804,1.0470588534486058,1.0275943836351575,1.0401298505413064,1.0374771156704445,1.0374771156704445,0.573199267124346
2023-02-14,0.8634054183791557,0.8685779690103371,0.8621082716128178,0.8637876997120343,0.8778011775897028,1.2163408478536692,1.0491176680022594,1.0511992335457099,1.0482443087207125,1.050947735527733,1.050947735527733,1.1073817355025275
2023-02-15,0.8615368814199521,0.8665062096261579,0.8641342111352674,0.8665927411846003,0.8806517800779902,0.8470789148485858,1.064509821873085,1.036570870751065,1.0553752826222842,1.0460887222309456,1.0460887222309456,0.5349550782543432
2023-02-16,0.8582616397685251,0.8640996094759107,0.8613274441095536,0.8546607901913432,0.8685262049585872,1.05178743934761,1.053921568627451,1.028354315526823,1.043424815531037,1.020927576689803,1.020927576689803,0.484316019513918
2023-02-17,0.8525299348424381,0.8527990050445808,0.8526959640994527,0.8525256265315565,0.8663564478226456,1.2282924305266953,1.0353431701660156,1.005746812811875,1.021048484589253,1.0182815502771076,1.0182815502771076,0.5502858656541798
2023-02-21,0.84623138334782,0.8457884241913289,0.841658757385547,0.8354231719589633,0.8489765440305613,1.137442512680925,1.0244608112410005,1.0013773131414372,1.008409593511675,0.988742440435776,0.988742440435776,0.514756848634688
2023-02-22,0.8387990746439604,0.8394475248702132,0.8378600483270655,0.8342718713732387,0.8478065025604141,1.152392655934783,1.0064215566597732,0.9863215158343905,1.0064423998337098,0.9898970167547905,0.9898970167547905,0.32228869119886977
2023-02-23,0.8430821076005108,0.8416867365695996,0.8362350847230687,0.838709700087539,0.85231634263665,1.3244087510080063,1.0169117497462852,0.9959154566711635,1.0119012403488195,1.0012989717678633,1.0012989717678633,0.4568773316262334
2023-02-24,0.8301911055257256,0.8313278119200119,0.8307270435329366,0.8297502919615748,0.843211564991297,1.48888234468447,0.9803921568627451,0.9579672003075673,0.9705911486414995,0.9532858333236066,0.9532858333236066,1.0660581444118231
2023-02-27,0.8395339184661017,0.8397823656362814,0.8372902709498485,0.8325762870792478,0.8460834255004809,1.107013796956578,0.9797548780254289,0.9647589738238032,0.9789515154107467,0.964399144256926,0.964399144256926,0.4766892563078078
2023-02-28,0.8339912264683709,0.8355760043514611,0.8360240345970215,0.8294991037525486,0.842956337921948,1.3271086940367314,0.9852941176470589,0.9611968746116002,0.9802302100616158,0.9696430407963756,0.9696430407963756,0.396227456347542
2023-03-01,0.8301700898509795,0.8301559011709465,0.830178326085905,0.8263172160833792,0.8397228294203423,1.372082974395953,0.9875980451995251,0.9757302278020134,0.987754547658015,0.9840758320558336,0.9840758320558336,0.4858943511180769
2023-03-02,0.8244383849248927,0.8343413149502795,0.8279623963675935,0.8327437245909104,0.8462536204862435,1.1714587673838075,0.9989215626436121,0.9989551117667329,0.9990655923830621,1.0105840322418076,1.0105840322418076,0.6016975342707667
2023-03-03,0.8391979880310606,0.8463953270713491,0.8421019175678267,0.8460991180240254,0.8598256567567442,1.2401573177813678,1.0306372549019607,1.0264544857976585,1.0298022900940935,1.03487924554369,1.03487924554369,0.8274431028012627
2023-03-06,0.8504094020028194,0.8526734477403486,0.8526115955717987,0.8466852451394411,0.8604212737976186,1.001757302368849,1.0496078192018996,1.0199477410941178,1.030785924453459,1.0195323657590307,1.0195323657590307,0.7730955166552614
2023-03-07,0.8490867600095799,0.8468557251416495,0.8391474090135342,0.8337066340198654,0.8472321435404364,1.49048139351188,1.0358333213656554,1.0124910452904479,1.0218353620604392,1.0002886440797534,1.0002886440797534,0.5098894064148695
2023-03-08,0.8364266740682847,0.8364758529865747,0.8369526036288643,0.835067343290531,0.8486148960381393,1.0286012313501642,1.0208333333333333,0.9920684011173593,1.0127864962640953,0.9968247683047657,0.9968247683047657,0.26565638727621904
2023-03-09,0.8392609709831196,0.8401799850544658,0.8241637517125684,0.8196604730119287,0.8329580693059884,1.5404991454308763,1.0211765064912683,0.9927333234047934,0.9850497032512912,0.9681516641116674,0.9681516641116674,0.4728372442109446
2023-03-10,0.8208901957904834,0.8227686484049975,0.8110583568089299,0.8078332263611421,0.8209389805189534,2.604344128518389,0.9874019248812806,0.9736404513354792,0.9727057974244507,0.9769556755890133,0.9769556755890133,0.9433676960773493
2023-03-13,0.8016166435942749,0.8169718733117859,0.8033132615668447,0.806681861892353,0.8197689390488062,2.1713762003187087,0.9813725340600107,0.9835193485138534,0.9693616807330583,0.9783988959877811,0.9783988959877811,0.7363192865499658
2023-03-14,0.819861452882793,0.8233755512850178,0.8168196323889362,0.8200163655634253,0.8333197172984104,2.060769359912589,1.0173039155847885,1.0142958654153806,1.0081636849218336,0.997209651547428,0.997209651547428,0.9101013222666167
2023-03-15,0.8101827095073758,0.8150883860196093,0.8097709961224611,0.8148877053912388,0.8281078392582272,2.3806410506934257,0.9898039125928692,0.9603894741533655,0.9462476990625155,0.9535745508123326,0.9535745508123326,1.2024237875543586
2023-03-16,0.8121352450933845,0.8296955031006459,0.8152157931185808,0.8291850546082017,0.8426372059713192,1.9713464761752735,0.9618137584013098,0.9684635512068066,0.9561817457333696,0.9775329637485204,0.9775329637485204,0.7447186596322377
2023-03-17,0.825572142134134,0.8253635845115933,0.8199851910692759,0.816373944883353,0.8327844730368824,1.9341802879388783,0.9870098338407627,0.9633341196447032,0.9786564551192434,0.967237575586466,0.967237575586466,1.088154786870047
2023-03-20,0.8204912824033833,0.8248823028001514,0.8231929984168987,0.8242238958307421,0.8407922059853822,1.280557382734126,0.9858823290058211,0.9777724632308846,0.9878528510613389,0.9851342426209114,0.9851342426209114,0.5258162071477451
2023-03-21,0.8340121780709377,0.8358480664654131,0.8348211068416629,0.8350463896454241,0.8518322484438638,1.2594807632499498,1.0161764855478324,0.9872239258968571,1.002704844406724,0.9847974422552175,0.9847974422552175,0.5158053906094788
2023-03-22,0.8371405022156799,0.8422935755852736,0.8274137433240184,0.8208117735976533,0.8373115157577206,1.53776479945836,0.9984313366459865,0.9680835852609738,0.9639519919196103,0.9437121287699083,0.9437121287699083,0.8070020529348138
2023-03-23,0.8294982289808973,0.8355969518569485,0.8237839001277572,0.8230307518378679,0.8395750698227873,1.6424144261176141,0.9700980092964921,0.957017321678532,0.9596734676112797,0.9520831007186519,0.9520831007186519,0.6916955475596566
2023-03-24,0.822674798195061,0.8283770875418607,0.8217790205354928,0.8284314899811231,0.8450844293369323,1.481836621796054,0.9583333333333334,0.9383519565927135,0.9536736582148251,0.9503030799541897,0.9503030799541897,0.49795810247014416
2023-03-27,0.8358597634275744,0.8348226605260672,0.8347789225778359,0.829980526525494,0.8466645870871456,1.0184702524625626,0.9736764945235907,0.9572548094535643,0.9768368666277955,0.964928349539465,0.964928349539465,0.4295379792940553
2023-03-28,0.8309258852756878,0.8297373342472747,0.8308325363942323,0.8281175047198405,0.8447641200189923,0.8651886244602178,0.9844118006089154,0.9798147711308498,0.9859841108682291,0.9860483311461129,0.9860483311461129,0.6027019271097769
2023-03-29,0.8396598843702199,0.8404310996629304,0.8413632743283896,0.8401540961725037,0.8570426220702605,1.0664623590511393,1.0122549019607843,0.9909759718464295,1.012491435972592,1.000529205282539,1.000529205282539,0.3942738570892475
2023-03-30,0.8483938834647516,0.8461860436095132,0.8478632575512891,0.8450734115428138,0.8620608231877521,0.9610806377480108,1.024362751081878,1.011018722544779,1.015638870816571,1.0152987234987185,1.0152987234987185,0.7266285512461094
2023-03-31,0.8495906236260521,0.8573820382420982,0.8537511503262326,0.8569844088909638,0.8742112538392803,1.5421133315535545,1.0379901960784315,1.0201852288691502,1.0395888816599617,1.0219859138459084,1.0219859138459084,0.5681441910774596
2023-04-03,0.858387605672643,0.8608768229838074,0.8619605300842392,0.8602499833744326,0.8775424838277153,0.9273808901280065,1.043137269861558,1.0380907345343968,1.0451952523208232,1.0362263001885215,1.0362263001885215,0.6717180636189046
2023-04-04,0.864203245153356,0.8620278500917316,0.8594280573785849,0.8554772157537426,0.8726738083587454,0.9165150643610273,1.0392156862745099,1.016338173315346,1.0284252920399006,1.0290579874357608,1.0290579874357608,0.6834617337365622
2023-04-05,0.8564140544118884,0.8552893313524318,0.8565579817554025,0.8532373477514854,0.8703889308634871,0.897231526307243,1.0403431163114658,1.0174779986817506,1.0262122648128595,1.0102953881620542,1.0102953881620542,0.45676695878678175
2023-04-06,0.8540205740892876,0.8569216401717976,0.8561358815033082,0.8565657192872108,0.8737841965517921,0.877182866783545,1.0294117647058822,1.0086439897366437,1.0239992375858185,1.0168863393463354,1.0168863393463354,0.6200856493234145
2023-04-10,0.8536846436542465,0.8573610907366108,0.8567479075478082,0.8574448780188022,0.8746810233964469,0.8763255454242709,1.0343137254901962,1.0168606174319794,1.0314251967381276,1.0140479080167955,1.0140479080167955,0.4116134301671045
2023-04-11,0.8613479325637751,0.8604792035656232,0.8629735320471921,0.8576751764657857,0.8749159081750304,0.8160089282519727,1.0455391827751608,1.0187603746900502,1.0419002873310925,1.021456781972342,1.021456781972342,0.5824926602061765
2023-04-12,0.8647281244445741,0.8625510268141482,0.8598501576306794,0.8541793035353337,0.8713497934080121,1.1892464654415549,1.047352959127987,1.0178104960610148,1.0333923904160933,1.0215529477262781,1.0215529477262781,0.5077481733295071
2023-04-13,0.8590804181452923,0.8660458115558575,0.8610108367187547,0.8655251274131748,0.8829237065328253,1.1809126963376002,1.0441176470588236,1.0148657780985832,1.0401298505413064,1.0275666107510524,1.0275666107510524,0.4968543740756275
2023-04-14,0.8667016757053289,0.8686616951679406,0.865379323154453,0.8634108535154307,0.8807669004373069,1.0755942764510473,0.9930882173426012,0.9702208302940768,0.9744762342142369,0.9704128072817001,0.9704128072817001,2.104423743405223
2023-04-17,0.8657778830270105,0.8662969261643221,0.8675530042054813,0.8665089904872368,0.8839273467563237,0.9142430939530634,0.9901960784313726,0.9788648925018144,0.9875086390681737,0.9863850581028345,0.9863850581028345,0.6960994238537781
2023-04-18,0.8725173151860418,0.8699801107267258,0.8711195388042738,0.8670741639575457,0.8845038642830387,0.8746604429447818,1.0073529411764706,0.9923533574589605,1.0018688152338757,1.0024535480868777,1.0024535480868777,0.8218140879892276
2023-04-19,0.8654629682667154,0.8686407476624531,0.8698111181876198,0.86692768009099,0.8843544040438119,0.7599926790535613,1.0152940937117034,1.0015197913122378,1.0177043678978603,1.0040893202204353,1.0040893202204353,0.5250877464073641
2023-04-20,0.8633424354270968,0.8657528658007642,0.8658224833367327,0.8621967558774496,0.8795284408445203,1.0436532073176437,1.0167646969065947,0.9968178667336299,1.013474995291192,0.9969690903446424,0.9969690903446424,0.3667579082139467
2023-04-21,0.8653999853146566,0.863618263900123,0.8656114976141418,0.862866633690229,0.8802117717500787,1.0108603212959726,1.0196078431372548,0.989693668309224,1.0041309941625787,0.9869623462623418,0.9869623462623418,0.3788326968499592
2023-04-24,0.8649800562528103,0.864434450241979,0.8665189423123429,0.8637667460669274,0.8811299874342203,0.8852854481052235,1.0042646819469976,0.9807646497598852,0.9995574095627449,0.9899451730407308,0.9899451730407308,0.33761947859870645
2023-04-25,0.8620197293616783,0.8604373724189943,0.8568534004091036,0.8500554600823159,0.8671430600051137,1.3453849138963123,1.0026470259124158,0.973355494993878,0.9890823189697802,0.9727220333287011,0.9727220333287011,0.5186971590031125
2023-04-26,0.8539156238599156,0.8534895702178585,0.8521261867222357,0.8464549466924576,0.863470131859252,1.1070454476648657,1.0208333333333333,1.0054618564702735,0.9967541867119312,0.9767631972631959,0.9767631972631959,1.0084987086377784
2023-04-27,0.8545034861031927,0.8636392114056103,0.8583728711518049,0.8633062130560246,0.8806601524677586,1.279354655819189,1.00318624459061,0.9930657483129637,1.0009344076169377,0.9912440713996219,0.9912440713996219,0.5634754199686541
2023-04-28,0.8639302976703739,0.8704405087970264,0.868270523111277,0.8706746773474041,0.8881767270196052,1.2293630501374742,1.0024999730727253,0.9829018947929882,0.9978361244746209,0.9948041863375183,0.9948041863375183,0.4094059733780711
2023-05-01,0.8722863990525518,0.873956241044223,0.8763743456045318,0.8697955186158124,0.8872799001749503,0.8548759980293994,1.0110294117647058,0.990358590596658,1.001376998054193,0.9808043611976908,0.9808043611976908,0.4168561400410587
2023-05-02,0.8708167114082692,0.8680966872988953,0.8606521094675851,0.860019684927449,0.877307599049132,1.4311418199432488,0.9950980392156863,0.969793395781675,0.9840169171902636,0.977821607828274,0.977821607828274,0.43826847089468224
2023-05-03,0.8636573501873918,0.8661085902079736,0.8605465522028333,0.8541165064830769,0.871285757708142,1.2595853481990746,1.0017647088742725,0.9788648925018144,0.9862791711597324,0.9666602140179864,0.9666602140179864,0.500860908147723
2023-05-04,0.8543565045243288,0.8522967119633056,0.8520417537911256,0.8480668441721493,0.8651144561279255,1.3059618925472214,0.983578401453355,0.9558299552744643,0.950477071669184,0.9479938539071887,0.9479938539071887,0.7653363060418092
2023-05-05,0.8585135715767611,0.8657946969473929,0.8623826303363336,0.8637667460669274,0.8811299874342203,1.2088368777539555,0.9710293938131894,0.9453336043752248,0.9676403956449341,0.9541999218488079,0.9541999218488079,0.4271539259618993
2023-05-08,0.86703760614037,0.8647901746491884,0.8679539801239341,0.8639969806308465,0.8813648068035086,0.6887028989296556,0.976274527755438,0.9482783223376564,0.965869958855148,0.9490041081863264,0.9490041081863264,0.5162579192512307
2023-05-09,0.8631745022456657,0.8623835744989411,0.8667088681047488,0.8602080760842187,0.8774997715580369,0.6773265334768166,0.9863235623228783,0.9717881626439776,0.9775745173565538,0.9712306566439927,0.9712306566439927,1.029723405664334
2023-05-10,0.8689481744490657,0.8675107319243623,0.8628679747824403,0.86422727907783,0.8815997569913869,1.3230395138451208,0.9957843107335708,0.9650913987319732,0.9749680513939196,0.9662272478983562,0.9662272478983562,0.4330699101565087
2023-05-11,0.8648961216981844,0.8630950871777063,0.8651893973620474,0.8627200859406088,0.8800622461015569,0.9654443071384732,0.9774019577923942,0.962004275069835,0.9740828705194096,0.9710381783181755,0.9710381783181755,0.3666585726584402
2023-05-12,0.8679824144934344,0.8656273084965318,0.8632900750345348,0.8615896751169267,0.8789091456388319,0.9693290875513636,0.9894117467543659,0.9646639642195716,0.9777712742447333,0.9655537205759402,0.9655537205759402,0.3496611553828834
2023-05-15,0.8654629682667154,0.8651877940673728,0.8657381148090788,0.8645622179842197,0.8819413897395186,0.7470860706608943,0.9804411495433135,0.9656613838862697,0.9769351700311194,0.9755123817812729,0.9755123817812729,0.31375687070925584
2023-05-16,0.8647071087698281,0.8639112735195623,0.8657591747392642,0.8587846336443609,0.8760476852075636,0.7940956291747973,0.9893137613932291,0.9611018650073686,0.9832792664615051,0.9663715699382328,0.9663715699382328,0.33245402971236837
2023-05-17,0.8657359157496975,0.8702730564818192,0.8666033752434531,0.8692093915003967,0.8866819938087486,1.2011719018773,0.993676503499349,0.9906435469382593,0.9969017918984487,0.9952371524571486,0.9952371524571486,0.7330853623540319
2023-05-18,0.8710896588912513,0.8782463284866469,0.8751081736551608,0.8775826725109449,0.8952235974235802,1.3372726997503723,1.0120097889619715,0.9886962486425258,1.0032949649897307,0.9970172466305832,0.9970172466305832,0.48008873976291916
2023-05-19,0.8821541553563251,0.8804436451750582,0.8807639563738716,0.8763057139376429,0.8939209713123335,1.4267547565510086,1.020147061815449,0.9896461272715611,1.0063440964303856,0.9885981183958994,0.9885981183958994,0.42951590472616497
2023-05-22,0.8789418966569571,0.8797530800017805,0.8807639563738716,0.8766616064891395,0.894284058309247,0.8359282327070163,1.007401933857039,0.9830443729637885,1.0027539961083858,0.9906187003631466,0.9906187003631466,0.34152667711529544
2023-05-23,0.8756665909333509,0.8762582313957252,0.8730188611317865,0.8668229757485194,0.8842476560742636,1.1887386779911984,1.0028431462306602,0.9854666468095871,0.9956230972475796,0.9746945324189803,0.9746945324189803,0.44271649632458443
2023-05-24,0.8658828973285616,0.8639112735195623,0.8649994715696416,0.8605430149906083,0.8778414043061686,1.2276855625982204,0.9868627810010723,0.9561624526537285,0.9712796476685959,0.9586741253119053,0.9586741253119053,0.48250590494691065
2023-05-25,0.8707537284562102,0.8709009068673267,0.8703387113010097,0.8679952299793511,0.8854434688066669,1.251738724779202,0.9803431641821769,0.9582046880825996,0.9668535932145135,0.9663715699382328,0.9663715699382328,0.4314695039844595
2023-05-26,0.8719924358948237,0.8805482549738032,0.8763321613407048,0.8792363495147218,0.8969105031433418,1.291211286367352,0.9882353240368411,0.9726905727064439,0.9893773792612836,0.9796497848786765,0.9796497848786765,0.42165735855720626
2023-05-30,0.8860592265283425,0.8843360493349518,0.8836973405945224,0.8795712884211117,0.8972522013007684,0.9937771955270669,1.0004411585190718,0.9869389695552557,0.999852469854248,0.9847493593782494,0.9847493593782494,0.4390852299066246
2023-05-31,0.8781860371600697,0.8773045848405585,0.878379225196796,0.8746938803410155,0.8922767778622502,1.524900850715994,0.9975490196078431,0.9792923270142163,0.9880496079495183,0.9896083726750368,0.9896083726750368,0.6028122999492285
2023-06-01,0.8777871237729696,0.885047625878063,0.8795821529521546,0.8830043642993074,0.9007542803679168,1.2228870399982386,1.0120588564405255,0.9984801362166681,1.0130815565555986,1.0004811224055707,1.0004811224055707,0.5656718394737423
2023-06-02,0.8912450364884652,0.8972271314390189,0.8946924274480577,0.8957736306170063,0.9137802144339083,1.2573133777911107,1.0294117647058822,1.0222750053356844,1.0327530430906589,1.026267712392161,1.026267712392161,0.8258426966292135
2023-06-05,0.8991812088087968,0.8990687237202207,0.8997994927197367,0.8940570926779084,0.9120292076049817,0.9008094324615169,1.0454901900945925,1.0129660208405125,1.0204583640062463,1.0044260471771569,1.0044260471771569,0.5515110041720933
2023-06-06,0.8958010169279977,0.8968922906729507,0.898997540882831,0.8960038651809255,0.9140150992124917,0.8810208591928794,1.0214215446920956,1.005366846866042,0.9865742314512359,0.997257734424396,0.997257734424396,1.2093772764398136
2023-06-07,0.8995171392438381,0.8990687237202207,0.8992507752727051,0.8929057282091195,0.9108546528934751,1.174837136464093,1.0195588504566868,1.0086915307743065,1.0189829875079635,1.0195804486359987,1.0195804486359987,0.7132734376724575
2023-06-08,0.8956960026264467,0.899026892573592,0.8986388136316614,0.8983065302354392,0.9163640778169151,0.8525434784403632,1.04088233498966,1.0448824355795387,1.0428346949480303,1.0493120368031479,1.0493120368031479,1.033012516279994
2023-06-09,0.9027083822684601,0.904028428830435,0.9050754238536362,0.8999183638320665,0.9180082712669984,1.1799218915564167,1.068578458299824,1.0408929018549338,1.0607357446933046,1.0454632777854977,1.0454632777854977,0.5847332288470454
2023-06-12,0.9047239648787068,0.9079836755067907,0.9078189466853377,0.9080823000407383,0.9263363135334383,1.0472847820642317,1.064509821873085,1.0634528635322194,1.065358556035566,1.0659097320697297,1.0659097320697297,0.8902010993134809
2023-06-13,0.913961827589711,0.9152034759575325,0.9172311897952466,0.9140692291824737,0.9324435794137849,1.319692795473123,1.089951010311351,1.059700745111553,1.0787351728826682,1.0602328694106498,1.0602328694106498,0.6491026688152579
2023-06-14,0.91751001672412,0.91882388186782,0.9150363844105767,0.9151577327159419,0.9335539676068315,1.3845409684015841,1.0852940877278647,1.0524340685163465,1.0624078030390007,1.0434907786952186,1.0434907786952186,0.6212997505573828
2023-06-15,0.9160822963571505,0.9289525755500844,0.9206077986016336,0.9265035565937831,0.9451278807316448,1.5179005397133822,1.0645588145536535,1.0477796125043077,1.0588669294594286,1.0555662610307073,1.0555662610307073,0.552018719233571
2023-06-16,0.9301280713159232,0.9283456726700642,0.9263901985152814,0.9199305003366318,0.9419085660470684,1.5704434677066448,1.0819607902975643,1.063262844323756,1.0769155093504543,1.0583566094832795,1.0583566094832795,0.8608529613032825
2023-06-20,0.9184338094024386,0.9173799090048025,0.9180753258959793,0.9151577327159419,0.9370217722033652,1.0480567841229038,1.072990193086512,1.0415102831047052,1.0419986657751823,1.0216972697661548,1.0216972697661548,0.9079711264651994
2023-06-21,0.9157254143195425,0.9144919632787675,0.9165980394171049,0.9104687157926155,0.9322207299454939,1.059367095923664,1.0383823619169348,1.0115887076990755,1.0297531383924317,1.020302132244355,1.020302132244355,0.591201077238913
2023-06-22,0.9110854993253841,0.9137176719478862,0.9150575087442182,0.913755243921191,0.935585776539478,0.9720510484641149,1.0078921598546646,0.9902635809924264,1.0015245281999445,0.9891754065554066,0.9891754065554066,0.778956314430145
2023-06-23,0.9089439508110192,0.9104530543091541,0.9126727775671427,0.9068472487576501,0.9285127424174765,1.2664232773069926,1.000098060159122,0.9765376282602481,0.9961149144272625,0.9882132351532369,0.9882132351532369,0.6991346769386989
2023-06-26,0.9082931056156829,0.9095113106630658,0.9099715034027245,0.9031420949083857,0.9247190687129224,1.0021384869860543,1.0103431402468215,0.9835668170804224,1.0064916265761372,0.9890310845155297,0.9890310845155297,0.3802233946270502
2023-06-27,0.9077262590471518,0.9141152913660705,0.9114276655479572,0.9130435227012622,0.9348570515831437,1.0020022513286417,1.0105391857670805,0.9957729785003627,1.013474995291192,1.0075531225864505,1.0075531225864505,0.49286991457142226
2023-06-28,0.9133949169490008,0.9154337069248558,0.9167669052793253,0.9135040557121649,0.9353285871912771,1.0382037810211344,1.0353431701660156,1.0077891207118401,1.030048198683935,1.013759263937042,1.013759263937042,0.47132513631045675
