Date,Open_SPY,High_SPY,Low_SPY,Close_SPY,Adj_Close_SPY,Volume_SPY,Open_AAPL,High_AAPL,Low_AAPL,Close_AAPL,Adj_Close_AAPL,Volume_AAPL
2022-01-03,476.2999877929688,477.8500061035156,473.8500061035156,477.7099914550781,466.5633239746094,72668200.0,177.8300018310547,182.8800048828125,177.7100067138672,182.00999450683597,180.43429565429688,104487900.0
2022-01-04,479.2200012207031,479.9800109863281,475.5799865722656,477.5499877929688,466.4070434570313,71178700.0,182.6300048828125,182.94000244140625,179.1199951171875,179.6999969482422,178.144287109375,99310400.0
2022-01-05,477.1600036621094,477.9800109863281,468.2799987792969,468.3800048828125,457.4510498046875,104538900.0,179.61000061035156,180.1699981689453,174.63999938964844,174.9199981689453,173.4056854248047,94537600.0
2022-01-06,467.8900146484375,470.8200073242188,465.4299926757813,467.9400024414063,457.0212707519531,86858900.0,172.6999969482422,175.3000030517578,171.63999938964844,172.0,170.5109405517578,96904000.0
2022-01-07,467.9500122070313,469.2000122070313,464.6499938964844,466.0899963378906,455.2144775390625,85111600.0,172.88999938964844,174.13999938964844,171.02999877929688,172.1699981689453,170.67947387695312,86709100.0
2022-01-10,462.7000122070313,465.739990234375,456.6000061035156,465.510009765625,454.6479797363281,119362000.0,169.0800018310547,172.5,168.1699981689453,172.19000244140625,170.69932556152344,106765600.0
2022-01-11,465.2300109863281,469.8500061035156,462.0499877929688,469.75,458.7890625,74303100.0,172.32000732421875,175.17999267578125,170.82000732421875,175.0800018310547,173.56430053710938,76138300.0
2022-01-12,471.5899963378906,473.2000122070313,468.9400024414063,471.0199890136719,460.0294494628906,67605400.0,176.1199951171875,177.17999267578125,174.82000732421875,175.52999877929688,174.01039123535156,74805200.0
2022-01-13,472.1900024414063,472.8800048828125,463.4400024414063,464.5299987792969,453.6908874511719,91173100.0,175.77999877929688,176.6199951171875,171.7899932861328,172.19000244140625,170.69932556152344,84505800.0
2022-01-14,461.1900024414063,465.0899963378906,459.8999938964844,464.7200012207031,453.8764343261719,95890900.0,171.33999633789062,173.77999877929688,171.08999633789062,173.07000732421875,171.5717010498047,80440800.0
2022-01-18,459.739990234375,459.9599914550781,455.30999755859375,456.489990234375,445.8384704589844,109709100.0,171.50999450683594,172.5399932861328,169.41000366210938,169.8000030517578,168.3300018310547,90956700.0
2022-01-19,458.1300048828125,459.6099853515625,451.4599914550781,451.75,441.2090759277344,109357600.0,170.0,171.0800018310547,165.94000244140625,166.22999572753906,164.79090881347656,94815000.0
2022-01-20,453.75,458.739990234375,444.5,446.75,436.32568359375,122379700.0,166.97999572753906,169.67999267578125,164.17999267578125,164.50999450683594,163.08580017089844,91420500.0
2022-01-21,445.55999755859375,448.05999755859375,437.9500122070313,437.9800109863281,427.7603759765625,202271200.0,164.4199981689453,166.3300018310547,162.3000030517578,162.41000366210938,161.00399780273438,122848900.0
2022-01-24,432.0299987792969,440.3800048828125,420.760009765625,439.8399963378906,429.5769653320313,251783900.0,160.02000427246094,162.3000030517578,154.6999969482422,161.6199951171875,160.22079467773438,162294600.0
2022-01-25,433.05999755859375,439.7200012207031,427.1499938964844,434.4700012207031,424.332275390625,167997300.0,158.97999572753906,162.75999450683594,157.02000427246094,159.77999877929688,158.39674377441406,115798400.0
2022-01-26,440.7200012207031,444.0400085449219,428.8599853515625,433.3800048828125,423.2677001953125,186391100.0,163.5,164.38999938964844,157.82000732421875,159.69000244140625,158.30752563476562,108275300.0
2022-01-27,438.260009765625,441.5899963378906,429.4500122070313,431.239990234375,421.1776123046875,149878300.0,162.4499969482422,163.83999633789062,158.27999877929688,159.22000122070312,157.84158325195312,121954600.0
2022-01-28,432.6799926757813,442.0,427.8200073242188,441.9500122070313,431.6377258300781,164457400.0,165.7100067138672,170.35000610351562,162.8000030517578,170.3300018310547,168.8554229736328,179935700.0
2022-01-31,441.239990234375,450.2799987792969,439.80999755859375,449.9100036621094,439.4120178222656,152251400.0,170.16000366210938,175.0,169.50999450683594,174.77999877929688,173.2668914794922,115541600.0
2022-02-01,450.6799926757813,453.6300048828125,446.9400024414063,452.9500122070313,442.3810729980469,123155400.0,174.00999450683594,174.83999633789062,172.30999755859375,174.61000061035156,173.09837341308594,86213900.0
2022-02-02,455.5,458.1199951171875,453.0499877929688,457.3500061035156,446.6784057617188,117361000.0,174.75,175.8800048828125,173.3300018310547,175.83999633789062,174.31771850585938,84914300.0
2022-02-03,450.9500122070313,452.9700012207031,445.7099914550781,446.6000061035156,436.1792602539063,118024400.0,174.47999572753906,176.24000549316406,172.1199951171875,172.89999389648438,171.40316772460938,89418100.0
2022-02-04,446.3500061035156,452.7799987792969,443.8299865722656,448.7000122070313,438.2301940917969,118454400.0,171.67999267578125,174.10000610351562,170.67999267578125,172.38999938964844,171.11532592773438,82465400.0
2022-02-07,449.510009765625,450.989990234375,445.8500061035156,447.260009765625,436.8238525390625,84472900.0,172.86000061035156,173.9499969482422,170.9499969482422,171.66000366210938,170.39071655273438,77251200.0
2022-02-08,446.7300109863281,451.9200134277344,445.2200012207031,450.9400024414063,440.4179992675781,81012000.0,171.72999572753906,175.35000610351562,171.42999267578125,174.8300018310547,173.53726196289062,74829200.0
2022-02-09,455.2200012207031,457.8800048828125,455.010009765625,457.5400085449219,446.8639831542969,92589900.0,176.0500030517578,176.64999389648438,174.89999389648438,176.27999877929688,174.97654724121094,71285000.0
2022-02-10,451.3399963378906,457.7099914550781,447.2000122070313,449.3200073242188,438.8357849121094,140103700.0,174.13999938964844,175.47999572753906,171.5500030517578,172.1199951171875,170.84732055664062,90865900.0
2022-02-11,449.4100036621094,451.6099853515625,438.9400024414063,440.4599914550781,430.1824645996094,153214600.0,172.3300018310547,173.0800018310547,168.0399932861328,168.63999938964844,167.39306640625,98670700.0
2022-02-14,439.9200134277344,441.6000061035156,435.3399963378906,439.0199890136719,428.7760925292969,123006300.0,167.3699951171875,169.5800018310547,166.55999755859375,168.8800048828125,167.6312713623047,86185500.0
2022-02-15,443.7300109863281,446.2799987792969,443.1799926757813,446.1000061035156,435.69091796875,88482700.0,170.97000122070312,172.9499969482422,170.25,172.7899932861328,171.51235961914062,62527400.0
2022-02-16,443.9299926757813,448.05999755859375,441.9400024414063,446.6000061035156,436.1792602539063,84863600.0,171.85000610351562,173.33999633789062,170.0500030517578,172.5500030517578,171.27415466308594,61177400.0
2022-02-17,443.2200012207031,446.5700073242188,436.4200134277344,437.05999755859375,426.8618469238281,102259100.0,171.02999877929688,171.91000366210938,168.47000122070312,168.8800048828125,167.6312713623047,69589300.0
2022-02-18,437.3299865722656,438.6600036621094,431.8200073242188,434.2300109863281,424.097900390625,132642900.0,169.82000732421875,170.5399932861328,166.19000244140625,167.3000030517578,166.06295776367188,82772700.0
2022-02-22,431.8900146484375,435.5,425.8599853515625,429.5700073242188,419.5466003417969,124391800.0,164.97999572753906,166.69000244140625,162.14999389648438,164.32000732421875,163.10498046875,91162800.0
2022-02-23,432.6600036621094,433.260009765625,421.3500061035156,421.9500122070313,412.10443115234375,132578000.0,165.5399932861328,166.14999389648438,159.75,160.07000732421875,158.88641357421875,90009200.0
2022-02-24,411.0199890136719,428.760009765625,410.6400146484375,428.2999877929688,418.3062133789063,213942900.0,152.5800018310547,162.85000610351562,152.0,162.74000549316406,161.5366668701172,141147500.0
2022-02-25,429.6099853515625,437.8399963378906,427.8599853515625,437.75,427.5357360839844,121804500.0,163.83999633789062,165.1199951171875,160.8699951171875,164.85000610351562,163.63108825683594,91974200.0
2022-02-28,432.0299987792969,438.2000122070313,430.7000122070313,436.6300048828125,426.44189453125,145615000.0,163.05999755859375,165.4199981689453,162.42999267578125,165.1199951171875,163.89907836914062,95056600.0
2022-03-01,435.0400085449219,437.1700134277344,427.1099853515625,429.9800109863281,419.9470520019531,137785900.0,164.6999969482422,166.60000610351562,161.97000122070312,163.1999969482422,161.99327087402344,83474400.0
2022-03-02,432.3699951171875,439.7200012207031,431.5700073242188,437.8900146484375,427.6724853515625,117726500.0,164.38999938964844,167.36000061035156,162.9499969482422,166.55999755859375,165.3284454345703,79724800.0
2022-03-03,440.4700012207031,441.1099853515625,433.7999877929688,435.7099914550781,425.5433349609375,105501700.0,168.47000122070312,168.91000366210938,165.5500030517578,166.22999572753906,165.00086975097656,76678400.0
2022-03-04,431.75,433.3699951171875,427.8800048828125,432.1700134277344,422.0859375,113978200.0,164.49000549316406,165.5500030517578,162.10000610351562,163.1699981689453,161.96348571777344,83737200.0
2022-03-07,431.5499877929688,432.2999877929688,419.3599853515625,419.4299926757813,409.6431884765625,137896600.0,163.36000061035156,165.02000427246094,159.0399932861328,159.3000030517578,158.12213134765625,96418800.0
2022-03-08,419.6199951171875,427.2099914550781,415.1199951171875,416.25,406.5373840332031,164772700.0,158.82000732421875,162.8800048828125,155.8000030517578,157.44000244140625,156.27586364746094,131148300.0
2022-03-09,425.1400146484375,429.510009765625,422.8200073242188,427.4100036621094,417.43701171875,116990800.0,161.47999572753906,163.41000366210938,159.41000366210938,162.9499969482422,161.7451171875,91454900.0
2022-03-10,422.5199890136719,426.4299926757813,420.4400024414063,425.4800109863281,415.5520324707031,93972700.0,160.1999969482422,160.38999938964844,155.97999572753906,158.52000427246094,157.34786987304688,105342000.0
2022-03-11,428.1199951171875,428.7699890136719,419.5299987792969,420.0700073242188,410.2682800292969,95636300.0,158.92999267578125,159.27999877929688,154.5,154.72999572753906,153.5858917236328,96970100.0
2022-03-14,420.8900146484375,424.5499877929688,415.7900085449219,417.0,407.2699279785156,95729200.0,151.4499969482422,154.1199951171875,150.10000610351562,150.6199951171875,149.5062713623047,108732100.0
2022-03-15,419.7699890136719,426.8399963378906,418.4200134277344,426.1700134277344,416.2259826660156,106219100.0,150.89999389648438,155.57000732421875,150.3800048828125,155.08999633789062,153.94322204589844,92964300.0
2022-03-16,429.8900146484375,435.6799926757813,424.7999877929688,435.6199951171875,425.4554443359375,144954800.0,157.0500030517578,160.0,154.4600067138672,159.58999633789062,158.40997314453125,102300200.0
2022-03-17,433.5899963378906,441.0700073242188,433.1900024414063,441.0700073242188,430.77825927734375,102676900.0,158.61000061035156,161.0,157.6300048828125,160.6199951171875,159.43234252929688,75615400.0
2022-03-18,438.0,444.8599853515625,437.2200012207031,444.5199890136719,435.4964904785156,106345500.0,160.50999450683594,164.47999572753906,159.75999450683594,163.97999572753906,162.7675018310547,123511700.0
2022-03-21,444.3399963378906,446.4599914550781,440.6799926757813,444.3900146484375,435.369140625,88349800.0,163.50999450683594,166.35000610351562,163.00999450683594,165.3800048828125,164.15716552734375,95811400.0
2022-03-22,445.8599853515625,450.5799865722656,445.8599853515625,449.5899963378906,440.4635925292969,74650400.0,165.50999450683594,169.4199981689453,164.91000366210938,168.82000732421875,167.5717010498047,81532000.0
2022-03-23,446.9100036621094,448.489990234375,443.7099914550781,443.7999877929688,434.7911071777344,79426100.0,167.99000549316406,172.63999938964844,167.64999389648438,170.2100067138672,168.95144653320312,98062700.0
2022-03-24,445.9400024414063,450.5,444.760009765625,450.489990234375,441.3452758789063,64736900.0,171.05999755859375,174.13999938964844,170.2100067138672,174.07000732421875,172.78289794921875,90131400.0
2022-03-25,451.1600036621094,452.9800109863281,448.4299926757813,452.6900024414063,443.5006408691406,77101300.0,173.8800048828125,175.27999877929688,172.75,174.72000122070312,173.42808532714844,80546200.0
2022-03-28,452.05999755859375,455.9100036621094,450.05999755859375,455.9100036621094,446.6553039550781,68529800.0,172.1699981689453,175.72999572753906,172.0,175.60000610351562,174.30157470703125,90371900.0
2022-03-29,460.0199890136719,462.0700073242188,457.1799926757813,461.5499877929688,452.1808166503906,86581500.0,176.69000244140625,179.00999450683594,176.33999633789062,178.9600067138672,177.63674926757812,100589400.0
2022-03-30,460.3399963378906,461.2000122070313,456.4700012207031,458.7000122070313,449.388671875,79666900.0,178.5500030517578,179.61000061035156,176.6999969482422,177.77000427246094,176.45553588867188,92633200.0
2022-03-31,457.8900146484375,458.760009765625,451.1600036621094,451.6400146484375,442.4719848632813,121699900.0,177.83999633789062,178.02999877929688,174.39999389648438,174.61000061035156,173.31890869140625,103049300.0
2022-04-01,453.30999755859375,453.4599914550781,449.1400146484375,452.9200134277344,443.7259826660156,89048800.0,174.02999877929688,174.8800048828125,171.94000244140625,174.30999755859375,173.02110290527344,78751300.0
2022-04-04,453.1300048828125,456.9100036621094,452.260009765625,456.7999877929688,447.5271911621094,59601000.0,174.57000732421875,178.49000549316406,174.44000244140625,178.44000244140625,177.12059020996094,76468400.0
2022-04-05,455.2200012207031,457.8299865722656,449.8200073242188,451.0299987792969,441.8743286132813,74214500.0,177.5,178.3000030517578,174.4199981689453,175.05999755859375,173.7655792236328,73401800.0
2022-04-06,446.8900146484375,448.9299926757813,443.4700012207031,446.5199890136719,437.4559020996094,106898000.0,172.36000061035156,173.6300048828125,170.1300048828125,171.8300018310547,170.5594482421875,89058800.0
2022-04-07,445.5899963378906,450.6900024414063,443.5299987792969,448.7699890136719,439.6602478027344,78097200.0,171.16000366210938,173.36000061035156,169.85000610351562,172.13999938964844,170.86717224121094,77594700.0
2022-04-08,447.9700012207031,450.6300048828125,445.9400024414063,447.5700073242188,438.4845581054688,79272700.0,171.77999877929688,171.77999877929688,169.1999969482422,170.08999633789062,168.83230590820312,76575500.0
2022-04-11,444.1099853515625,445.0,439.3900146484375,439.9200134277344,430.9898681640625,89770500.0,168.7100067138672,169.02999877929688,165.5,165.75,164.5244140625,72246700.0
2022-04-12,443.0799865722656,445.75,436.6499938964844,438.2900085449219,429.3929748535156,84363600.0,168.02000427246094,169.8699951171875,166.63999938964844,167.66000366210938,166.42030334472656,79265200.0
2022-04-13,438.0299987792969,444.1099853515625,437.8399963378906,443.30999755859375,434.3110961914063,74070400.0,167.38999938964844,171.0399932861328,166.77000427246094,170.39999389648438,169.13999938964844,70618900.0
2022-04-14,443.5499877929688,444.7300109863281,437.6799926757813,437.7900085449219,428.9031372070313,97869500.0,170.6199951171875,171.27000427246094,165.0399932861328,165.2899932861328,164.06781005859375,75329400.0
2022-04-18,436.80999755859375,439.75,435.6099853515625,437.9700012207031,429.0794677734375,66002500.0,163.9199981689453,166.60000610351562,163.57000732421875,165.07000732421875,163.84945678710938,69023900.0
2022-04-19,437.8599853515625,445.7999877929688,437.6799926757813,445.0400085449219,436.0059509277344,77821000.0,165.02000427246094,167.82000732421875,163.91000366210938,167.39999389648438,166.16221618652344,67723800.0
2022-04-20,446.9200134277344,447.5700073242188,443.4800109863281,444.7099914550781,435.6826477050781,65224400.0,168.75999450683594,168.8800048828125,166.10000610351562,167.22999572753906,165.9934539794922,67929800.0
2022-04-21,448.5400085449219,450.010009765625,437.1000061035156,438.05999755859375,429.1676330566406,85417300.0,168.91000366210938,171.52999877929688,165.91000366210938,166.4199981689453,165.189453125,87227800.0
2022-04-22,436.9100036621094,438.0799865722656,425.4400024414063,426.0400085449219,417.3916320800781,132471800.0,166.4600067138672,167.8699951171875,161.5,161.7899932861328,160.59368896484375,84882400.0
2022-04-25,423.6700134277344,428.6900024414063,418.8399963378906,428.510009765625,419.81146240234375,119647700.0,161.1199951171875,163.1699981689453,158.4600067138672,162.8800048828125,161.67562866210938,96046400.0
2022-04-26,425.8299865722656,426.0400085449219,416.0700073242188,416.1000061035156,407.65338134765625,103996300.0,162.25,162.33999633789062,156.72000122070312,156.8000030517578,155.64059448242188,95623200.0
2022-04-27,417.239990234375,422.9200134277344,415.010009765625,417.2699890136719,408.7996520996094,122030000.0,155.91000366210938,159.7899932861328,155.3800048828125,156.57000732421875,155.4123077392578,88063200.0
2022-04-28,422.2900085449219,429.6400146484375,417.6000061035156,427.80999755859375,419.1256713867188,105449100.0,159.25,164.52000427246094,158.92999267578125,163.63999938964844,162.4300079345703,130216800.0
2022-04-29,423.5899963378906,425.8699951171875,411.2099914550781,412.0,403.6365966796875,145491100.0,161.83999633789062,166.1999969482422,157.25,157.64999389648438,156.4842987060547,131747600.0
2022-05-02,412.0700073242188,415.9200134277344,405.0199890136719,414.4800109863281,406.0663146972656,158312500.0,156.7100067138672,158.22999572753906,153.27000427246094,157.9600067138672,156.79202270507812,123055300.0
2022-05-03,415.010009765625,418.9299926757813,413.3599853515625,416.3800048828125,407.927734375,100028200.0,158.14999389648438,160.7100067138672,156.32000732421875,159.47999572753906,158.30076599121094,88966500.0
2022-05-04,417.0799865722656,429.6600036621094,413.7099914550781,429.05999755859375,420.3503112792969,144247900.0,159.6699981689453,166.47999572753906,159.25999450683594,166.02000427246094,164.7924041748047,108256500.0
2022-05-05,424.5499877929688,425.0,409.4400024414063,413.80999755859375,405.409912109375,172929100.0,163.85000610351562,164.0800018310547,154.9499969482422,156.77000427246094,155.61080932617188,130525300.0
2022-05-06,411.1000061035156,414.7999877929688,405.7300109863281,411.3399963378906,402.9900207519531,151770800.0,156.00999450683594,159.44000244140625,154.17999267578125,157.27999877929688,156.34642028808594,116124600.0
2022-05-09,405.1000061035156,406.4100036621094,396.5,398.1700134277344,390.08740234375,155586100.0,154.92999267578125,155.8300018310547,151.49000549316406,152.05999755859375,151.15740966796875,131577900.0
2022-05-10,404.489990234375,406.0799865722656,394.8200073242188,399.0899963378906,390.98870849609375,132497200.0,155.52000427246094,156.74000549316406,152.92999267578125,154.50999450683594,153.5928497314453,115366700.0
2022-05-11,398.0700073242188,404.0400085449219,391.9599914550781,392.75,384.77740478515625,142361000.0,153.5,155.4499969482422,145.80999755859375,146.5,145.6304168701172,142689800.0
2022-05-12,389.3699951171875,395.7999877929688,385.1499938964844,392.3399963378906,384.375732421875,125090800.0,142.77000427246094,146.1999969482422,138.8000030517578,142.55999755859375,141.71380615234375,182602000.0
2022-05-13,396.7099914550781,403.1799926757813,395.6099853515625,401.7200012207031,393.5653076171875,104174400.0,144.58999633789062,148.10000610351562,143.11000061035156,147.11000061035156,146.2367706298828,113990900.0
2022-05-16,399.9800109863281,403.9700012207031,397.6000061035156,400.0899963378906,391.9684143066406,78622400.0,145.5500030517578,147.52000427246094,144.17999267578125,145.5399932861328,144.6761016845703,86643800.0
2022-05-17,406.5299987792969,408.5700073242188,402.5799865722656,408.3200073242188,400.0313720703125,83029700.0,148.86000061035156,149.77000427246094,146.67999267578125,149.24000549316406,148.35414123535156,78336300.0
2022-05-18,403.5,403.7999877929688,390.5499877929688,391.8599853515625,383.9054870605469,117674500.0,146.85000610351562,147.36000061035156,139.89999389648438,140.82000732421875,139.98411560058594,109742900.0
2022-05-19,388.6199951171875,394.1400146484375,387.1099853515625,389.4599914550781,381.5541687011719,98510700.0,139.8800048828125,141.66000366210938,136.60000610351562,137.35000610351562,136.53472900390625,136095600.0
2022-05-20,393.25,397.0299987792969,380.5400085449219,389.6300048828125,381.7207336425781,131432200.0,139.08999633789062,140.6999969482422,132.61000061035156,137.58999633789062,136.77328491210938,137426100.0
2022-05-23,392.8299865722656,397.7300109863281,390.3800048828125,396.9200134277344,388.8627624511719,76414900.0,137.7899932861328,143.25999450683594,137.64999389648438,143.11000061035156,142.26052856445312,117726300.0
2022-05-24,392.55999755859375,395.1499938964844,386.9599914550781,393.8900146484375,385.8942565917969,91448800.0,140.80999755859375,141.97000122070312,137.3300018310547,140.36000061035156,139.52685546875,104132700.0
2022-05-25,392.30999755859375,399.4500122070313,391.8900146484375,397.3699951171875,389.3036193847656,91472900.0,138.42999267578125,141.7899932861328,138.33999633789062,140.52000427246094,139.68592834472656,92482700.0
2022-05-26,398.6700134277344,407.0400085449219,398.4500122070313,405.30999755859375,397.08245849609375,82168300.0,137.38999938964844,144.33999633789062,137.13999938964844,143.77999877929688,142.92654418945312,90601500.0
2022-05-27,407.9100036621094,415.3800048828125,407.7000122070313,415.260009765625,406.8304748535156,84768700.0,145.38999938964844,149.67999267578125,145.25999450683594,149.63999938964844,148.7517547607422,90978500.0
2022-05-31,413.5499877929688,416.4599914550781,410.0299987792969,412.9299926757813,404.5477600097656,95937000.0,149.07000732421875,150.66000366210938,146.83999633789062,148.83999633789062,147.95651245117188,103718400.0
2022-06-01,415.1700134277344,416.239990234375,406.9299926757813,409.5899963378906,401.2755432128906,86585800.0,149.89999389648438,151.74000549316406,147.67999267578125,148.7100067138672,147.82728576660156,74286600.0
2022-06-02,409.4200134277344,417.4400024414063,407.0400085449219,417.3900146484375,408.917236328125,79609600.0,147.8300018310547,151.27000427246094,146.86000061035156,151.2100067138672,150.3124542236328,72348100.0
2022-06-03,412.3999938964844,414.0400085449219,409.510009765625,410.5400085449219,402.2062683105469,71874300.0,146.89999389648438,147.97000122070312,144.4600067138672,145.3800048828125,144.51705932617188,88570300.0
2022-06-06,414.7799987792969,416.6099853515625,410.5499877929688,411.7900085449219,403.430908203125,57508900.0,147.02999877929688,148.57000732421875,144.89999389648438,146.13999938964844,145.27255249023438,71598400.0
2022-06-07,408.1000061035156,416.2200012207031,407.6099853515625,415.739990234375,407.3006896972656,59272400.0,144.35000610351562,149.0,144.10000610351562,148.7100067138672,147.82728576660156,67808200.0
2022-06-08,413.9299926757813,415.8200073242188,410.3800048828125,411.2200012207031,402.8724365234375,64350000.0,148.5800018310547,149.8699951171875,147.4600067138672,147.9600067138672,147.0817413330078,53950200.0
2022-06-09,409.3399963378906,411.739990234375,401.4400024414063,401.4400024414063,393.2909851074219,86289800.0,147.0800018310547,147.9499969482422,142.52999877929688,142.63999938964844,141.79331970214844,69473000.0
2022-06-10,394.8800048828125,395.7799987792969,389.75,389.7999877929688,381.8872985839844,132893900.0,140.27999877929688,140.75999450683594,137.05999755859375,137.1300048828125,136.3160400390625,91437900.0
2022-06-13,379.8500061035156,381.80999755859375,373.2999877929688,375.0,367.3876953125,170004900.0,132.8699951171875,135.1999969482422,131.44000244140625,131.8800048828125,131.09719848632812,122207100.0
2022-06-14,376.8500061035156,377.9400024414063,370.5899963378906,373.8699951171875,366.2806701660156,104011800.0,133.1300048828125,133.88999938964844,131.47999572753906,132.75999450683594,131.9719696044922,84784300.0
2022-06-15,377.3599853515625,383.8999938964844,372.1199951171875,379.2000122070313,371.50244140625,125666800.0,134.2899932861328,137.33999633789062,132.16000366210938,135.42999267578125,134.6260986328125,91533000.0
2022-06-16,370.510009765625,370.9400024414063,364.0799865722656,366.6499938964844,359.2072448730469,134473300.0,132.0800018310547,132.38999938964844,129.0399932861328,130.05999755859375,129.28799438476562,108123900.0
2022-06-17,365.510009765625,369.3800048828125,362.1700134277344,365.8599853515625,359.9815673828125,111113900.0,130.07000732421875,133.0800018310547,129.80999755859375,131.55999755859375,130.7790985107422,134520300.0
2022-06-21,371.8900146484375,376.5299987792969,371.80999755859375,375.0700073242188,369.0436096191406,76811900.0,133.4199981689453,137.05999755859375,133.32000732421875,135.8699951171875,135.06350708007812,81000500.0
2022-06-22,370.6199951171875,378.7200012207031,370.1799926757813,374.3900146484375,368.3745422363281,90059400.0,134.7899932861328,137.75999450683594,133.91000366210938,135.35000610351562,134.54660034179688,73409200.0
2022-06-23,376.6400146484375,378.8299865722656,372.8900146484375,378.05999755859375,371.9855651855469,79292100.0,136.82000732421875,138.58999633789062,135.6300048828125,138.27000427246094,137.4492645263672,72433800.0
2022-06-24,381.3999938964844,390.0899963378906,381.3699951171875,390.0799865722656,383.81243896484375,98050300.0,139.89999389648438,141.91000366210938,139.77000427246094,141.66000366210938,140.81912231445312,89116800.0
2022-06-27,391.0499877929688,391.3599853515625,387.4400024414063,388.5899963378906,382.3463745117188,66009600.0,142.6999969482422,143.49000549316406,140.97000122070312,141.66000366210938,140.81912231445312,70207900.0
2022-06-28,390.2300109863281,393.1600036621094,380.5299987792969,380.6499938964844,374.533935546875,86548900.0,142.1300048828125,143.4199981689453,137.32000732421875,137.44000244140625,136.6241912841797,67083400.0
2022-06-29,381.2300109863281,382.2699890136719,378.4200134277344,380.3399963378906,374.2289123535156,65676000.0,137.4600067138672,140.6699981689453,136.6699981689453,139.22999572753906,138.403564453125,66242400.0
2022-06-30,376.239990234375,380.6600036621094,372.55999755859375,377.25,371.18853759765625,112508300.0,137.25,138.3699951171875,133.77000427246094,136.72000122070312,135.90847778320312,98964500.0
2022-07-01,376.55999755859375,381.7000122070313,373.7999877929688,381.239990234375,375.1144714355469,74839700.0,136.0399932861328,139.0399932861328,135.66000366210938,138.92999267578125,138.1053466796875,71051600.0
2022-07-05,375.8800048828125,381.9800109863281,372.8999938964844,381.9599914550781,375.8229064941406,81438000.0,137.77000427246094,141.61000061035156,136.92999267578125,141.55999755859375,140.7197265625,73353800.0
2022-07-06,382.1099853515625,385.8699951171875,379.6000061035156,383.25,377.0921936035156,70426200.0,141.35000610351562,144.1199951171875,141.0800018310547,142.9199981689453,142.0716552734375,74064300.0
2022-07-07,385.1199951171875,389.8299865722656,383.2699890136719,388.989990234375,382.7399597167969,64525900.0,143.2899932861328,146.5500030517578,143.27999877929688,146.35000610351562,145.48130798339844,66253700.0
2022-07-08,387.2699890136719,390.6400146484375,385.6600036621094,388.6700134277344,382.4251098632813,72397800.0,145.25999450683594,147.5500030517578,145.0,147.0399932861328,146.1671905517578,64547800.0
2022-07-11,385.8500061035156,386.8699951171875,383.5,384.2300109863281,378.0564270019531,58366900.0,145.6699981689453,146.63999938964844,143.77999877929688,144.8699951171875,144.01007080078125,63141600.0
2022-07-12,383.6499938964844,386.1600036621094,378.989990234375,380.8299865722656,374.7110290527344,62219200.0,145.75999450683594,148.4499969482422,145.0500030517578,145.86000061035156,144.99420166015625,77588800.0
2022-07-13,375.1000061035156,381.9200134277344,374.6600036621094,378.8299865722656,372.7431640625,84224600.0,142.99000549316406,146.4499969482422,142.1199951171875,145.49000549316406,144.62640380859375,71185600.0
2022-07-14,373.6099853515625,379.0499877929688,371.0400085449219,377.9100036621094,371.8379821777344,89704800.0,144.0800018310547,148.9499969482422,143.25,148.47000122070312,147.58871459960938,78140700.0
2022-07-15,382.5499877929688,385.25,380.5400085449219,385.1300048828125,378.9419860839844,79060400.0,149.77999877929688,150.86000061035156,148.1999969482422,150.1699981689453,149.27862548828125,76259900.0
2022-07-18,388.3800048828125,389.0899963378906,380.6600036621094,381.9500122070313,375.8130493164063,63203600.0,150.74000549316406,151.57000732421875,146.6999969482422,147.07000732421875,146.19703674316406,81420900.0
2022-07-19,386.0799865722656,392.8699951171875,385.3900146484375,392.2699890136719,385.96722412109375,78506000.0,147.9199981689453,151.22999572753906,146.91000366210938,151.0,150.10369873046875,82982400.0
2022-07-20,392.4700012207031,396.260009765625,391.0299987792969,394.7699890136719,388.4270629882813,71843800.0,151.1199951171875,153.72000122070312,150.3699951171875,153.0399932861328,152.13157653808594,64823400.0
2022-07-21,394.1600036621094,398.8399963378906,391.6300048828125,398.7900085449219,392.3825073242188,64903900.0,154.5,155.57000732421875,151.94000244140625,155.35000610351562,154.42788696289062,65086600.0
2022-07-22,398.9200134277344,400.1799926757813,392.75,395.0899963378906,388.741943359375,72197300.0,155.38999938964844,156.27999877929688,153.41000366210938,154.08999633789062,153.17535400390625,66675400.0
2022-07-25,395.75,396.4700012207031,393.2099914550781,395.5700073242188,389.2142333984375,53631500.0,154.00999450683594,155.0399932861328,152.27999877929688,152.9499969482422,152.04209899902344,53623900.0
2022-07-26,393.8399963378906,394.05999755859375,389.9500122070313,390.8900146484375,384.60943603515625,52946400.0,152.25999450683594,153.08999633789062,150.8000030517578,151.60000610351562,150.7001495361328,55138700.0
2022-07-27,394.3599853515625,402.8800048828125,394.0499877929688,401.0400085449219,394.5963439941406,82342100.0,152.5800018310547,157.3300018310547,152.16000366210938,156.7899932861328,155.85931396484375,78620700.0
2022-07-28,401.8900146484375,406.7999877929688,398.1499938964844,406.0700073242188,399.5455322265625,73966600.0,156.97999572753906,157.63999938964844,154.41000366210938,157.35000610351562,156.416015625,81378700.0
2022-07-29,407.5799865722656,413.0299987792969,406.7699890136719,411.989990234375,405.3704223632813,87003700.0,161.24000549316406,163.6300048828125,159.5,162.50999450683594,161.5453643798828,101786900.0
2022-08-01,409.1499938964844,413.4100036621094,408.3999938964844,410.7699890136719,404.1700134277344,69997500.0,161.00999450683594,163.58999633789062,160.88999938964844,161.50999450683594,160.5513153076172,67829400.0
2022-08-02,409.1199951171875,413.0,406.8200073242188,408.05999755859375,401.5035095214844,63435400.0,160.10000610351562,162.41000366210938,159.6300048828125,160.00999450683594,159.06019592285156,59907000.0
2022-08-03,410.2999877929688,415.6799926757813,410.0,414.4500122070313,407.7908935546875,67820600.0,160.83999633789062,166.58999633789062,160.75,166.1300048828125,165.14389038085938,82507500.0
2022-08-04,414.3699951171875,415.0899963378906,412.4400024414063,414.1700134277344,407.5153503417969,45656600.0,166.00999450683594,167.19000244140625,164.42999267578125,165.80999755859375,164.82579040527344,55474100.0
2022-08-05,409.6600036621094,414.1499938964844,409.6000061035156,413.4700012207031,406.82659912109375,56814900.0,163.2100067138672,165.85000610351562,163.0,165.35000610351562,164.59683227539062,56697000.0
2022-08-08,415.25,417.6199951171875,411.8299865722656,412.989990234375,406.3543395996094,53886100.0,166.3699951171875,167.80999755859375,164.1999969482422,164.8699951171875,164.1190185546875,60276900.0
2022-08-09,412.2200012207031,412.75,410.2200012207031,411.3500061035156,404.7406921386719,44931800.0,164.02000427246094,165.82000732421875,163.25,164.9199981689453,164.16879272460938,63135500.0
2022-08-10,418.7799987792969,420.1400146484375,416.7200012207031,419.989990234375,413.2418518066406,68665700.0,167.67999267578125,169.33999633789062,166.89999389648438,169.24000549316406,168.46913146972656,70170500.0
2022-08-11,422.989990234375,424.9500122070313,419.2099914550781,419.989990234375,413.2418518066406,59489700.0,170.05999755859375,170.99000549316406,168.19000244140625,168.49000549316406,167.7225341796875,57149200.0
2022-08-12,422.0299987792969,427.2099914550781,421.0299987792969,427.1000061035156,420.2376403808594,61694500.0,169.82000732421875,172.1699981689453,169.39999389648438,172.10000610351562,171.31610107421875,68039400.0
2022-08-15,424.7699890136719,429.4100036621094,424.7099914550781,428.8599853515625,421.9693298339844,54048300.0,171.52000427246094,173.38999938964844,171.35000610351562,173.19000244140625,172.401123046875,54091700.0
2022-08-16,427.7300109863281,431.7300109863281,426.8800048828125,429.7000122070313,422.79583740234375,59289000.0,172.77999877929688,173.7100067138672,171.66000366210938,173.02999877929688,172.24185180664062,56377100.0
2022-08-17,425.9100036621094,429.5,424.5400085449219,426.6499938964844,419.79486083984375,63563400.0,172.77000427246094,176.14999389648438,172.57000732421875,174.5500030517578,173.7549285888672,79542000.0
2022-08-18,426.8599853515625,428.6099853515625,425.5,427.8900146484375,421.0149230957031,49023200.0,173.75,174.89999389648438,173.1199951171875,174.14999389648438,173.3567352294922,62290100.0
2022-08-19,424.9800109863281,425.260009765625,421.2200012207031,422.1400146484375,415.3573303222656,68016900.0,173.02999877929688,173.74000549316406,171.30999755859375,171.52000427246094,170.7387237548828,70346300.0
2022-08-22,417.0499877929688,417.2300109863281,412.3999938964844,413.3500061035156,406.7085266113281,77695600.0,169.69000244140625,169.86000061035156,167.13999938964844,167.57000732421875,166.80673217773438,69026800.0
2022-08-23,412.8999938964844,415.4200134277344,411.7699890136719,412.3500061035156,405.724609375,49105200.0,167.0800018310547,168.7100067138672,166.64999389648438,167.22999572753906,166.46827697753906,54147100.0
2022-08-24,412.1099853515625,415.1099853515625,411.3900146484375,413.6700134277344,407.0234069824219,49177800.0,167.32000732421875,168.11000061035156,166.25,167.52999877929688,166.76690673828125,53841500.0
2022-08-25,415.239990234375,419.55999755859375,414.0899963378906,419.510009765625,412.7695617675781,50942300.0,168.77999877929688,170.13999938964844,168.35000610351562,170.02999877929688,169.25550842285156,51218200.0
2022-08-26,419.3900146484375,419.9599914550781,405.25,405.30999755859375,398.7977294921875,103087000.0,170.57000732421875,171.0500030517578,163.55999755859375,163.6199951171875,162.8747100830078,78961000.0
2022-08-29,402.2000122070313,405.8399963378906,401.2000122070313,402.6300048828125,396.1607666015625,65370800.0,161.14999389648438,162.89999389648438,159.82000732421875,161.3800048828125,160.64491271972656,73314000.0
2022-08-30,403.8500061035156,404.1000061035156,396.0,398.2099914550781,391.8117980957031,85652400.0,162.1300048828125,162.55999755859375,157.72000122070312,158.91000366210938,158.18617248535156,77906200.0
2022-08-31,399.9299926757813,401.239990234375,395.0400085449219,395.1799926757813,388.83050537109375,76029700.0,160.30999755859375,160.5800018310547,157.13999938964844,157.22000122070312,156.50387573242188,87991100.0
2022-09-01,392.8900146484375,396.7799987792969,390.0400085449219,396.4200134277344,390.0505676269531,78740100.0,156.63999938964844,158.4199981689453,154.6699981689453,157.9600067138672,157.24049377441406,74229900.0
2022-09-02,400.2799987792969,401.55999755859375,390.3299865722656,392.239990234375,385.9377136230469,99632100.0,159.75,160.36000061035156,154.97000122070312,155.80999755859375,155.10028076171875,76957800.0
2022-09-06,393.1300048828125,394.1199951171875,388.4200134277344,390.760009765625,384.48150634765625,76637400.0,156.47000122070312,157.08999633789062,153.69000244140625,154.52999877929688,153.82611083984375,73714800.0
2022-09-07,390.4299926757813,398.5899963378906,390.2000122070313,397.7799987792969,391.3887023925781,70964200.0,154.82000732421875,156.6699981689453,153.61000061035156,155.9600067138672,155.24960327148438,87449600.0
2022-09-08,395.3900146484375,400.8599853515625,394.1199951171875,400.3800048828125,393.9469299316406,80821700.0,154.63999938964844,156.36000061035156,152.67999267578125,154.4600067138672,153.75645446777344,84923800.0
2022-09-09,402.739990234375,407.510009765625,402.4599914550781,406.6000061035156,400.0669860839844,76706900.0,155.47000122070312,157.82000732421875,154.75,157.3699951171875,156.65316772460938,68028800.0
2022-09-12,408.7799987792969,411.7300109863281,408.4599914550781,410.9700012207031,404.3667907714844,69256300.0,159.58999633789062,164.25999450683594,159.3000030517578,163.42999267578125,162.68557739257812,104956000.0
2022-09-13,401.8299865722656,403.1000061035156,391.9200134277344,393.1000061035156,386.7839050292969,122947100.0,159.89999389648438,160.5399932861328,153.3699951171875,153.83999633789062,153.13925170898438,122656600.0
2022-09-14,394.4700012207031,396.2000122070313,391.1199951171875,394.6000061035156,388.25982666015625,85023700.0,154.7899932861328,157.10000610351562,153.61000061035156,155.30999755859375,154.60256958007812,87965400.0
2022-09-15,392.9599914550781,395.9599914550781,388.7799987792969,390.1199951171875,383.851806640625,87633800.0,154.64999389648438,155.24000549316406,151.3800048828125,152.3699951171875,151.6759490966797,90481100.0
2022-09-16,384.1400146484375,386.25,382.1099853515625,385.55999755859375,380.9234313964844,103084800.0,151.2100067138672,151.35000610351562,148.3699951171875,150.6999969482422,150.0135498046875,162278800.0
2022-09-19,382.260009765625,388.5499877929688,382.1799926757813,388.5499877929688,383.87744140625,73278500.0,149.30999755859375,154.55999755859375,149.10000610351562,154.47999572753906,153.77635192871094,81474200.0
2022-09-20,385.05999755859375,386.1199951171875,381.2000122070313,384.0899963378906,379.4710998535156,77274900.0,153.39999389648438,158.0800018310547,153.0800018310547,156.89999389648438,156.18531799316406,107689800.0
2022-09-21,386.1099853515625,389.30999755859375,377.3800048828125,377.3900146484375,372.8516540527344,106746600.0,157.33999633789062,158.74000549316406,153.60000610351562,153.72000122070312,153.01980590820312,101696800.0
2022-09-22,376.5799865722656,378.2999877929688,373.4400024414063,374.2200012207031,369.71978759765625,89472600.0,152.3800048828125,154.47000122070312,150.91000366210938,152.74000549316406,152.0442657470703,86652500.0
2022-09-23,370.5799865722656,370.6199951171875,363.2900085449219,367.9500122070313,363.5252075195313,122346900.0,151.19000244140625,151.47000122070312,148.55999755859375,150.42999267578125,149.7447967529297,96029900.0
2022-09-26,366.4100036621094,370.2099914550781,363.0299987792969,364.30999755859375,359.9289245605469,92581200.0,149.66000366210938,153.77000427246094,149.63999938964844,150.77000427246094,150.083251953125,93339400.0
2022-09-27,368.0199890136719,370.3999938964844,360.8699951171875,363.3800048828125,359.0101623535156,108294100.0,152.74000549316406,154.72000122070312,149.9499969482422,151.75999450683594,151.0687255859375,84442700.0
2022-09-28,364.3800048828125,372.2999877929688,362.6000061035156,370.5299987792969,366.07415771484375,110802200.0,147.63999938964844,150.63999938964844,144.83999633789062,149.83999633789062,149.15748596191406,146691400.0
2022-09-29,366.80999755859375,367.1099853515625,359.70001220703125,362.7900085449219,358.42724609375,112952300.0,146.10000610351562,146.72000122070312,140.67999267578125,142.47999572753906,141.83099365234375,128138200.0
2022-09-30,361.7999877929688,365.9100036621094,357.0400085449219,357.17999267578125,352.8846740722656,153711200.0,141.27999877929688,143.10000610351562,138.0,138.1999969482422,137.57049560546875,124925300.0
2022-10-03,361.0799865722656,368.5499877929688,359.2099914550781,366.6099853515625,362.2012939453125,89756500.0,138.2100067138672,143.07000732421875,137.69000244140625,142.4499969482422,141.8011474609375,114311700.0
2022-10-04,372.3999938964844,378.0,366.5700073242188,377.9700012207031,373.4246826171875,103602800.0,145.02999877929688,146.22000122070312,144.25999450683594,146.10000610351562,145.4345245361328,87830100.0
2022-10-05,373.3900146484375,379.4599914550781,370.9500122070313,377.0899963378906,372.5552673339844,88065700.0,144.07000732421875,147.3800048828125,143.00999450683594,146.39999389648438,145.73313903808594,79471000.0
2022-10-06,375.6199951171875,378.7200012207031,372.6799926757813,373.2000122070313,368.7120666503906,82333500.0,145.80999755859375,147.5399932861328,145.22000122070312,145.42999267578125,144.76756286621094,68402200.0
2022-10-07,368.9700012207031,373.2900085449219,360.9400024414063,362.7900085449219,358.42724609375,107789500.0,142.5399932861328,143.10000610351562,139.4499969482422,140.08999633789062,139.45188903808594,85925600.0
2022-10-10,363.9599914550781,364.2099914550781,357.6700134277344,360.0199890136719,355.6905517578125,76042800.0,140.4199981689453,141.88999938964844,138.57000732421875,140.4199981689453,139.7803955078125,74899000.0
2022-10-11,358.239990234375,363.0299987792969,355.7099914550781,357.739990234375,353.4379577636719,92482800.0,139.89999389648438,141.35000610351562,138.22000122070312,138.97999572753906,138.34695434570312,77033700.0
2022-10-12,358.1700134277344,359.82000732421875,356.29998779296875,356.5599975585937,352.27215576171875,76991800.0,139.1300048828125,140.36000061035156,138.16000366210938,138.33999633789062,137.70985412597656,70433700.0
2022-10-13,349.2099914550781,367.510009765625,348.1099853515625,365.9700012207031,361.5690002441406,147254500.0,134.99000549316406,143.58999633789062,134.3699951171875,142.99000549316406,142.33868408203125,113224000.0
2022-10-14,368.5499877929688,370.260009765625,356.9599914550781,357.6300048828125,353.3293151855469,123737000.0,144.30999755859375,144.52000427246094,138.19000244140625,138.3800048828125,137.7496795654297,88598000.0
2022-10-17,364.010009765625,367.9800109863281,357.2799987792969,366.8200073242188,362.4087829589844,93168200.0,141.07000732421875,142.89999389648438,140.27000427246094,142.41000366210938,141.76133728027344,85250900.0
2022-10-18,375.1300048828125,375.4500122070313,367.5199890136719,371.1300048828125,366.6669616699219,97162900.0,145.49000549316406,146.6999969482422,140.61000061035156,143.75,143.09523010253906,99136600.0
2022-10-19,368.989990234375,371.8500061035156,365.5499877929688,368.5,364.0685729980469,79746900.0,141.69000244140625,144.9499969482422,141.5,143.86000061035156,143.20472717285156,61758300.0
2022-10-20,368.0299987792969,372.6700134277344,364.6099853515625,365.4100036621094,361.0157470703125,88283100.0,143.02000427246094,145.88999938964844,142.64999389648438,143.38999938964844,142.7368621826172,64522000.0
2022-10-21,365.1199951171875,374.7999877929688,363.5400085449219,374.2900085449219,369.7889709472656,131038400.0,142.8699951171875,147.85000610351562,142.64999389648438,147.27000427246094,146.5991973876953,86548600.0
2022-10-24,375.8900146484375,380.05999755859375,373.1099853515625,378.8699951171875,374.31390380859375,85436900.0,147.19000244140625,150.22999572753906,146.0,149.4499969482422,148.76925659179688,75981900.0
2022-10-25,378.7900085449219,385.25,378.6700134277344,384.9200134277344,380.2911071777344,78846300.0,150.08999633789062,152.49000549316406,149.36000061035156,152.33999633789062,151.64610290527344,74732300.0
2022-10-26,381.6199951171875,387.5799865722656,381.3500061035156,382.0199890136719,377.4259643554688,104087300.0,150.9600067138672,151.99000549316406,148.0399932861328,149.35000610351562,148.6697235107422,88194300.0
2022-10-27,383.0700073242188,385.0,379.3299865722656,379.9800109863281,375.4105224609375,81971800.0,148.07000732421875,149.0500030517578,144.1300048828125,144.8000030517578,144.14044189453125,109180200.0
2022-10-28,379.8699951171875,389.5199890136719,379.6799926757813,389.0199890136719,384.3417663574219,100302000.0,148.1999969482422,157.5,147.82000732421875,155.74000549316406,155.03060913085938,164762400.0
2022-10-31,386.4400024414063,388.3999938964844,385.260009765625,386.2099914550781,381.5656127929688,96631300.0,153.16000366210938,154.24000549316406,151.9199981689453,153.33999633789062,152.6415252685547,97943200.0
2022-11-01,390.1400146484375,390.3900146484375,383.2900085449219,384.5199890136719,379.8959045410156,85407600.0,155.0800018310547,155.4499969482422,149.1300048828125,150.64999389648438,149.9637908935547,80379300.0
2022-11-02,383.8999938964844,388.6300048828125,374.760009765625,374.8699951171875,370.3619689941406,126990400.0,148.9499969482422,152.1699981689453,145.0,145.02999877929688,144.369384765625,93604600.0
2022-11-03,371.4700012207031,374.2000122070313,368.7900085449219,371.010009765625,366.5484008789063,87100100.0,142.05999755859375,142.8000030517578,138.75,138.8800048828125,138.24740600585938,97918500.0
2022-11-04,377.0,378.8699951171875,370.0,376.3500061035156,371.8241882324219,103505200.0,142.08999633789062,142.6699981689453,134.3800048828125,138.3800048828125,137.9781951904297,140814800.0
2022-11-07,377.7099914550781,380.5700073242188,375.5299987792969,379.9500122070313,375.3808898925781,68286900.0,137.11000061035156,139.14999389648438,135.6699981689453,138.9199981689453,138.51661682128906,83374600.0
2022-11-08,381.1099853515625,385.1199951171875,377.7200012207031,382.0,377.40625,84641100.0,140.41000366210938,141.42999267578125,137.49000549316406,139.5,139.09494018554688,89908500.0
2022-11-09,379.9299926757813,381.1400146484375,373.6099853515625,374.1300048828125,369.6308898925781,78495500.0,138.5,138.5500030517578,134.58999633789062,134.8699951171875,134.47837829589844,74917800.0
2022-11-10,388.0499877929688,395.0400085449219,385.6400146484375,394.6900024414063,389.9436340332031,141455800.0,141.24000549316406,146.8699951171875,139.5,146.8699951171875,146.4435272216797,118854000.0
2022-11-11,395.5899963378906,399.3500061035156,393.6099853515625,398.510009765625,393.71771240234375,93839900.0,145.82000732421875,150.00999450683594,144.3699951171875,149.6999969482422,149.26531982421875,93979700.0
2022-11-14,396.6600036621094,400.1799926757813,394.8299865722656,395.1199951171875,390.3684692382813,71903500.0,148.97000122070312,150.27999877929688,147.42999267578125,148.27999877929688,147.8494415283203,73374100.0
2022-11-15,401.1499938964844,402.30999755859375,394.489990234375,398.489990234375,393.6979064941406,93194500.0,152.22000122070312,153.58999633789062,148.55999755859375,150.0399932861328,149.6043243408203,89868300.0
2022-11-16,396.7799987792969,397.7799987792969,394.7900085449219,395.4500122070313,390.6944885253906,68508500.0,149.1300048828125,149.8699951171875,147.2899932861328,148.7899932861328,148.3579559326172,64218300.0
2022-11-17,390.4599914550781,394.9500122070313,390.1400146484375,394.239990234375,389.4989929199219,74496300.0,146.42999267578125,151.47999572753906,146.14999389648438,150.72000122070312,150.2823486328125,80389400.0
2022-11-18,397.739990234375,397.80999755859375,393.0400085449219,396.0299987792969,391.2674865722656,92922500.0,152.30999755859375,152.6999969482422,149.97000122070312,151.2899932861328,150.85069274902344,74829600.0
2022-11-21,394.6400146484375,395.8200073242188,392.6600036621094,394.5899963378906,389.8448181152344,51243200.0,150.16000366210938,150.3699951171875,147.72000122070312,148.00999450683594,147.58023071289062,58724100.0
2022-11-22,396.6300048828125,400.0700073242188,395.1499938964844,399.8999938964844,395.0909729003906,60429000.0,148.1300048828125,150.4199981689453,146.92999267578125,150.17999267578125,149.74391174316406,51804100.0
2022-11-23,399.5499877929688,402.9299926757813,399.30999755859375,402.4200134277344,397.5806884765625,68261600.0,149.4499969482422,151.8300018310547,149.33999633789062,151.07000732421875,150.63134765625,58301400.0
2022-11-25,401.8299865722656,402.9100036621094,401.5400085449219,402.3299865722656,397.4917602539063,30545400.0,148.30999755859375,148.8800048828125,147.1199951171875,148.11000061035156,147.67994689941406,35195900.0
2022-11-28,399.0899963378906,400.80999755859375,395.1099853515625,395.9100036621094,391.1489562988281,67881600.0,145.13999938964844,146.63999938964844,143.3800048828125,144.22000122070312,143.80123901367188,69246000.0
2022-11-29,396.0499877929688,397.2999877929688,393.2999877929688,395.2300109863281,390.4771423339844,52310000.0,144.2899932861328,144.80999755859375,140.35000610351562,141.1699981689453,140.7600860595703,83763800.0
2022-11-30,395.489990234375,407.6799926757813,393.4800109863281,407.6799926757813,402.77740478515625,144566700.0,141.39999389648438,148.72000122070312,140.5500030517578,148.02999877929688,147.6001739501953,111380900.0
2022-12-01,408.7699890136719,410.0,404.75,407.3800048828125,402.4810180664063,76398200.0,148.2100067138672,149.1300048828125,146.61000061035156,148.30999755859375,147.8793487548828,71250400.0
2022-12-02,402.25,407.8599853515625,402.1400146484375,406.9100036621094,402.0166931152344,85342700.0,145.9600067138672,148.0,145.64999389648438,147.80999755859375,147.3808135986328,65447400.0
2022-12-05,403.9500122070313,404.9299926757813,398.1700134277344,399.5899963378906,394.78466796875,77289800.0,147.77000427246094,150.9199981689453,145.77000427246094,146.6300048828125,146.20423889160156,68826400.0
2022-12-06,399.4200134277344,399.989990234375,391.6400146484375,393.8299865722656,389.0939636230469,77972200.0,147.07000732421875,147.3000030517578,141.9199981689453,142.91000366210938,142.4950408935547,64727200.0
2022-12-07,392.9400024414063,395.6400146484375,391.9700012207031,393.1600036621094,388.4320373535156,65927900.0,142.19000244140625,143.3699951171875,140.0,140.94000244140625,140.53076171875,69721100.0
2022-12-08,395.1400146484375,397.3599853515625,393.2699890136719,396.239990234375,391.4749755859375,60737900.0,142.36000061035156,143.52000427246094,141.10000610351562,142.64999389648438,142.2357940673828,62128300.0
2022-12-09,394.9400024414063,397.6199951171875,393.1499938964844,393.2799987792969,388.5505676269531,81447700.0,142.33999633789062,145.57000732421875,140.89999389648438,142.16000366210938,141.74720764160156,76097000.0
2022-12-12,394.1099853515625,398.9500122070313,393.4100036621094,398.9500122070313,394.1524353027344,75405800.0,142.6999969482422,144.5,141.05999755859375,144.49000549316406,144.07044982910156,70462700.0
2022-12-13,410.2200012207031,410.489990234375,399.0700073242188,401.9700012207031,397.1360778808594,123782500.0,149.5,149.97000122070312,144.24000549316406,145.47000122070312,145.047607421875,93886200.0
2022-12-14,401.6099853515625,405.5,396.30999755859375,399.3999938964844,394.5969848632813,108111300.0,145.35000610351562,146.66000366210938,141.16000366210938,143.2100067138672,142.79417419433594,82291200.0
2022-12-15,394.2999877929688,395.25,387.8900146484375,389.6300048828125,384.9444885253906,117705900.0,141.11000061035156,141.8000030517578,136.02999877929688,136.5,136.10365295410156,98931900.0
2022-12-16,385.1799926757813,386.5799865722656,381.0400085449219,383.2699890136719,380.3997497558594,119858000.0,136.69000244140625,137.64999389648438,133.72999572753906,134.50999450683594,134.1194305419922,160156900.0
2022-12-19,383.4700012207031,383.8200073242188,378.2799987792969,380.0199890136719,377.1741027832031,79878100.0,135.11000061035156,135.1999969482422,131.32000732421875,132.3699951171875,131.98562622070312,79592600.0
2022-12-20,379.2300109863281,382.2300109863281,377.8500061035156,380.5400085449219,377.6902160644531,74427200.0,131.38999938964844,133.25,129.88999938964844,132.3000030517578,131.9158477783203,77432800.0
2022-12-21,383.25,387.4100036621094,382.6900024414063,386.2300109863281,383.3376159667969,78167400.0,132.97999572753906,136.80999755859375,132.75,135.4499969482422,135.05670166015625,85928000.0
2022-12-22,383.0499877929688,386.2099914550781,374.7699890136719,380.7200012207031,377.8688659667969,100120900.0,134.35000610351562,134.55999755859375,130.3000030517578,132.22999572753906,131.84603881835938,77852100.0
2022-12-23,379.6499938964844,383.05999755859375,378.0299987792969,382.9100036621094,380.04248046875,59857300.0,130.9199981689453,132.4199981689453,129.63999938964844,131.86000061035156,131.4771270751953,63814900.0
2022-12-27,382.7900085449219,383.1499938964844,379.6499938964844,381.3999938964844,378.5437927246094,51638200.0,131.3800048828125,131.41000366210938,128.72000122070312,130.02999877929688,129.65243530273438,69007800.0
2022-12-28,381.3299865722656,383.3900146484375,376.4200134277344,376.6600036621094,373.83929443359375,70911500.0,129.6699981689453,131.02999877929688,125.87000274658205,126.04000091552734,125.67401885986328,85438400.0
2022-12-29,379.6300048828125,384.3500061035156,379.0799865722656,383.4400024414063,380.5684814453125,66970900.0,127.98999786376952,130.47999572753906,127.7300033569336,129.61000061035156,129.23365783691406,75703700.0
2022-12-30,380.6400146484375,382.5799865722656,378.4299926757813,382.4299926757813,379.5660705566406,84022200.0,128.41000366210938,129.9499969482422,127.43000030517578,129.92999267578125,129.55271911621094,77034200.0
2023-01-03,384.3699951171875,386.4299926757813,377.8299865722656,380.8200073242188,377.9681396484375,74850700.0,130.27999877929688,130.89999389648438,124.16999816894533,125.06999969482422,124.7068328857422,112117500.0
2023-01-04,383.1799926757813,385.8800048828125,380.0,383.760009765625,380.8861389160156,85934100.0,126.88999938964844,128.66000366210938,125.08000183105467,126.36000061035156,125.99309539794922,89113600.0
2023-01-05,381.7200012207031,381.8399963378906,378.760009765625,379.3800048828125,376.5389099121094,76970500.0,127.12999725341795,127.7699966430664,124.76000213623048,125.0199966430664,124.656982421875,80962700.0
2023-01-06,382.6099853515625,389.25,379.4100036621094,388.0799865722656,385.1737365722656,104189600.0,126.01000213623048,130.2899932861328,124.88999938964844,129.6199951171875,129.24362182617188,87754700.0
2023-01-09,390.3699951171875,393.7000122070313,387.6700134277344,387.8599853515625,384.9553833007813,73978100.0,130.47000122070312,133.41000366210938,129.88999938964844,130.14999389648438,129.77207946777344,70790800.0
2023-01-10,387.25,390.6499938964844,386.2699890136719,390.5799865722656,387.655029296875,65358100.0,130.25999450683594,131.25999450683594,128.1199951171875,130.72999572753906,130.35040283203125,63896200.0
2023-01-11,392.2300109863281,395.6000061035156,391.3800048828125,395.5199890136719,392.5580139160156,68881100.0,131.25,133.50999450683594,130.4600067138672,133.49000549316406,133.10238647460938,69458900.0
2023-01-12,396.6700134277344,398.489990234375,392.4200134277344,396.9599914550781,393.98724365234375,90157700.0,133.8800048828125,134.25999450683594,131.44000244140625,133.41000366210938,133.02261352539062,71379600.0
2023-01-13,393.6199951171875,399.1000061035156,393.3399963378906,398.5,395.5157165527344,63903900.0,132.02999877929688,134.9199981689453,131.66000366210938,134.75999450683594,134.3686981201172,57809700.0
2023-01-17,398.4800109863281,400.2300109863281,397.05999755859375,397.7699890136719,394.7911987304688,62677300.0,134.8300018310547,137.2899932861328,134.1300048828125,135.94000244140625,135.54527282714844,63646600.0
2023-01-18,399.010009765625,400.1199951171875,391.2799987792969,391.489990234375,388.5581970214844,99632300.0,136.82000732421875,138.61000061035156,135.02999877929688,135.2100067138672,134.81739807128906,69672800.0
2023-01-19,389.3599853515625,391.0799865722656,387.260009765625,388.6400146484375,385.7295837402344,86958900.0,134.0800018310547,136.25,133.77000427246094,135.27000427246094,134.87722778320312,58280400.0
2023-01-20,390.1000061035156,396.0400085449219,388.3800048828125,395.8800048828125,392.9153442382813,91806400.0,135.27999877929688,138.02000427246094,134.22000122070312,137.8699951171875,137.46966552734375,80223600.0
2023-01-23,396.7200012207031,402.6499938964844,395.7200012207031,400.6300048828125,397.6297912597656,84178800.0,138.1199951171875,143.32000732421875,137.89999389648438,141.11000061035156,140.70025634765625,81760300.0
2023-01-24,398.8800048828125,401.1499938964844,397.6400146484375,400.2000122070313,397.2030029296875,59524900.0,140.30999755859375,143.16000366210938,140.3000030517578,142.52999877929688,142.1161346435547,66435100.0
2023-01-25,395.9500122070313,400.7000122070313,393.55999755859375,400.3500061035156,397.3518676757813,84800300.0,140.88999938964844,142.42999267578125,138.80999755859375,141.86000061035156,141.4480743408203,65799300.0
2023-01-26,403.1300048828125,404.9200134277344,400.0299987792969,404.75,401.7189025878906,72287400.0,143.1699981689453,144.25,141.89999389648438,143.9600067138672,143.5419921875,54105100.0
2023-01-27,403.6600036621094,408.1600036621094,403.4400024414063,405.6799926757813,402.6419372558594,68346200.0,143.16000366210938,147.22999572753906,143.0800018310547,145.92999267578125,145.50625610351562,70555800.0
2023-01-30,402.7999877929688,405.1300048828125,400.2799987792969,400.5899963378906,397.590087890625,74202000.0,144.9600067138672,145.5500030517578,142.85000610351562,143.0,142.58477783203125,64015300.0
2023-01-31,401.1300048828125,406.5299987792969,400.7699890136719,406.4800109863281,403.43597412109375,86811800.0,142.6999969482422,144.33999633789062,142.27999877929688,144.2899932861328,143.8710174560547,65874500.0
2023-02-01,405.2099914550781,413.6700134277344,402.3500061035156,410.7999877929688,407.72357177734375,101459200.0,143.97000122070312,146.61000061035156,141.32000732421875,145.42999267578125,145.00770568847656,77663600.0
2023-02-02,414.8599853515625,418.30999755859375,412.8800048828125,416.7799987792969,413.6588134765625,101654500.0,148.89999389648438,151.17999267578125,148.1699981689453,150.82000732421875,150.38206481933594,118339000.0
2023-02-03,411.5899963378906,416.9700012207031,411.0899963378906,412.3500061035156,409.2620239257813,94736800.0,148.02999877929688,157.3800048828125,147.8300018310547,154.5,154.05137634277344,154357300.0
2023-02-06,409.7900085449219,411.2900085449219,408.1000061035156,409.8299865722656,406.7608642578125,60295300.0,152.57000732421875,153.10000610351562,150.77999877929688,151.72999572753906,151.2894287109375,69858300.0
2023-02-07,408.8699951171875,416.489990234375,407.5700073242188,415.1900024414063,412.0807189941406,90990700.0,150.63999938964844,155.22999572753906,150.63999938964844,154.64999389648438,154.20094299316406,83322600.0
2023-02-08,413.1300048828125,414.5299987792969,409.9299926757813,410.6499938964844,407.5747375488281,76227500.0,153.8800048828125,154.5800018310547,151.1699981689453,151.9199981689453,151.4788818359375,64120100.0
2023-02-09,414.4100036621094,414.5700073242188,405.80999755859375,407.0899963378906,404.0413818359375,78694900.0,153.77999877929688,154.3300018310547,150.4199981689453,150.8699951171875,150.43191528320312,56007100.0
2023-02-10,405.8599853515625,408.4400024414063,405.010009765625,408.0400085449219,404.9842834472656,70769700.0,149.4600067138672,151.33999633789062,149.22000122070312,151.00999450683594,150.80140686035156,57450700.0
2023-02-13,408.7200012207031,412.9700012207031,408.239990234375,412.8299865722656,409.7383728027344,64913500.0,150.9499969482422,154.25999450683594,150.9199981689453,153.85000610351562,153.6374969482422,62199000.0
2023-02-14,411.239990234375,415.0499877929688,408.510009765625,412.6400146484375,409.5498352050781,88389300.0,152.1199951171875,153.77000427246094,150.86000061035156,153.1999969482422,152.98838806152344,61707600.0
2023-02-15,410.3500061035156,414.05999755859375,409.4700012207031,413.9800109863281,410.87982177734375,61555700.0,153.11000061035156,155.5,152.8800048828125,155.3300018310547,155.11544799804688,65573800.0
2023-02-16,408.7900085449219,412.9100036621094,408.1400146484375,408.2799987792969,405.2224731445313,76431500.0,153.50999450683594,156.3300018310547,153.35000610351562,153.7100067138672,153.49769592285156,68167900.0
2023-02-17,406.05999755859375,407.510009765625,404.0499877929688,407.260009765625,404.2101440429688,89257800.0,152.35000610351562,153.0,150.85000610351562,152.5500030517578,152.33929443359375,59144100.0
2023-02-21,403.05999755859375,404.1600036621094,398.8200073242188,399.0899963378906,396.101318359375,82655900.0,150.1999969482422,151.3000030517578,148.41000366210938,148.47999572753906,148.27490234375,58867200.0
2023-02-22,399.5199890136719,401.1300048828125,397.0199890136719,398.5400085449219,395.555419921875,83742300.0,148.8699951171875,149.9499969482422,147.16000366210938,148.91000366210938,148.70431518554688,51011300.0
2023-02-23,401.55999755859375,402.2000122070313,396.25,400.6600036621094,397.6595458984375,96242400.0,150.08999633789062,150.33999633789062,147.24000549316406,149.39999389648438,149.19363403320312,48394200.0
2023-02-24,395.4200134277344,397.25,393.6400146484375,396.3800048828125,393.4115905761719,108194400.0,147.11000061035156,147.19000244140625,145.72000122070312,146.7100067138672,146.50735473632812,55469600.0
2023-02-27,399.8699951171875,401.2900085449219,396.75,397.7300109863281,394.7514953613281,80444700.0,147.7100067138672,149.1699981689453,147.4499969482422,147.9199981689453,147.71568298339844,44998500.0
2023-02-28,397.2300109863281,399.2799987792969,396.1499938964844,396.260009765625,393.2925109863281,96438600.0,147.0500030517578,149.0800018310547,146.8300018310547,147.41000366210938,147.20639038085938,50547000.0
2023-03-01,395.4100036621094,396.6900024414063,393.3800048828125,394.739990234375,391.7838745117188,99706800.0,146.8300018310547,147.22999572753906,145.00999450683594,145.30999755859375,145.10928344726562,55479000.0
2023-03-02,392.6799926757813,398.6900024414063,392.3299865722656,397.80999755859375,394.8309020996094,85127800.0,144.3800048828125,146.7100067138672,143.89999389648438,145.91000366210938,145.70846557617188,52238100.0
2023-03-03,399.7099914550781,404.4500122070313,399.0299987792969,404.1900024414063,401.1631164550781,90120000.0,148.0399932861328,151.11000061035156,147.3300018310547,151.02999877929688,150.82138061523438,70732300.0
2023-03-06,405.0499877929688,407.4500122070313,404.010009765625,404.4700012207031,401.4410095214844,72795900.0,153.7899932861328,156.3000030517578,153.4600067138672,153.8300018310547,153.61752319335938,87558000.0
2023-03-07,404.4200134277344,404.6700134277344,397.6300048828125,398.2699890136719,395.2874450683594,108310600.0,153.6999969482422,154.02999877929688,151.1300048828125,151.60000610351562,151.39060974121094,56182000.0
2023-03-08,398.3900146484375,399.7099914550781,396.5899963378906,398.9200134277344,395.9325866699219,74746600.0,152.80999755859375,153.47000122070312,151.8300018310547,152.8699951171875,152.65884399414062,47204800.0
2023-03-09,399.739990234375,401.4800109863281,390.5299987792969,391.55999755859375,388.627685546875,111945300.0,153.55999755859375,154.5399932861328,150.22999572753906,150.58999633789062,150.38198852539062,53833600.0
2023-03-10,390.989990234375,393.1600036621094,384.3200073242188,385.9100036621094,383.02001953125,189253000.0,150.2100067138672,150.94000244140625,147.61000061035156,148.5,148.2948760986328,68572400.0
2023-03-13,381.80999755859375,390.3900146484375,380.6499938964844,385.3599853515625,382.47412109375,157790000.0,147.80999755859375,153.13999938964844,147.6999969482422,150.47000122070312,150.2621612548828,84457100.0
2023-03-14,390.5,393.4500122070313,387.0499877929688,391.7300109863281,388.7964172363281,149752400.0,151.27999877929688,153.39999389648438,150.10000610351562,152.58999633789062,152.3792266845703,73695900.0
2023-03-15,385.8900146484375,389.489990234375,383.7099914550781,389.2799987792969,386.36474609375,172996900.0,151.19000244140625,153.25,149.9199981689453,152.99000549316406,152.7786865234375,77167900.0
2023-03-16,386.8200073242188,396.4700012207031,386.2900085449219,396.1099853515625,393.14361572265625,143254200.0,152.16000366210938,156.4600067138672,151.63999938964844,155.85000610351562,155.63473510742188,76161100.0
2023-03-17,393.2200012207031,394.3999938964844,388.5499877929688,389.989990234375,388.5466918945313,140553400.0,156.0800018310547,156.74000549316406,154.27999877929688,155.0,154.78590393066406,98944600.0
2023-03-20,390.7999877929688,394.1700134277344,390.0700073242188,393.739990234375,392.2828063964844,93055800.0,155.07000732421875,157.82000732421875,154.14999389648438,157.39999389648438,157.18258666992188,73641400.0
2023-03-21,397.239990234375,399.4100036621094,395.5799865722656,398.9100036621094,397.4336853027344,91524200.0,157.32000732421875,159.39999389648438,156.5399932861328,159.27999877929688,159.0599822998047,73938300.0
2023-03-22,398.7300109863281,402.489990234375,392.0700073242188,392.1099853515625,390.6588439941406,111746600.0,159.3000030517578,162.13999938964844,157.80999755859375,157.8300018310547,157.61199951171875,75701800.0
2023-03-23,395.0899963378906,399.2900085449219,390.3500061035156,393.1700134277344,391.7149353027344,119351300.0,158.8300018310547,161.5500030517578,157.67999267578125,158.92999267578125,158.71046447753906,67622100.0
2023-03-24,391.8399963378906,395.8399963378906,389.3999938964844,395.75,394.285400390625,107682400.0,158.86000061035156,160.33999633789062,157.85000610351562,160.25,160.02865600585938,59196500.0
2023-03-27,398.1199951171875,398.9200134277344,395.55999755859375,396.489990234375,395.0226440429688,74010400.0,159.94000244140625,160.77000427246094,157.8699951171875,158.27999877929688,158.06137084960938,52390300.0
2023-03-28,395.7699890136719,396.489990234375,393.6900024414063,395.6000061035156,394.1359558105469,62871700.0,157.97000122070312,158.49000549316406,155.97999572753906,157.64999389648438,157.43223571777344,45992200.0
2023-03-29,399.9299926757813,401.6000061035156,398.6799926757813,401.3500061035156,399.8646545410156,77497900.0,159.3699951171875,161.0500030517578,159.35000610351562,160.77000427246094,160.54794311523438,51305700.0
2023-03-30,404.0899963378906,404.3500061035156,401.760009765625,403.7000122070313,402.2059631347656,69840000.0,161.52999877929688,162.47000122070312,161.27000427246094,162.36000061035156,162.1357421875,49501700.0
2023-03-31,404.6600036621094,409.7000122070313,404.5499877929688,409.3900146484375,407.8749084472656,112062600.0,162.44000244140625,165.0,161.91000366210938,164.89999389648438,164.67222595214844,68749800.0
2023-04-03,408.8500061035156,411.3699951171875,408.4400024414063,410.9500122070313,409.42913818359375,67391100.0,164.27000427246094,166.2899932861328,164.22000122070312,166.1699981689453,165.9404754638672,56976200.0
2023-04-04,411.6199951171875,411.9200134277344,407.239990234375,408.6700134277344,407.1575927734375,66601500.0,166.60000610351562,166.83999633789062,165.11000061035156,165.6300048828125,165.40122985839844,46278300.0
2023-04-05,407.9100036621094,408.7000122070313,405.8800048828125,407.6000061035156,406.091552734375,65200200.0,164.74000549316406,165.0500030517578,161.8000030517578,163.75999450683594,163.53379821777344,51511700.0
2023-04-06,406.7699890136719,409.4800109863281,405.6799926757813,409.1900024414063,407.6756591796875,63743300.0,162.42999267578125,164.9600067138672,162.0,164.66000366210938,164.43255615234375,45390100.0
2023-04-10,406.6099853515625,409.6900024414063,405.9700012207031,409.6099853515625,408.0940856933594,63681000.0,161.4199981689453,162.02999877929688,160.0800018310547,162.02999877929688,161.80618286132812,47716900.0
2023-04-11,410.260009765625,411.1799926757813,408.9200134277344,409.7200012207031,408.2036743164063,59297900.0,162.35000610351562,162.36000061035156,160.50999450683594,160.8000030517578,160.57789611816406,47644200.0
2023-04-12,411.8699951171875,412.1700134277344,407.4400024414063,408.0499877929688,406.5398559570313,86420400.0,161.22000122070312,162.05999755859375,159.77999877929688,160.10000610351562,159.8788604736328,50133100.0
2023-04-13,409.1799926757813,413.8399963378906,407.989990234375,413.4700012207031,411.9398193359375,85814800.0,161.6300048828125,165.8000030517578,161.4199981689453,165.55999755859375,165.33131408691406,68445600.0
2023-04-14,412.80999755859375,415.0899963378906,410.05999755859375,412.4599914550781,410.93353271484375,78161500.0,164.58999633789062,166.32000732421875,163.82000732421875,165.2100067138672,164.9818115234375,49386500.0
2023-04-17,412.3699951171875,413.9599914550781,411.0899963378906,413.9400024414063,412.4080810546875,66436400.0,165.08999633789062,165.38999938964844,164.02999877929688,165.22999572753906,165.00177001953125,41516200.0
2023-04-18,415.5799865722656,415.7200012207031,412.7799987792969,414.2099914550781,412.6770629882813,63560000.0,166.10000610351562,167.41000366210938,165.64999389648438,166.47000122070312,166.2400665283203,49923000.0
2023-04-19,412.2200012207031,415.0799865722656,412.1600036621094,414.1400146484375,412.6073303222656,55227300.0,165.8000030517578,168.16000366210938,165.5399932861328,167.6300048828125,167.39846801757812,47720200.0
2023-04-20,411.2099914550781,413.7000122070313,410.2699890136719,411.8800048828125,410.355712890625,75840400.0,166.08999633789062,167.8699951171875,165.55999755859375,166.64999389648438,166.4197998046875,52456400.0
2023-04-21,412.1900024414063,412.6799926757813,410.1700134277344,412.2000122070313,410.6745300292969,73457400.0,165.0500030517578,166.4499969482422,164.49000549316406,165.02000427246094,164.7920684814453,58337300.0
2023-04-24,411.989990234375,413.0700073242188,410.6000061035156,412.6300048828125,411.1029357910156,64332100.0,165.0,165.60000610351562,163.88999938964844,165.3300018310547,165.1016387939453,41949600.0
2023-04-25,410.5799865722656,411.1600036621094,406.0199890136719,406.0799865722656,404.5771484375,97766700.0,165.19000244140625,166.30999755859375,163.72999572753906,163.77000427246094,163.54379272460938,48714100.0
2023-04-26,406.7200012207031,407.8399963378906,403.7799987792969,404.3599853515625,402.8634948730469,80447000.0,163.05999755859375,165.27999877929688,162.8000030517578,163.75999450683594,163.53379821777344,45498800.0
2023-04-27,407.0,412.6900024414063,406.739990234375,412.4100036621094,410.88372802734375,92968400.0,165.19000244140625,168.55999755859375,165.19000244140625,168.41000366210938,168.17738342285156,64902300.0
2023-04-28,411.489990234375,415.9400024414063,411.4299926757813,415.9299926757813,414.39068603515625,89335600.0,168.49000549316406,169.85000610351562,167.8800048828125,169.67999267578125,169.44561767578125,55209200.0
2023-05-01,415.4700012207031,417.6199951171875,415.2699890136719,415.510009765625,413.9722595214844,62122300.0,169.27999877929688,170.4499969482422,168.63999938964844,169.58999633789062,169.35574340820312,52472900.0
2023-05-02,414.7699890136719,414.8200073242188,407.8200073242188,410.8399963378906,409.3195495605469,103998500.0,170.08999633789062,170.35000610351562,167.5399932861328,168.5399932861328,168.30718994140625,48425700.0
2023-05-03,411.3599853515625,413.8699951171875,407.7699890136719,408.0199890136719,406.5099792480469,91531800.0,169.5,170.9199981689453,167.16000366210938,167.4499969482422,167.2187042236328,65136000.0
2023-05-04,406.9299926757813,407.2699890136719,403.739990234375,405.1300048828125,403.6306762695313,94901900.0,164.88999938964844,167.0399932861328,164.30999755859375,165.7899932861328,165.5609893798828,81235400.0
2023-05-05,408.9100036621094,413.7200012207031,408.6400146484375,412.6300048828125,411.1029357910156,87844000.0,170.97999572753906,174.3000030517578,170.75999450683594,173.57000732421875,173.33026123046875,113316400.0
2023-05-08,412.9700012207031,413.239990234375,411.2799987792969,412.739990234375,411.2124938964844,50046800.0,172.47999572753906,173.85000610351562,172.11000061035156,173.5,173.26034545898438,55962800.0
2023-05-09,411.1300048828125,412.0899963378906,410.6900024414063,410.9299926757813,409.4092102050781,49220100.0,173.0500030517578,173.5399932861328,171.60000610351562,171.77000427246094,171.53274536132812,45326900.0
2023-05-10,413.8800048828125,414.5400085449219,408.8699951171875,412.8500061035156,411.3221130371094,96142900.0,173.02000427246094,174.02999877929688,171.89999389648438,173.55999755859375,173.3202667236328,53724500.0
2023-05-11,411.9500122070313,412.4299926757813,409.9700012207031,412.1300048828125,410.6047668457031,70157100.0,173.85000610351562,174.58999633789062,172.1699981689453,173.75,173.510009765625,49514700.0
2023-05-12,413.4200134277344,413.6400146484375,409.0700073242188,411.5899963378906,410.0667724609375,70439400.0,173.6199951171875,174.05999755859375,171.0,172.57000732421875,172.57000732421875,45497800.0
2023-05-15,412.2200012207031,413.4299926757813,410.2300109863281,413.010009765625,411.48150634765625,54289400.0,173.16000366210938,173.2100067138672,171.47000122070312,172.07000732421875,172.07000732421875,37266700.0
2023-05-16,411.8599853515625,412.8200073242188,410.239990234375,410.25,408.7317199707031,57705500.0,171.99000549316406,173.13999938964844,171.8000030517578,172.07000732421875,172.07000732421875,42110300.0
2023-05-17,412.3500061035156,415.8599853515625,410.6400146484375,415.2300109863281,413.69329833984375,87287000.0,171.7100067138672,172.92999267578125,170.4199981689453,172.69000244140625,172.69000244140625,57951600.0
2023-05-18,414.8999938964844,419.6700134277344,414.6700134277344,419.2300109863281,417.6784973144531,97177200.0,173.0,175.24000549316406,172.5800018310547,175.0500030517578,175.0500030517578,65496700.0
2023-05-19,420.1700134277344,420.7200012207031,417.3500061035156,418.6199951171875,417.07073974609375,103679700.0,176.38999938964844,176.38999938964844,174.94000244140625,175.16000366210938,175.16000366210938,55772400.0
2023-05-22,418.6400146484375,420.3900146484375,417.3500061035156,418.7900085449219,417.2401428222656,60745400.0,173.97999572753906,174.7100067138672,173.4499969482422,174.1999969482422,174.1999969482422,43570900.0
2023-05-23,417.0799865722656,418.7200012207031,413.6799926757813,414.0899963378906,412.5575256347656,86383500.0,173.1300048828125,173.3800048828125,171.27999877929688,171.55999755859375,171.55999755859375,50747300.0
2023-05-24,412.4200134277344,412.8200073242188,409.8800048828125,411.0899963378906,409.568603515625,89213700.0,171.08999633789062,172.4199981689453,170.52000427246094,171.83999633789062,171.83999633789062,45143500.0
2023-05-25,414.739990234375,416.1600036621094,412.4100036621094,414.6499938964844,413.1154479980469,90961600.0,172.41000366210938,173.89999389648438,171.69000244140625,172.99000549316406,172.99000549316406,56058300.0
2023-05-26,415.3299865722656,420.7699890136719,415.25,420.0199890136719,418.4655456542969,93830000.0,173.32000732421875,175.77000427246094,173.11000061035156,175.42999267578125,175.42999267578125,54835000.0
2023-05-30,422.0299987792969,422.5799865722656,418.739990234375,420.1799926757813,418.6249694824219,72216000.0,176.9600067138672,178.99000549316406,176.57000732421875,177.3000030517578,177.3000030517578,55964400.0
2023-05-31,418.2799987792969,419.2200012207031,416.2200012207031,417.8500061035156,416.3036193847656,110811800.0,177.3300018310547,179.35000610351562,176.75999450683594,177.25,177.25,99625300.0
2023-06-01,418.0899963378906,422.9200134277344,416.7900085449219,421.8200073242188,420.2589111328125,88865000.0,177.6999969482422,180.1199951171875,176.92999267578125,180.08999633789062,180.08999633789062,68901800.0
2023-06-02,424.5,428.739990234375,423.9500122070313,427.9200134277344,426.3363342285156,91366700.0,181.02999877929688,181.77999877929688,179.25999450683594,180.9499969482422,180.9499969482422,61945900.0
2023-06-05,428.2799987792969,429.6199951171875,426.3699951171875,427.1000061035156,425.5193786621094,65460200.0,182.6300048828125,184.9499969482422,178.0399932861328,179.5800018310547,179.5800018310547,121946500.0
2023-06-06,426.6700134277344,428.5799865722656,425.989990234375,428.0299987792969,426.4459228515625,64022200.0,179.97000122070312,180.1199951171875,177.42999267578125,179.2100067138672,179.2100067138672,64848400.0
2023-06-07,428.4400024414063,429.6199951171875,426.1099853515625,426.5499877929688,424.9713745117188,85373300.0,178.44000244140625,181.2100067138672,177.32000732421875,177.82000732421875,177.82000732421875,61944600.0
2023-06-08,426.6199951171875,429.6000061035156,425.8200073242188,429.1300048828125,427.5418701171875,61952800.0,177.89999389648438,180.83999633789065,177.4600067138672,180.57000732421875,180.57000732421875,50214900.0
2023-06-09,429.9599914550781,431.989990234375,428.8699951171875,429.8999938964844,428.3089904785156,85742800.0,181.5,182.22999572753903,180.6300048828125,180.9600067138672,180.9600067138672,48870700.0
2023-06-12,430.9200134277344,433.8800048828125,430.1700134277344,433.7999877929688,432.1945495605469,76104300.0,181.2700042724609,183.88999938964844,180.97000122070312,183.7899932861328,183.7899932861328,54274900.0
2023-06-13,435.3200073242188,437.3299865722656,434.6300048828125,436.6600036621094,435.0439758300781,95899700.0,182.8000030517578,184.1499938964844,182.44000244140625,183.30999755859372,183.30999755859372,54929100.0
2023-06-14,437.010009765625,439.05999755859375,433.5899963378906,437.1799926757813,435.5620422363281,100612100.0,183.3699951171875,184.38999938964844,182.0200042724609,183.9499969482422,183.9499969482422,57462900.0
2023-06-15,436.3299865722656,443.8999938964844,436.2300109863281,442.6000061035156,440.9620056152344,110303100.0,183.9600067138672,186.5200042724609,183.77999877929688,186.00999450683597,186.00999450683597,65433200.0
2023-06-16,443.0199890136719,443.6099853515625,438.9700012207031,439.4599914550781,439.4599914550781,114121300.0,186.72999572753903,186.9900054931641,184.2700042724609,184.9199981689453,184.9199981689453,101235600.0
2023-06-20,437.4500122070313,438.3699951171875,435.0299987792969,437.1799926757813,437.1799926757813,76160400.0,184.41000366210935,186.1000061035156,184.41000366210935,185.00999450683597,185.00999450683597,49799100.0
2023-06-21,436.1600036621094,436.989990234375,434.3299865722656,434.9400024414063,434.9400024414063,76982300.0,184.8999938964844,185.41000366210935,182.58999633789065,183.9600067138672,183.9600067138672,49515700.0
2023-06-22,433.9500122070313,436.6199951171875,433.6000061035156,436.510009765625,436.510009765625,70637200.0,183.7400054931641,187.0500030517578,183.6699981689453,187.0,187.0,51245300.0
2023-06-23,432.9299926757813,435.05999755859375,432.4700012207031,433.2099914550781,433.2099914550781,92028700.0,185.5500030517578,187.55999755859372,185.00999450683597,186.67999267578125,186.67999267578125,53079300.0
2023-06-26,432.6199951171875,434.6099853515625,431.1900024414063,431.4400024414063,431.4400024414063,72823600.0,186.8300018310547,188.0500030517578,185.22999572753903,185.2700042724609,185.2700042724609,48088700.0
2023-06-27,432.3500061035156,436.80999755859375,431.8800048828125,436.1700134277344,436.1700134277344,72813700.0,185.88999938964844,188.38999938964844,185.6699981689453,188.05999755859372,188.05999755859372,50730800.0
2023-06-28,435.0499877929688,437.4400024414063,434.4100036621094,436.3900146484375,436.3900146484375,75444400.0,187.92999267578125,189.8999938964844,187.6000061035156,189.25,189.25,51133200.0
