Date_open,Date_close,Price_open,Price_close,Points,Usdt,Pcnt_cng
2020-01-01 01:30:00,2020-01-01 02:15:00,7206.63,7221.5,-14.86999999999989,-0.14869999999999892,0.004908365556102454
2020-01-02 10:00:00,2020-01-02 10:45:00,7163.99,7157.81,6.1799999999993815,0.06179999999999382,0.003070542672562171
2020-01-03 04:30:00,2020-01-03 05:15:00,7239.6,7172.05,67.55000000000018,0.6755000000000019,0.04205290006102979
2020-01-03 16:15:00,2020-01-03 17:00:00,7364.14,7349.77,14.36999999999989,0.1436999999999989,0.013635087294290001
2020-01-06 21:15:00,2020-01-06 22:00:00,7576.94,7630.21,-53.27000000000044,-0.5327000000000044,0.005305859797398123
2020-01-07 08:15:00,2020-01-07 09:00:00,7904.0,7885.22,18.779999999999745,0.18779999999999747,0.0038240310697761426
2020-01-07 11:00:00,2020-01-07 11:45:00,7919.84,7899.86,19.980000000000473,0.19980000000000472,0.0057616576099724665
2020-01-07 18:30:00,2020-01-07 19:15:00,8075.8,8093.95,-18.149999999999636,-0.18149999999999636,0.016898358013498517
2020-01-07 23:30:00,2020-01-08 00:15:00,8181.97,8341.02,-159.05000000000018,-1.5905000000000018,0.015742704055537123
2020-01-08 05:00:00,2020-01-08 05:45:00,8348.36,8339.26,9.100000000000364,0.09100000000000363,0.004801124635462515
2020-01-09 19:45:00,2020-01-09 20:30:00,7921.34,7946.44,-25.099999999999454,-0.25099999999999456,0.012146255947908892
2020-01-10 14:30:00,2020-01-10 15:15:00,7955.0,8037.42,-82.42000000000007,-0.8242000000000007,0.011057447890188104
2020-01-10 18:15:00,2020-01-10 19:00:00,8093.24,8061.33,31.909999999999854,0.31909999999999855,0.020604425052176197
2020-01-10 23:45:00,2020-01-11 00:30:00,8207.09,8140.97,66.11999999999989,0.6611999999999989,0.016015657883660227
2020-01-11 16:00:00,2020-01-11 16:45:00,8129.96,8172.75,-42.789999999999964,-0.42789999999999967,0.007196597566610977
2020-01-14 14:15:00,2020-01-14 15:00:00,8688.3,8703.89,-15.590000000000146,-0.15590000000000145,0.01585583015402157
2020-01-16 05:45:00,2020-01-16 06:30:00,8709.66,8726.19,-16.530000000000655,-0.16530000000000655,0.005256159886982065
2020-01-17 16:15:00,2020-01-17 17:00:00,8893.02,8910.0,-16.979999999999563,-0.16979999999999565,0.006020498201316904
2020-01-19 01:00:00,2020-01-19 01:45:00,9125.0,9154.23,-29.229999999999563,-0.2922999999999956,0.019655607826485302
2020-01-19 21:15:00,2020-01-19 22:00:00,8739.99,8631.92,108.06999999999971,1.080699999999997,0.010264483845574917
2020-01-22 07:00:00,2020-01-22 07:45:00,8763.24,8745.0,18.23999999999978,0.18239999999999781,0.0032708734273876067
2020-01-23 15:30:00,2020-01-23 16:15:00,8395.88,8358.93,36.94999999999891,0.3694999999999891,0.0029158558771637307
2020-01-26 08:15:00,2020-01-26 09:00:00,8466.95,8417.0,49.95000000000073,0.49950000000000727,0.012822138434596269
2020-01-26 17:00:00,2020-01-26 17:45:00,8588.0,8577.08,10.920000000000073,0.10920000000000073,0.015128823724794625
2020-01-27 00:15:00,2020-01-27 01:00:00,8689.1,8678.46,10.640000000001237,0.10640000000001237,0.01262002072065468
2020-01-28 14:15:00,2020-01-28 15:00:00,9189.65,9049.0,140.64999999999964,1.4064999999999963,0.012075991189427272
2020-01-29 06:15:00,2020-01-29 07:00:00,9377.67,9350.0,27.670000000000073,0.2767000000000007,0.0014266934776828815
2020-01-30 07:30:00,2020-01-30 08:15:00,9385.04,9382.32,2.720000000001164,0.027200000000011642,0.00549188003145566
2020-01-31 16:00:00,2020-01-31 16:45:00,9350.0,9297.85,52.149999999999636,0.5214999999999964,0.0058652162126109075
2020-02-05 05:00:00,2020-02-05 05:45:00,9246.54,9280.01,-33.469999999999345,-0.33469999999999345,0.0017919826652221965
2020-02-05 06:00:00,2020-02-05 06:45:00,9294.79,9268.0,26.790000000000873,0.26790000000000874,0.005602071186767152
2020-02-05 16:00:00,2020-02-05 16:45:00,9561.05,9578.31,-17.26000000000022,-0.1726000000000022,0.010189537656596382
2020-02-07 22:45:00,2020-02-07 23:30:00,9821.79,9824.7,-2.9099999999998545,-0.029099999999998544,0.005142485217273837
2020-02-08 08:15:00,2020-02-08 09:00:00,9809.93,9812.7,-2.7700000000004366,-0.027700000000004367,0.003800347700093772
2020-02-10 23:15:00,2020-02-11 00:00:00,9874.75,9855.83,18.920000000000073,0.18920000000000073,0.004669925779719869
2020-02-11 08:45:00,2020-02-11 09:30:00,9804.28,9797.85,6.430000000000291,0.06430000000000291,0.005244470236734408
2020-02-11 11:45:00,2020-02-11 12:30:00,9812.27,9862.87,-50.600000000000364,-0.5060000000000037,0.0018030324841928217
2020-02-11 15:30:00,2020-02-11 16:15:00,10163.64,10238.4,-74.76000000000022,-0.7476000000000022,0.030103520759895343
2020-02-12 13:00:00,2020-02-12 13:45:00,10386.34,10387.0,-0.6599999999998545,-0.0065999999999985445,0.006428294573643425
2020-02-12 16:45:00,2020-02-12 17:30:00,10355.37,10351.36,4.010000000000218,0.04010000000000218,0.0022619047619048395
2020-02-13 06:00:00,2020-02-13 06:45:00,10449.56,10466.02,-16.460000000000946,-0.16460000000000946,0.00227319377010615
2020-02-14 09:30:00,2020-02-14 10:15:00,10215.62,10253.01,-37.38999999999942,-0.3738999999999942,0.0036784572487419663
2020-02-14 14:15:00,2020-02-14 15:00:00,10320.68,10287.09,33.590000000000146,0.3359000000000015,0.006107410487198773
2020-02-16 02:45:00,2020-02-16 03:30:00,10053.92,10025.11,28.80999999999949,0.2880999999999949,0.012026848015590164
2020-02-17 20:00:00,2020-02-17 20:45:00,9682.84,9633.46,49.38000000000102,0.4938000000000102,0.004485663305531327
2020-02-17 23:15:00,2020-02-18 00:00:00,9686.98,9675.26,11.719999999999345,0.11719999999999345,0.006954204123042598
2020-02-18 15:00:00,2020-02-18 15:45:00,9751.54,9837.99,-86.44999999999891,-0.864499999999989,0.011063958618244277
2020-02-23 04:00:00,2020-02-23 04:45:00,9887.15,9859.27,27.8799999999992,0.278799999999992,0.020420484885889344
2020-02-23 14:15:00,2020-02-23 15:00:00,9896.65,9884.0,12.649999999999636,0.12649999999999637,0.0026614983415026005
2020-02-27 12:15:00,2020-02-27 13:00:00,8890.78,8828.0,62.780000000000655,0.6278000000000066,0.00947620842662705
2020-02-27 16:30:00,2020-02-27 17:15:00,8970.36,8923.25,47.11000000000058,0.47110000000000585,0.01346945139270209
2020-02-28 01:45:00,2020-02-28 02:30:00,8899.19,8867.36,31.829999999999927,0.3182999999999993,0.007065946190624439
2020-03-01 12:00:00,2020-03-01 12:45:00,8715.13,8583.27,131.85999999999876,1.3185999999999876,0.01601822393570323
2020-03-02 06:15:00,2020-03-02 07:00:00,8688.48,8637.8,50.68000000000029,0.5068000000000029,0.0054958980394607315
2020-03-02 10:30:00,2020-03-02 11:15:00,8745.0,8743.11,1.889999999999418,0.01889999999999418,0.005112338113124223
2020-03-02 13:00:00,2020-03-02 13:45:00,8778.8,8829.97,-51.17000000000007,-0.5117000000000007,0.0048728112698497765
2020-03-02 21:15:00,2020-03-02 22:00:00,8915.28,8942.01,-26.729999999999563,-0.26729999999999565,0.005172841454889961
2020-03-05 00:30:00,2020-03-05 01:15:00,8849.21,8865.57,-16.360000000000582,-0.16360000000000582,0.010647580282275608
2020-03-06 02:30:00,2020-03-06 03:15:00,9079.43,9062.35,17.079999999999927,0.17079999999999929,0.005722343391557367
2020-03-06 05:30:00,2020-03-06 06:15:00,9110.45,9109.38,1.070000000001528,0.010700000000015279,0.006209252470944649
2020-03-07 15:00:00,2020-03-07 15:45:00,9119.97,9121.03,-1.0600000000013097,-0.010600000000013097,0.002314562953144881
2020-03-10 10:30:00,2020-03-10 11:15:00,8030.0,8102.87,-72.86999999999989,-0.7286999999999989,0.01759437142321283
2020-03-11 13:15:00,2020-03-11 14:00:00,7883.32,7856.94,26.38000000000011,0.2638000000000011,0.007378366843096586
2020-03-12 22:00:00,2020-03-12 22:45:00,5879.23,5797.19,82.03999999999996,0.8203999999999997,0.05003500575094473
2020-03-17 01:15:00,2020-03-17 02:00:00,5239.01,5193.51,45.5,0.455,0.0474395859032776
2020-03-17 07:15:00,2020-03-17 08:00:00,5355.06,5400.92,-45.85999999999967,-0.45859999999999673,0.02140442966026052
2020-03-18 03:15:00,2020-03-18 04:00:00,5397.03,5378.28,18.75,0.1875,0.007884500103645012
2020-03-19 05:45:00,2020-03-19 06:30:00,5362.6,5381.71,-19.109999999999673,-0.19109999999999672,0.010550992064613886
2020-03-19 12:15:00,2020-03-19 13:00:00,5721.08,5848.12,-127.03999999999996,-1.2703999999999998,0.027862019403521367
2020-03-19 16:15:00,2020-03-19 17:00:00,6222.08,6209.57,12.510000000000218,0.12510000000000218,0.059818869030078846
2020-03-22 03:45:00,2020-03-22 04:30:00,6348.31,6313.55,34.76000000000022,0.3476000000000022,0.013799326083137829
2020-03-23 16:15:00,2020-03-23 17:00:00,6257.79,6332.09,-74.30000000000018,-0.7430000000000019,0.015815634151250948
2020-03-24 00:15:00,2020-03-24 01:00:00,6593.51,6556.88,36.63000000000011,0.3663000000000011,0.02301409735647413
2020-03-24 08:15:00,2020-03-24 09:00:00,6757.65,6691.75,65.89999999999964,0.6589999999999964,0.03065432705066296
2020-03-25 09:15:00,2020-03-25 10:00:00,6890.21,6900.15,-9.9399999999996,-0.099399999999996,0.026456137841856107
2020-03-25 19:00:00,2020-03-25 19:45:00,6648.8,6618.01,30.789999999999964,0.3078999999999996,0.005048825467847832
2020-03-30 20:15:00,2020-03-30 21:00:00,6434.83,6531.51,-96.68000000000029,-0.9668000000000029,0.013032013287049022
2020-03-31 08:30:00,2020-03-31 09:15:00,6491.99,6477.79,14.199999999999818,0.14199999999999818,0.007797558431236116
2020-04-01 20:15:00,2020-04-01 21:00:00,6253.83,6359.35,-105.52000000000044,-1.0552000000000044,0.010461974962353049
2020-04-01 22:30:00,2020-04-01 23:15:00,6559.01,6566.19,-7.1799999999993815,-0.07179999999999381,0.03327782827670186
2020-04-02 06:45:00,2020-04-02 07:30:00,6635.0,6642.95,-7.949999999999818,-0.07949999999999818,0.0050746042566083465
2020-04-03 07:30:00,2020-04-03 08:15:00,6924.93,6903.97,20.960000000000036,0.20960000000000037,0.019337431332026197
2020-04-04 08:15:00,2020-04-04 09:00:00,6748.93,6750.8,-1.8699999999998909,-0.01869999999999891,0.004544236723029391
2020-04-05 05:30:00,2020-04-05 06:15:00,6816.52,6779.01,37.51000000000022,0.3751000000000022,0.006588992749450052
2020-04-06 21:30:00,2020-04-06 22:15:00,7263.58,7243.72,19.859999999999673,0.19859999999999672,0.007238559055270949
2020-04-07 00:15:00,2020-04-07 01:00:00,7410.0,7401.49,8.510000000000218,0.08510000000000219,0.01908900869182531
2020-04-08 20:15:00,2020-04-08 21:00:00,7346.23,7340.41,5.819999999999709,0.05819999999999709,0.009042085599692315
2020-04-09 08:00:00,2020-04-09 08:45:00,7336.51,7324.88,11.63000000000011,0.1163000000000011,0.004016608367683254
2020-04-12 16:00:00,2020-04-12 16:45:00,7035.4,7138.26,-102.86000000000058,-1.0286000000000057,0.009403345260880415
2020-04-14 04:00:00,2020-04-14 04:45:00,6906.35,6880.79,25.5600000000004,0.255600000000004,0.008666556642972646
2020-04-14 16:30:00,2020-04-14 17:15:00,6942.41,6930.73,11.680000000000291,0.11680000000000292,0.006060351361260372
2020-04-15 04:00:00,2020-04-15 04:45:00,6906.56,6887.19,19.3700000000008,0.193700000000008,0.004590545454545513
2020-04-17 09:30:00,2020-04-17 10:15:00,7105.6,7093.1,12.5,0.125,0.00699950823459057
2020-04-22 05:45:00,2020-04-22 06:30:00,6896.19,6893.0,3.1899999999996,0.031899999999996,0.006280323646790157
2020-04-22 13:15:00,2020-04-22 14:00:00,7041.47,7052.97,-11.5,-0.115,0.014792119132476272
2020-04-23 01:15:00,2020-04-23 02:00:00,7129.43,7135.01,-5.579999999999927,-0.055799999999999274,0.0031221683804121586
2020-04-24 09:15:00,2020-04-24 10:00:00,7603.22,7539.72,63.5,0.635,0.007450652511796156
2020-04-24 20:00:00,2020-04-24 20:45:00,7528.97,7524.4,4.5700000000006185,0.04570000000000619,0.0026768341974225634
2020-04-25 05:00:00,2020-04-25 05:45:00,7530.8,7563.01,-32.210000000000036,-0.3221000000000004,0.003598176923691996
2020-04-26 23:30:00,2020-04-27 00:15:00,7666.89,7749.08,-82.1899999999996,-0.821899999999996,0.0072175986442370894
2020-04-28 09:30:00,2020-04-28 10:15:00,7730.26,7726.38,3.880000000000109,0.03880000000000109,0.005107281516789883
2020-04-28 16:15:00,2020-04-28 17:00:00,7731.32,7718.34,12.979999999999563,0.12979999999999564,0.002747031830809736
2020-04-29 02:00:00,2020-04-29 02:45:00,7759.94,7781.77,-21.830000000000837,-0.21830000000000838,0.0019302800907425083
2020-04-29 13:00:00,2020-04-29 13:45:00,8304.51,8295.5,9.010000000000218,0.09010000000000218,0.020666489683347413
2020-04-30 05:30:00,2020-04-30 06:15:00,9293.45,9375.51,-82.05999999999949,-0.8205999999999949,0.013461272125112242
2020-05-01 04:30:00,2020-05-01 05:15:00,8757.25,8817.4,-60.149999999999636,-0.6014999999999964,0.008794008923027672
2020-05-01 10:00:00,2020-05-01 10:45:00,8868.9,8911.14,-42.23999999999978,-0.42239999999999783,0.008667427146868491
2020-05-06 22:00:00,2020-05-06 22:45:00,9329.0,9358.66,-29.659999999999854,-0.29659999999999853,0.006532915428145943
2020-05-07 12:45:00,2020-05-07 13:30:00,9375.83,9500.0,-124.17000000000007,-1.2417000000000007,0.010615100217195595
2020-05-09 16:15:00,2020-05-09 17:00:00,9756.6,9742.99,13.610000000000582,0.13610000000000583,0.01062143802710993
2020-05-10 07:00:00,2020-05-10 07:45:00,8640.49,8807.73,-167.23999999999978,-1.6723999999999979,0.005868397034719101
2020-05-13 20:00:00,2020-05-13 20:45:00,9242.0,9281.0,-39.0,-0.39,0.01817669034186365
2020-05-14 09:00:00,2020-05-14 09:45:00,9685.51,9800.0,-114.48999999999978,-1.1448999999999978,0.01648006817456726
2020-05-19 22:45:00,2020-05-19 23:30:00,9754.14,9749.85,4.289999999999054,0.04289999999999054,0.008994340651212906
2020-05-20 06:15:00,2020-05-20 07:00:00,9797.5,9732.01,65.48999999999978,0.6548999999999978,0.006316762530813476
2020-05-22 10:00:00,2020-05-22 10:45:00,9160.86,9160.4,0.4600000000009459,0.0046000000000094585,0.009719289118540529
2020-05-23 14:30:00,2020-05-23 15:15:00,9207.5,9184.99,22.51000000000022,0.2251000000000022,0.0063523430002908185
2020-05-27 23:30:00,2020-05-28 00:15:00,9180.44,9190.99,-10.549999999999272,-0.10549999999999272,0.009035823451374712
2020-05-30 04:15:00,2020-05-30 05:00:00,9491.71,9510.35,-18.640000000001237,-0.18640000000001236,0.013692529502856744
2020-05-30 22:15:00,2020-05-30 23:00:00,9548.88,9698.79,-149.91000000000167,-1.4991000000000168,0.011748251748251663
2020-06-05 01:15:00,2020-06-05 02:00:00,9812.2,9820.01,-7.809999999999491,-0.07809999999999491,0.0013797776843412007
2020-06-06 12:00:00,2020-06-06 12:45:00,9715.69,9646.81,68.88000000000102,0.6888000000000102,0.0050159301555776
2020-06-07 18:30:00,2020-06-07 19:15:00,9524.39,9539.99,-15.600000000000364,-0.15600000000000364,0.003198855700746257
2020-06-07 19:45:00,2020-06-07 20:30:00,9771.75,9720.01,51.73999999999978,0.5173999999999979,0.025750437729099167
2020-06-08 23:30:00,2020-06-09 00:15:00,9786.85,9661.97,124.88000000000102,1.2488000000000101,0.009454172636121607
2020-06-09 21:00:00,2020-06-09 21:45:00,9795.01,9809.3,-14.289999999999054,-0.14289999999999053,0.007716041444401806
2020-06-10 22:15:00,2020-06-10 23:00:00,9878.87,9881.83,-2.959999999999127,-0.02959999999999127,0.0032446693991624517
2020-06-12 13:45:00,2020-06-12 14:30:00,9536.9,9463.48,73.42000000000007,0.7342000000000007,0.009107136621862811
2020-06-16 02:45:00,2020-06-16 03:30:00,9451.81,9554.09,-102.28000000000065,-1.0228000000000066,0.0074397703690359815
2020-06-17 07:45:00,2020-06-17 08:30:00,9508.72,9501.78,6.93999999999869,0.0693999999999869,0.0027111644931302535
2020-06-18 05:45:00,2020-06-18 06:30:00,9420.86,9434.5,-13.639999999999418,-0.1363999999999942,0.0013999185772490454
2020-06-18 23:30:00,2020-06-19 00:15:00,9399.5,9357.5,42.0,0.42,0.0025737650887377454
2020-06-19 22:00:00,2020-06-19 22:45:00,9335.27,9296.5,38.77000000000044,0.3877000000000044,0.004863246750031517
2020-06-20 03:15:00,2020-06-20 04:00:00,9337.1,9304.0,33.100000000000364,0.3310000000000036,0.0023197920882315993
2020-06-20 22:15:00,2020-06-20 23:00:00,9381.0,9348.0,33.0,0.33,0.006120809572787409
2020-06-22 16:00:00,2020-06-22 16:45:00,9522.29,9584.75,-62.45999999999913,-0.6245999999999913,0.005210637046827178
2020-06-22 21:00:00,2020-06-22 21:45:00,9704.23,9692.19,12.039999999999054,0.12039999999999054,0.012267084470768182
2020-06-23 11:30:00,2020-06-23 12:15:00,9637.48,9648.68,-11.200000000000728,-0.11200000000000727,0.004556081707191138
2020-06-23 15:45:00,2020-06-23 16:30:00,9695.89,9664.47,31.420000000000073,0.31420000000000076,0.0037153209109730247
2020-06-24 13:00:00,2020-06-24 13:45:00,9424.32,9355.29,69.02999999999884,0.6902999999999884,0.005917462919794096
2020-06-28 06:30:00,2020-06-28 07:15:00,8998.0,8998.99,-0.9899999999997817,-0.009899999999997817,0.004353164415671392
2020-06-29 20:00:00,2020-06-29 20:45:00,9157.25,9181.03,-23.780000000000655,-0.23780000000000656,0.0019355417547453609
2020-06-30 09:30:00,2020-06-30 10:15:00,9162.88,9148.99,13.889999999999418,0.1388999999999942,0.0030498017519391047
2020-07-01 08:30:00,2020-07-01 09:15:00,9175.11,9166.54,8.569999999999709,0.0856999999999971,0.004231402787734826
2020-07-02 21:45:00,2020-07-02 22:30:00,9125.76,9095.64,30.1200000000008,0.301200000000008,0.005815055659649533
2020-07-03 12:00:00,2020-07-03 12:45:00,9103.44,9107.44,-4.0,-0.04,0.0030675657807748406
2020-07-06 06:00:00,2020-07-06 06:45:00,9146.37,9222.0,-75.6299999999992,-0.756299999999992,0.006953488909757858
2020-07-08 13:30:00,2020-07-08 14:15:00,9327.14,9416.69,-89.55000000000109,-0.895500000000011,0.0033552245870512093
2020-07-08 22:15:00,2020-07-08 23:00:00,9437.97,9448.09,-10.1200000000008,-0.101200000000008,0.0008717092181658416
2020-07-10 23:30:00,2020-07-11 00:15:00,9289.6,9273.75,15.850000000000364,0.15850000000000364,0.0068193543072914715
2020-07-13 08:15:00,2020-07-13 09:00:00,9278.5,9283.45,-4.950000000000728,-0.049500000000007274,0.001074602904017151
2020-07-17 18:30:00,2020-07-17 19:15:00,9162.58,9154.25,8.329999999999927,0.08329999999999928,0.0015565665464991223
2020-07-24 21:00:00,2020-07-24 21:45:00,9620.18,9594.46,25.720000000001164,0.25720000000001164,0.004939991998236778
2020-07-25 03:30:00,2020-07-25 04:15:00,9600.88,9572.05,28.829999999999927,0.2882999999999993,0.002806556500358677
2020-07-25 11:30:00,2020-07-25 12:15:00,9593.42,9598.81,-5.389999999999418,-0.05389999999999418,0.0011552489733728897
2020-07-25 17:00:00,2020-07-25 17:45:00,9630.84,9688.1,-57.26000000000022,-0.5726000000000022,0.0032145900303959573
2020-07-26 08:45:00,2020-07-26 09:30:00,9775.0,9772.0,3.0,0.03,0.006303422872890707
2020-07-27 05:45:00,2020-07-27 06:30:00,10300.0,10246.27,53.72999999999956,0.5372999999999957,0.007657216537709413
2020-07-27 16:30:00,2020-07-27 17:15:00,10456.07,10811.36,-355.2900000000009,-3.5529000000000086,0.014156977956588157
2020-07-27 22:00:00,2020-07-27 22:45:00,11278.42,11239.23,39.19000000000051,0.3919000000000051,0.039473259767394575
2020-07-31 15:00:00,2020-07-31 15:45:00,11254.65,11355.05,-100.39999999999964,-1.0039999999999965,0.007644188026612231
2020-08-01 05:30:00,2020-08-01 06:15:00,11554.99,11716.93,-161.9400000000005,-1.619400000000005,0.01393270218783268
2020-08-01 16:30:00,2020-08-01 17:15:00,11693.02,11715.99,-22.969999999999345,-0.22969999999999346,0.004371193243848097
2020-08-01 19:30:00,2020-08-01 20:15:00,11852.49,11833.38,19.110000000000582,0.19110000000000582,0.01407340862422996
2020-08-02 00:00:00,2020-08-02 00:45:00,11869.0,11796.38,72.6200000000008,0.7262000000000081,0.00847547634726087
2020-08-04 07:30:00,2020-08-04 08:15:00,11313.72,11315.93,-2.210000000000946,-0.02210000000000946,0.00517168924375698
2020-08-05 04:00:00,2020-08-05 04:45:00,11263.77,11258.94,4.829999999999927,0.048299999999999274,0.005121189893614284
2020-08-05 06:00:00,2020-08-05 06:45:00,11319.99,11284.15,35.840000000000146,0.35840000000000144,0.006987538962979767
2020-08-06 12:30:00,2020-08-06 13:15:00,11779.99,11786.85,-6.860000000000582,-0.06860000000000582,0.006712849016873075
2020-08-07 00:15:00,2020-08-07 01:00:00,11815.66,11839.54,-23.88000000000102,-0.2388000000000102,0.0040567916845117725
2020-08-08 21:00:00,2020-08-08 21:45:00,11739.99,11770.66,-30.670000000000073,-0.30670000000000075,0.004620058189286307
2020-08-11 01:30:00,2020-08-11 02:15:00,11929.17,11901.32,27.850000000000364,0.27850000000000363,0.004208202923097367
2020-08-12 03:45:00,2020-08-12 04:30:00,11386.45,11322.63,63.82000000000153,0.6382000000000153,0.00827057349431743
2020-08-12 07:45:00,2020-08-12 08:30:00,11450.69,11443.7,6.989999999999782,0.06989999999999782,0.009961412096756456
2020-08-12 19:15:00,2020-08-12 20:00:00,11565.88,11580.23,-14.350000000000364,-0.14350000000000365,0.005052251788796012
2020-08-13 11:15:00,2020-08-13 12:00:00,11590.73,11507.5,83.22999999999956,0.8322999999999956,0.019127439179333065
2020-08-14 16:15:00,2020-08-14 17:00:00,11849.09,11808.76,40.32999999999993,0.40329999999999927,0.012974766869676168
2020-08-15 00:30:00,2020-08-15 01:15:00,11955.75,11924.34,31.409999999999854,0.31409999999999855,0.0159637794031046
2020-08-15 21:30:00,2020-08-15 22:15:00,11974.96,11947.12,27.839999999998327,0.27839999999998327,0.008985264974318136
2020-08-16 15:45:00,2020-08-16 16:30:00,11867.06,11885.0,-17.94000000000051,-0.17940000000000508,0.0033880133491276908
2020-08-16 21:30:00,2020-08-16 22:15:00,11885.65,11864.99,20.659999999999854,0.20659999999999856,0.0030312926961205086
2020-08-20 18:45:00,2020-08-20 19:30:00,11867.46,11858.36,9.099999999998545,0.09099999999998545,0.0025859920502497506
2020-08-22 12:00:00,2020-08-22 12:45:00,11590.91,11593.3,-2.389999999999418,-0.02389999999999418,0.003183277321615791
2020-08-24 06:30:00,2020-08-24 07:15:00,11732.31,11764.15,-31.840000000000146,-0.31840000000000146,0.006216214130051602
2020-08-26 10:15:00,2020-08-26 11:00:00,11433.56,11417.3,16.26000000000022,0.1626000000000022,0.006155614281025036
2020-08-26 14:00:00,2020-08-26 14:45:00,11467.28,11450.0,17.280000000000655,0.17280000000000656,0.017460642793702925
2020-08-27 13:15:00,2020-08-27 14:00:00,11550.5,11286.75,263.75,2.6375,0.0236166043808894
2020-08-28 06:00:00,2020-08-28 06:45:00,11403.71,11434.96,-31.25,-0.3125,0.002142481147835523
2020-08-28 23:30:00,2020-08-29 00:15:00,11529.99,11495.59,34.399999999999636,0.34399999999999636,0.004972570239188845
2020-08-30 01:30:00,2020-08-30 02:15:00,11619.88,11635.31,-15.430000000000291,-0.1543000000000029,0.009714035952099702
2020-09-01 03:30:00,2020-09-01 04:15:00,11692.1,11707.68,-15.579999999999927,-0.15579999999999927,0.004829879940528943
2020-09-01 15:00:00,2020-09-01 15:45:00,11929.78,12049.13,-119.34999999999854,-1.1934999999999856,0.00649721541884304
2020-09-06 21:30:00,2020-09-06 22:15:00,10336.39,10241.06,95.32999999999993,0.9532999999999993,0.010390915426941432
2020-09-10 14:00:00,2020-09-10 14:45:00,10447.07,10364.85,82.21999999999935,0.8221999999999935,0.00801913554278486
2020-09-11 22:00:00,2020-09-11 22:45:00,10378.57,10360.15,18.420000000000073,0.18420000000000072,0.005132888547557181
2020-09-12 18:00:00,2020-09-12 18:45:00,10430.7,10451.37,-20.670000000000073,-0.20670000000000074,0.006128968782193086
2020-09-13 19:30:00,2020-09-13 20:15:00,10308.44,10294.15,14.290000000000873,0.14290000000000874,0.005045487384331592
2020-09-14 02:00:00,2020-09-14 02:45:00,10354.85,10346.35,8.5,0.085,0.006024576307413718
2020-09-14 07:45:00,2020-09-14 08:30:00,10395.81,10414.93,-19.1200000000008,-0.191200000000008,0.0048610413009688306
2020-09-15 12:30:00,2020-09-15 13:15:00,10914.37,10870.01,44.36000000000058,0.4436000000000058,0.009280553652160538
2020-09-15 20:15:00,2020-09-15 21:00:00,10823.1,10827.06,-3.959999999999127,-0.03959999999999127,0.006321646175631842
2020-09-16 06:45:00,2020-09-16 07:30:00,10831.1,10874.41,-43.30999999999949,-0.43309999999999493,0.006567581407062735
2020-09-16 15:30:00,2020-09-16 16:15:00,10973.62,11009.18,-35.55999999999949,-0.3555999999999949,0.00845369673477242
2020-09-18 06:45:00,2020-09-18 07:30:00,10960.99,10950.95,10.039999999999054,0.10039999999999054,0.004911335586233931
2020-09-18 09:30:00,2020-09-18 10:15:00,11009.18,10988.55,20.63000000000102,0.2063000000000102,0.0050934003080325705
2020-09-19 23:45:00,2020-09-20 00:30:00,11073.74,11038.0,35.73999999999978,0.35739999999999783,0.002387900819743287
2020-09-21 04:15:00,2020-09-21 05:00:00,10974.01,10944.33,29.68000000000029,0.2968000000000029,0.003160125198364789
2020-09-23 12:30:00,2020-09-23 13:15:00,10509.25,10507.18,2.069999999999709,0.02069999999999709,0.003814960107208642
2020-09-26 05:00:00,2020-09-26 05:45:00,10729.71,10722.71,7.0,0.07,0.003620802544195971
2020-09-28 00:00:00,2020-09-28 00:45:00,10845.75,10884.23,-38.47999999999956,-0.38479999999999565,0.0100617356959725
2020-09-28 08:30:00,2020-09-28 09:15:00,10886.8,10855.73,31.06999999999971,0.3106999999999971,0.003121740508545092
2020-10-03 15:15:00,2020-10-03 16:00:00,10541.97,10543.98,-2.0100000000002183,-0.020100000000002182,0.001310769108021553
2020-10-04 04:15:00,2020-10-04 05:00:00,10567.0,10569.43,-2.430000000000291,-0.02430000000000291,0.002553109129049169
2020-10-05 13:00:00,2020-10-05 13:45:00,10696.14,10717.47,-21.329999999999927,-0.21329999999999927,0.00233901030626408
2020-10-07 05:15:00,2020-10-07 06:00:00,10595.8,10594.65,1.1499999999996362,0.011499999999996362,0.0014933837429110842
2020-10-09 10:30:00,2020-10-09 11:15:00,10982.59,11062.7,-80.11000000000058,-0.8011000000000058,0.010080023986042512
2020-10-12 15:30:00,2020-10-12 16:15:00,11559.08,11569.31,-10.229999999999563,-0.10229999999999563,0.007829610925881945
2020-10-12 21:30:00,2020-10-12 22:15:00,11679.99,11675.62,4.369999999998981,0.043699999999989816,0.01029411001489495
2020-10-13 05:15:00,2020-10-13 06:00:00,11514.56,11486.59,27.969999999999345,0.27969999999999345,0.0036617839974548137
2020-10-18 14:00:00,2020-10-18 14:45:00,11444.99,11429.98,15.010000000000218,0.15010000000000218,0.0016760255701112248
2020-10-19 15:30:00,2020-10-19 16:15:00,11734.02,11769.63,-35.60999999999876,-0.35609999999998765,0.0076064107496152935
2020-10-20 06:15:00,2020-10-20 07:00:00,11769.81,11791.49,-21.68000000000029,-0.2168000000000029,0.0026698539077068943
2020-10-20 11:00:00,2020-10-20 11:45:00,11905.0,11774.2,130.79999999999927,1.3079999999999927,0.010347039992939034
2020-10-20 15:15:00,2020-10-20 16:00:00,11963.23,11969.59,-6.360000000000582,-0.06360000000000582,0.005312600577646518
2020-10-21 02:45:00,2020-10-21 03:30:00,12115.48,12182.69,-67.21000000000095,-0.6721000000000095,0.011959272654377212
2020-10-21 12:45:00,2020-10-21 13:30:00,12401.27,12433.05,-31.779999999998836,-0.31779999999998837,0.009090650186540693
2020-10-22 20:30:00,2020-10-22 21:15:00,13154.02,13134.0,20.020000000000437,0.20020000000000437,0.006260623706221926
2020-10-23 18:30:00,2020-10-23 19:15:00,12863.85,12866.14,-2.289999999999054,-0.022899999999990543,0.005904597469257169
2020-10-24 02:15:00,2020-10-24 03:00:00,12980.32,12996.21,-15.889999999999418,-0.15889999999999418,0.0014280412997876237
2020-10-25 03:30:00,2020-10-25 04:15:00,13312.37,13307.0,5.3700000000008,0.053700000000008005,0.01401158707597721
2020-10-26 11:00:00,2020-10-26 11:45:00,13162.53,13139.8,22.730000000001382,0.22730000000001382,0.007580663681249333
2020-10-27 15:15:00,2020-10-27 16:00:00,13444.98,13550.0,-105.02000000000044,-1.0502000000000045,0.005716397278390498
2020-10-28 02:30:00,2020-10-28 03:15:00,13798.99,13809.09,-10.100000000000364,-0.10100000000000364,0.0063440781796966
2020-10-29 14:30:00,2020-10-29 15:15:00,13450.57,13438.01,12.55999999999949,0.1255999999999949,0.01711478315578059
2020-10-31 06:30:00,2020-10-31 07:15:00,13550.0,13556.6,-6.600000000000364,-0.06600000000000364,0.006375444142077942
2020-11-02 20:15:00,2020-11-02 21:00:00,13659.41,13605.51,53.899999999999636,0.5389999999999964,0.010105185627786017
2020-11-06 13:45:00,2020-11-06 14:30:00,15699.99,15471.9,228.09000000000015,2.2809000000000017,0.012515864908370462
2020-11-08 15:00:00,2020-11-08 15:45:00,15413.33,15349.33,64.0,0.64,0.011147112096309164
2020-11-08 17:00:00,2020-11-08 17:45:00,15441.2,15575.99,-134.78999999999905,-1.3478999999999906,0.00860711339350978
2020-11-08 22:15:00,2020-11-08 23:00:00,15433.99,15509.99,-76.0,-0.76,0.008822793108835119
2020-11-10 21:30:00,2020-11-10 22:15:00,15363.2,15329.55,33.650000000001455,0.33650000000001457,0.005313440649129743
2020-11-11 00:45:00,2020-11-11 01:30:00,15476.99,15458.99,18.0,0.18,0.011567973856209135
2020-11-12 09:45:00,2020-11-12 10:30:00,16061.21,15876.98,184.22999999999956,1.8422999999999956,0.013644674253913308
2020-11-15 05:30:00,2020-11-15 06:15:00,16005.11,16031.0,-25.889999999999418,-0.2588999999999942,0.004563025932674387
2020-11-16 05:15:00,2020-11-16 06:00:00,16115.53,16205.99,-90.45999999999913,-0.9045999999999913,0.007367952563062398
2020-11-18 03:45:00,2020-11-18 04:30:00,18071.58,18352.8,-281.2199999999975,-2.8121999999999754,0.023756205306638436
2020-11-19 02:00:00,2020-11-19 02:45:00,17959.0,17948.0,11.0,0.11,0.01291824685447688
2020-11-19 18:00:00,2020-11-19 18:45:00,18039.86,17953.89,85.97000000000116,0.8597000000000117,0.003968600693990406
2020-11-20 04:30:00,2020-11-20 05:15:00,18210.6,18106.84,103.7599999999984,1.037599999999984,0.013447070143697571
2020-11-20 14:30:00,2020-11-20 15:15:00,18563.51,18680.0,-116.4900000000016,-1.164900000000016,0.01696130689879954
2020-11-22 22:30:00,2020-11-22 23:15:00,18671.33,18516.06,155.27000000000044,1.5527000000000044,0.00405087115508721
2020-11-24 14:45:00,2020-11-24 15:30:00,19400.0,19362.88,37.11999999999898,0.3711999999999898,0.012452117277443116
2020-11-25 10:15:00,2020-11-25 11:00:00,19361.67,19376.91,-15.2400000000016,-0.15240000000001602,0.012956988094073398
2020-11-28 10:30:00,2020-11-28 11:15:00,17219.99,17136.47,83.52000000000044,0.8352000000000044,0.01772990543735234
2020-11-28 13:30:00,2020-11-28 14:15:00,17297.02,17336.14,-39.11999999999898,-0.39119999999998983,0.009093322210003352
2020-11-30 23:45:00,2020-12-01 00:30:00,19720.0,19608.52,111.47999999999956,1.1147999999999956,0.011437657075447505
2020-12-03 20:00:00,2020-12-03 20:45:00,19439.74,19379.02,60.720000000001164,0.6072000000000116,0.004663686400165462
2020-12-06 00:00:00,2020-12-06 00:45:00,19215.78,19270.01,-54.22999999999956,-0.5422999999999957,0.007673001752540435
2020-12-11 22:00:00,2020-12-11 22:45:00,18148.45,18119.98,28.470000000001164,0.28470000000001167,0.010913225044046822
2020-12-12 09:15:00,2020-12-12 10:00:00,18452.15,18385.0,67.15000000000146,0.6715000000000145,0.0066688816257145615
2020-12-12 18:00:00,2020-12-12 18:45:00,18572.47,18683.82,-111.34999999999854,-1.1134999999999855,0.009827243005416108
2020-12-14 03:00:00,2020-12-14 03:45:00,19317.63,19262.73,54.900000000001455,0.5490000000000146,0.007438331160365112
2020-12-14 15:00:00,2020-12-14 15:45:00,19283.03,19198.09,84.93999999999869,0.8493999999999869,0.00928469289696652
2020-12-16 12:30:00,2020-12-16 13:15:00,19851.99,19888.99,-37.0,-0.37,0.005223091584113369
2020-12-16 20:15:00,2020-12-16 21:00:00,20802.99,20821.41,-18.419999999998254,-0.18419999999998254,0.004733158528451353
2020-12-17 05:30:00,2020-12-17 06:15:00,22097.53,22289.08,-191.5500000000029,-1.915500000000029,0.013522172243725653
2020-12-17 08:00:00,2020-12-17 08:45:00,22679.7,22921.36,-241.65999999999985,-2.4165999999999985,0.018180691752492675
2020-12-19 14:00:00,2020-12-19 14:45:00,23567.25,23323.05,244.20000000000073,2.4420000000000073,0.018479544193427407
2020-12-20 15:30:00,2020-12-20 16:15:00,23784.27,23817.9,-33.63000000000102,-0.3363000000000102,0.009625376525202992
2020-12-20 20:00:00,2020-12-20 20:45:00,24090.99,24211.54,-120.54999999999927,-1.2054999999999927,0.010709556917097551
2020-12-23 10:00:00,2020-12-23 10:45:00,23730.23,23452.77,277.4599999999991,2.7745999999999915,0.011909112424016887
2020-12-24 08:00:00,2020-12-24 08:45:00,23307.1,23464.96,-157.86000000000058,-1.5786000000000058,0.010088709044820721
2020-12-25 08:00:00,2020-12-25 08:45:00,23874.97,23688.01,186.96000000000276,1.8696000000000277,0.013862866965737155
2020-12-25 22:15:00,2020-12-25 23:00:00,24530.61,24669.34,-138.72999999999956,-1.3872999999999958,0.007620013883697419
2020-12-26 14:00:00,2020-12-26 14:45:00,25244.98,25389.99,-145.01000000000204,-1.4501000000000204,0.014703056933548423
2020-12-26 16:00:00,2020-12-26 16:45:00,25727.79,25872.27,-144.47999999999956,-1.4447999999999956,0.010716955693166615
2020-12-30 02:45:00,2020-12-30 03:30:00,28047.22,27978.0,69.22000000000116,0.6922000000000117,0.01657120944457455
2020-12-31 03:15:00,2020-12-31 04:00:00,28964.62,29060.01,-95.38999999999942,-0.9538999999999942,0.008336597023862278
2021-01-01 09:30:00,2021-01-01 10:15:00,29249.99,29259.26,-9.269999999996799,-0.09269999999996799,0.007720346311397756
2021-01-02 05:30:00,2021-01-02 06:15:00,29523.32,29688.34,-165.02000000000044,-1.6502000000000043,0.005460959841596356
2021-01-02 12:15:00,2021-01-02 13:00:00,30336.94,30814.73,-477.7900000000009,-4.777900000000009,0.02014090394138935
2021-01-05 18:00:00,2021-01-05 18:45:00,33197.82,33411.5,-213.6800000000003,-2.136800000000003,0.026246430313600726
2021-01-05 19:15:00,2021-01-05 20:00:00,33879.11,33593.42,285.6900000000023,2.8569000000000235,0.0156677156379464
2021-01-06 04:00:00,2021-01-06 04:45:00,34691.0,35470.73,-779.7300000000032,-7.797300000000032,0.027460451021107446
2021-01-07 12:00:00,2021-01-07 12:45:00,37929.97,38003.1,-73.12999999999738,-0.7312999999999739,0.018254228187919493
2021-01-07 16:00:00,2021-01-07 16:45:00,39134.85,39172.67,-37.81999999999971,-0.3781999999999971,0.020731345662142405
2021-01-09 09:00:00,2021-01-09 09:45:00,40684.62,40410.79,273.83000000000175,2.7383000000000175,0.028168569160619064
2021-01-13 06:00:00,2021-01-13 06:45:00,33564.31,33813.62,-249.31000000000495,-2.4931000000000494,0.015039465327970413
2021-01-14 13:30:00,2021-01-14 14:15:00,38732.91,39300.38,-567.4699999999939,-5.674699999999939,0.01073100135484674
2021-01-17 21:00:00,2021-01-17 21:45:00,36549.01,36610.32,-61.30999999999767,-0.6130999999999768,0.024527947524808042
2021-01-22 04:00:00,2021-01-22 04:45:00,31378.21,30921.22,456.98999999999796,4.56989999999998,0.028912517116729524
2021-01-25 00:15:00,2021-01-25 01:00:00,32712.13,32619.4,92.72999999999956,0.9272999999999957,0.0146442307692308
2021-01-25 12:30:00,2021-01-25 13:15:00,34027.04,34606.81,-579.7699999999968,-5.797699999999968,0.024374897832067928
2021-01-26 10:15:00,2021-01-26 11:00:00,32319.71,32148.39,171.3199999999997,1.7131999999999972,0.020858937949729112
2021-01-26 22:45:00,2021-01-26 23:30:00,32782.26,32566.54,215.72000000000116,2.1572000000000116,0.022560279484700147
2021-01-27 20:15:00,2021-01-27 21:00:00,31397.4,31310.0,87.40000000000146,0.8740000000000145,0.022358953252184736
2021-01-28 14:00:00,2021-01-28 14:45:00,31973.3,31850.0,123.29999999999927,1.2329999999999928,0.02098829257731585
2021-01-28 23:15:00,2021-01-29 00:00:00,33580.93,33895.12,-314.1900000000023,-3.1419000000000232,0.005771796160442189
2021-02-01 01:30:00,2021-02-01 02:15:00,33497.98,33580.0,-82.0199999999968,-0.820199999999968,0.02847860113563181
2021-02-01 09:00:00,2021-02-01 09:45:00,34621.76,34392.51,229.25,2.2925,0.025947871933128884
2021-02-02 00:15:00,2021-02-02 01:00:00,34028.23,33693.67,334.56000000000495,3.3456000000000494,0.016557029336201328
2021-02-02 19:00:00,2021-02-02 19:45:00,35328.53,35805.48,-476.95000000000437,-4.769500000000043,0.012186568673685278
2021-02-04 20:00:00,2021-02-04 20:45:00,37741.59,37664.35,77.23999999999796,0.7723999999999797,0.013078197269206105
2021-02-06 11:00:00,2021-02-06 11:45:00,40347.35,40264.34,83.01000000000204,0.8301000000000204,0.013622116953798806
2021-02-06 14:30:00,2021-02-06 15:15:00,40551.75,40501.68,50.06999999999971,0.5006999999999971,0.008987940439685857
2021-02-09 06:45:00,2021-02-09 07:30:00,48209.97,47643.66,566.3099999999977,5.663099999999977,0.02717115481722487
2021-02-11 13:00:00,2021-02-11 13:45:00,47422.07,47715.09,-293.0199999999968,-2.930199999999968,0.0223821196578985
2021-02-12 00:00:00,2021-02-12 00:45:00,48610.26,48112.92,497.3400000000038,4.973400000000038,0.01736373813561613
2021-02-13 02:45:00,2021-02-13 03:30:00,47962.96,47884.78,78.18000000000029,0.7818000000000029,0.005107584510479233
2021-02-13 23:00:00,2021-02-13 23:45:00,47315.8,47221.62,94.18000000000029,0.941800000000003,0.007151581253397803
2021-02-15 16:15:00,2021-02-15 17:00:00,48503.77,48646.95,-143.1800000000003,-1.4318000000000028,0.011455458859588081
2021-02-17 06:30:00,2021-02-17 07:15:00,50219.66,50673.13,-453.4699999999939,-4.534699999999939,0.00908200042316639
2021-02-17 19:30:00,2021-02-17 20:15:00,52366.35,52430.0,-63.650000000001455,-0.6365000000000146,0.016309833662520035
2021-02-21 05:00:00,2021-02-21 05:45:00,56888.4,56632.08,256.3199999999997,2.563199999999997,0.006498101948439783
2021-02-21 10:15:00,2021-02-21 11:00:00,57577.1,57511.71,65.38999999999942,0.6538999999999942,0.018975525835020636
2021-02-22 21:45:00,2021-02-22 22:30:00,54899.99,54203.24,696.75,6.9675,0.014444284917354134
2021-02-26 14:30:00,2021-02-26 15:15:00,47385.6,46350.38,1035.2200000000012,10.352200000000012,0.030502128829293984
2021-03-01 08:15:00,2021-03-01 09:00:00,46897.86,47267.28,-369.41999999999825,-3.6941999999999826,0.016898193221207777
2021-03-01 11:00:00,2021-03-01 11:45:00,47744.01,47720.0,24.010000000002037,0.24010000000002038,0.01162872741904418
2021-03-01 15:30:00,2021-03-01 16:15:00,49170.41,49070.99,99.42000000000553,0.9942000000000554,0.022253633627103225
2021-03-02 14:15:00,2021-03-02 15:00:00,49565.88,48775.5,790.3799999999974,7.903799999999974,0.014882979814701307
2021-03-04 01:15:00,2021-03-04 02:00:00,51538.08,51525.01,13.069999999999709,0.1306999999999971,0.015838926174496677
2021-03-09 01:30:00,2021-03-09 02:15:00,53385.14,53731.0,-345.8600000000006,-3.458600000000006,0.02498786568076601
2021-03-09 13:45:00,2021-03-09 14:30:00,54812.39,54464.28,348.1100000000006,3.481100000000006,0.01703085953822397
2021-03-09 20:30:00,2021-03-09 21:15:00,54470.2,54070.84,399.3600000000006,3.993600000000006,0.006041211891965506
2021-03-11 13:00:00,2021-03-11 13:45:00,56762.1,57002.72,-240.62000000000262,-2.4062000000000263,0.012975818684750576
2021-03-13 08:00:00,2021-03-13 08:45:00,57640.81,57501.41,139.39999999999418,1.3939999999999417,0.012623356837904812
2021-03-13 10:00:00,2021-03-13 10:45:00,59426.74,59553.57,-126.83000000000175,-1.2683000000000175,0.03363956926017227
2021-03-17 17:45:00,2021-03-17 18:30:00,55579.99,57307.87,-1727.8800000000047,-17.278800000000047,0.005661415200001437
2021-03-18 00:00:00,2021-03-18 00:45:00,59325.11,58971.41,353.6999999999971,3.536999999999971,0.013334137280600532
2021-03-18 05:15:00,2021-03-18 06:00:00,59042.01,58838.13,203.88000000000466,2.038800000000047,0.003968123736899258
2021-03-18 15:30:00,2021-03-18 16:15:00,59026.87,59839.99,-813.1199999999953,-8.131199999999954,0.01937608043533451
2021-03-20 11:45:00,2021-03-20 12:30:00,59338.99,59026.81,312.1800000000003,3.121800000000003,0.009940268862453307
2021-03-20 13:15:00,2021-03-20 14:00:00,59785.04,59018.46,766.5800000000017,7.665800000000018,0.012845518841353671
2021-03-23 07:45:00,2021-03-23 08:30:00,54196.11,54318.48,-122.37000000000262,-1.2237000000000262,0.009799672667269803
2021-03-23 13:30:00,2021-03-23 14:15:00,55361.21,54967.0,394.2099999999991,3.9420999999999915,0.0036175488554912164
2021-03-26 03:30:00,2021-03-26 04:15:00,52560.68,52212.61,348.0699999999997,3.480699999999997,0.015861419431499883
2021-03-27 21:45:00,2021-03-27 22:30:00,56447.79,56212.88,234.9100000000035,2.349100000000035,0.012278368261741505
2021-03-28 22:15:00,2021-03-28 23:00:00,55514.94,55674.47,-159.52999999999884,-1.5952999999999884,0.008205858369761307
2021-03-31 13:30:00,2021-03-31 14:15:00,58710.01,58583.24,126.77000000000407,1.2677000000000407,0.00821858573625964
2021-04-01 08:15:00,2021-04-01 09:00:00,59420.29,59222.92,197.37000000000262,1.9737000000000262,0.009848095250881976
2021-04-02 02:30:00,2021-04-02 03:15:00,60152.23,59920.53,231.70000000000437,2.3170000000000437,0.01993418404390355
2021-04-03 04:45:00,2021-04-03 05:30:00,59502.66,59546.45,-43.7899999999936,-0.437899999999936,0.0024161360556504015
2021-04-03 10:15:00,2021-04-03 11:00:00,59664.03,59529.99,134.04000000000087,1.3404000000000087,0.006527478570982729
2021-04-05 14:15:00,2021-04-05 15:00:00,58689.6,59082.3,-392.70000000000437,-3.9270000000000436,0.011948103899104466
2021-04-06 12:15:00,2021-04-06 13:00:00,58981.71,58732.58,249.12999999999738,2.4912999999999736,0.007099349399898522
2021-04-07 22:30:00,2021-04-07 23:15:00,56600.4,56455.65,144.75,1.4475,0.0059360470902705695
2021-04-08 04:30:00,2021-04-08 05:15:00,56929.31,56976.3,-46.99000000000524,-0.4699000000000524,0.005995757908507096
2021-04-08 12:45:00,2021-04-08 13:30:00,57530.08,57456.96,73.12000000000262,0.7312000000000262,0.01643250883392229
2021-04-08 18:30:00,2021-04-08 19:15:00,58052.11,57826.9,225.20999999999913,2.252099999999991,0.004701938009114856
2021-04-08 22:15:00,2021-04-08 23:00:00,57896.98,57990.02,-93.0399999999936,-0.930399999999936,0.004353814661902009
2021-04-10 03:00:00,2021-04-10 03:45:00,59000.0,59286.01,-286.01000000000204,-2.8601000000000205,0.01054010456863464
2021-04-10 04:15:00,2021-04-10 05:00:00,60997.48,61338.55,-341.0699999999997,-3.410699999999997,0.03226520496387771
2021-04-12 06:45:00,2021-04-12 07:30:00,60929.95,61098.61,-168.6600000000035,-1.686600000000035,0.011571739388490852
2021-04-13 08:15:00,2021-04-13 09:00:00,62630.69,62808.11,-177.41999999999825,-1.7741999999999827,0.026277527752037816
2021-04-14 05:00:00,2021-04-14 05:45:00,64542.08,64157.81,384.2700000000041,3.8427000000000406,0.012064410006162585
2021-04-15 19:30:00,2021-04-15 20:15:00,63393.43,63661.02,-267.5899999999965,-2.6758999999999653,0.008950509509150453
2021-04-20 18:15:00,2021-04-20 19:00:00,56153.0,56261.44,-108.44000000000233,-1.0844000000000233,0.007160953299105441
2021-04-21 06:15:00,2021-04-21 07:00:00,55757.86,55403.41,354.4499999999971,3.544499999999971,0.008977639864398092
2021-04-23 18:30:00,2021-04-23 19:15:00,50725.39,50639.13,86.26000000000204,0.8626000000000204,0.017347420119036196
2021-04-23 20:00:00,2021-04-23 20:45:00,51136.37,50536.47,599.9000000000015,5.999000000000015,0.009828856022030626
2021-04-25 13:00:00,2021-04-25 13:45:00,49948.99,49890.46,58.529999999998836,0.5852999999999884,0.004327441897125458
2021-04-28 11:15:00,2021-04-28 12:00:00,54914.69,55271.99,-357.29999999999563,-3.5729999999999564,0.010817641320153925
2021-04-30 13:45:00,2021-04-30 14:30:00,55958.79,56139.99,-181.1999999999971,-1.811999999999971,0.02500472124159401
2021-04-30 23:30:00,2021-05-01 00:15:00,57817.12,58015.15,-198.02999999999884,-1.9802999999999884,0.011792466863108624
2021-05-02 17:30:00,2021-05-02 18:15:00,56864.38,56861.98,2.3999999999941792,0.023999999999941794,0.004039863280291217
2021-05-05 13:30:00,2021-05-05 14:15:00,56156.7,55850.55,306.1499999999942,3.061499999999942,0.009379549192799309
2021-05-09 16:15:00,2021-05-09 17:00:00,57707.53,57550.37,157.15999999999622,1.5715999999999621,0.006234000656669402
2021-05-14 09:15:00,2021-05-14 10:00:00,50652.57,50441.99,210.58000000000175,2.1058000000000177,0.0073950781153977
2021-05-24 03:15:00,2021-05-24 04:00:00,35651.66,35124.0,527.6600000000035,5.276600000000035,0.016074895910610267
2021-05-24 07:00:00,2021-05-24 07:45:00,36472.91,36612.34,-139.42999999999302,-1.3942999999999302,0.030357090392990508
2021-05-25 14:30:00,2021-05-25 15:15:00,37956.12,37449.09,507.0300000000061,5.070300000000061,0.013149872889544681
2021-05-31 15:15:00,2021-05-31 16:00:00,36947.42,37115.35,-167.9300000000003,-1.679300000000003,0.013223559325845204
2021-05-31 22:00:00,2021-05-31 22:45:00,37179.26,36878.7,300.56000000000495,3.0056000000000496,0.010965303458777519
2021-05-31 23:30:00,2021-06-01 00:15:00,37375.26,37714.16,-338.90000000000146,-3.3890000000000144,0.013464682865719372
2021-06-01 05:30:00,2021-06-01 06:15:00,37100.0,37106.94,-6.940000000002328,-0.06940000000002329,0.00990936131535383
2021-06-02 02:15:00,2021-06-02 03:00:00,36466.74,36605.01,-138.27000000000407,-1.3827000000000407,0.010329443388094956
2021-06-03 05:00:00,2021-06-03 05:45:00,38338.62,38777.81,-439.18999999999505,-4.391899999999951,0.014510617286041444
2021-06-09 05:15:00,2021-06-09 06:00:00,33536.7,33451.02,85.68000000000029,0.8568000000000029,0.02571576252679986
2021-06-09 06:45:00,2021-06-09 07:30:00,34171.95,34234.2,-62.25,-0.6225,0.021551503795249304
2021-06-11 07:30:00,2021-06-11 08:15:00,37046.51,37114.99,-68.47999999999593,-0.6847999999999592,0.015198445462813865
2021-06-13 08:30:00,2021-06-13 09:15:00,35581.02,35533.89,47.12999999999738,0.4712999999999738,0.009017945711966815
2021-06-13 10:45:00,2021-06-13 11:30:00,35947.01,35782.0,165.01000000000204,1.6501000000000203,0.005046339425809535
2021-06-13 16:00:00,2021-06-13 16:45:00,36476.3,37006.68,-530.3799999999974,-5.303799999999974,0.018638678070545096
2021-06-13 20:00:00,2021-06-13 20:45:00,38953.47,39220.62,-267.15000000000146,-2.6715000000000146,0.04316692799308004
2021-06-19 14:30:00,2021-06-19 15:15:00,36186.12,36049.99,136.13000000000466,1.3613000000000466,0.012182456289532736
2021-06-20 03:00:00,2021-06-20 03:45:00,35633.13,35522.63,110.5,1.105,0.008879797279123356
2021-06-24 11:30:00,2021-06-24 12:15:00,33677.01,33989.0,-311.98999999999796,-3.11989999999998,0.013887396122258906
2021-06-25 02:00:00,2021-06-25 02:45:00,35400.0,35137.83,262.16999999999825,2.6216999999999824,0.028629908547827394
2021-06-26 05:00:00,2021-06-26 05:45:00,32421.57,32209.15,212.41999999999825,2.1241999999999828,0.014283117696506316
2021-06-27 00:00:00,2021-06-27 00:45:00,32380.94,32337.54,43.39999999999782,0.4339999999999782,0.02130162659167658
2021-06-28 07:30:00,2021-06-28 08:15:00,35121.54,34791.71,329.83000000000175,3.2983000000000176,0.018015652173913068
2021-06-28 19:15:00,2021-06-28 20:00:00,34446.42,34313.5,132.91999999999825,1.3291999999999826,0.011186737017743014
2021-06-29 06:45:00,2021-06-29 07:30:00,35330.0,35048.59,281.4100000000035,2.814100000000035,0.018641749491976507
2021-07-02 22:45:00,2021-07-02 23:30:00,33686.13,33706.8,-20.67000000000553,-0.2067000000000553,0.0073549245249277095
2021-07-03 07:30:00,2021-07-03 08:15:00,34345.65,34434.96,-89.30999999999767,-0.8930999999999767,0.020066522106765024
2021-07-04 05:45:00,2021-07-04 06:30:00,35185.64,35221.47,-35.830000000001746,-0.3583000000000175,0.013411290322580628
2021-07-04 16:15:00,2021-07-04 17:00:00,35637.62,35395.5,242.12000000000262,2.4212000000000264,0.005185909759641871
2021-07-06 12:00:00,2021-07-06 12:45:00,34093.85,34351.33,-257.4800000000032,-2.574800000000032,0.008705127454095516
2021-07-08 15:00:00,2021-07-08 15:45:00,32787.79,32874.95,-87.15999999999622,-0.8715999999999622,0.005455400186875866
2021-07-09 13:00:00,2021-07-09 13:45:00,33180.01,33399.47,-219.45999999999913,-2.1945999999999914,0.013341408299807374
2021-07-10 00:30:00,2021-07-10 01:15:00,34180.89,33869.4,311.48999999999796,3.1148999999999796,0.011119061937860612
2021-07-10 08:15:00,2021-07-10 09:00:00,33807.95,33788.27,19.68000000000029,0.19680000000000292,0.0024203648663713496
2021-07-11 21:30:00,2021-07-11 22:15:00,34449.99,34396.29,53.69999999999709,0.536999999999971,0.018425977112754153
2021-07-12 03:15:00,2021-07-12 04:00:00,34463.34,34515.62,-52.28000000000611,-0.5228000000000611,0.008771893877880561
2021-07-14 21:15:00,2021-07-14 22:00:00,32849.28,32806.17,43.11000000000058,0.4311000000000058,0.0034735915702704774
2021-07-18 23:45:00,2021-07-19 00:30:00,31767.0,31632.12,134.88000000000102,1.3488000000000102,0.006930312700882056
2021-07-20 19:15:00,2021-07-20 20:00:00,29840.5,29869.98,-29.479999999999563,-0.2947999999999956,0.0030710131452539664
2021-07-21 12:00:00,2021-07-21 12:45:00,31590.98,31431.38,159.59999999999854,1.5959999999999854,0.0055339254521102055
2021-07-23 21:15:00,2021-07-23 22:00:00,32588.89,32678.76,-89.86999999999898,-0.8986999999999898,0.006543838809130642
2021-07-23 22:30:00,2021-07-23 23:15:00,33118.37,33275.89,-157.5199999999968,-1.575199999999968,0.01648711526892815
2021-07-25 00:00:00,2021-07-25 00:45:00,34360.43,33987.9,372.52999999999884,3.7252999999999883,0.010006760728982959
2021-07-25 07:15:00,2021-07-25 08:00:00,34629.58,34723.98,-94.40000000000146,-0.9440000000000146,0.005910923953315792
2021-07-27 11:45:00,2021-07-27 12:30:00,38030.0,38253.62,-223.62000000000262,-2.2362000000000264,0.013628681400486791
2021-07-27 22:45:00,2021-07-27 23:30:00,39147.03,39027.24,119.79000000000087,1.1979000000000088,0.025294077436397534
2021-07-28 02:00:00,2021-07-28 02:45:00,40150.03,39838.22,311.8099999999977,3.118099999999977,0.02437996992943131
2021-07-29 09:45:00,2021-07-29 10:30:00,40377.06,40157.02,220.04000000000087,2.2004000000000086,0.00804648436290707
2021-07-30 02:00:00,2021-07-30 02:45:00,40120.29,39973.66,146.62999999999738,1.4662999999999737,0.005056560326505709
2021-07-30 18:15:00,2021-07-30 19:00:00,39068.74,39144.99,-76.25,-0.7625000000000001,0.0016387718235848353
2021-07-31 10:30:00,2021-07-31 11:15:00,41894.29,41705.5,188.79000000000087,1.8879000000000088,0.006017959988166286
2021-08-01 03:15:00,2021-08-01 04:00:00,42254.95,42405.02,-150.0699999999997,-1.500699999999997,0.012972439349836514
2021-08-02 06:45:00,2021-08-02 07:30:00,40253.67,40017.29,236.37999999999738,2.3637999999999737,0.015184258689248067
2021-08-04 11:00:00,2021-08-04 11:45:00,38081.45,38152.86,-71.41000000000349,-0.7141000000000349,0.00571211108047592
2021-08-06 23:45:00,2021-08-07 00:30:00,42825.43,42931.12,-105.69000000000233,-1.0569000000000233,0.0034281400366267547
2021-08-07 23:45:00,2021-08-08 00:30:00,44601.11,44377.84,223.27000000000407,2.2327000000000408,0.010003541717995912
2021-08-09 18:15:00,2021-08-09 19:00:00,46005.43,46392.75,-387.3199999999997,-3.873199999999997,0.0038210520504880423
2021-08-10 12:15:00,2021-08-10 13:00:00,45807.47,45910.47,-103.0,-1.03,0.010791863790425075
2021-08-13 01:30:00,2021-08-13 02:15:00,44848.19,44903.91,-55.720000000001164,-0.5572000000000117,0.007983053514035969
2021-08-16 10:00:00,2021-08-16 10:45:00,47398.05,47454.35,-56.299999999995634,-0.5629999999999563,0.005940172536448779
2021-08-17 09:30:00,2021-08-17 10:15:00,46724.99,46810.3,-85.31000000000495,-0.8531000000000495,0.010859521757876953
2021-08-18 04:00:00,2021-08-18 04:45:00,45193.01,45087.12,105.88999999999942,1.0588999999999942,0.01090311321316042
2021-08-18 05:30:00,2021-08-18 06:15:00,45385.56,45315.53,70.02999999999884,0.7002999999999884,0.006619408518310379
2021-08-19 14:00:00,2021-08-19 14:45:00,45246.53,45473.82,-227.29000000000087,-2.272900000000009,0.017756431870433416
2021-08-20 00:15:00,2021-08-20 01:00:00,47277.16,47073.0,204.1600000000035,2.041600000000035,0.012742080354601018
2021-08-20 16:15:00,2021-08-20 17:00:00,49090.01,48789.99,300.0200000000041,3.000200000000041,0.010944100918931325
2021-08-22 09:45:00,2021-08-22 10:30:00,49230.0,49316.09,-86.08999999999651,-0.8608999999999651,0.003557809149519897
2021-08-23 08:00:00,2021-08-23 08:45:00,50294.84,50276.4,18.439999999995052,0.18439999999995052,0.004286928054328812
2021-08-24 06:30:00,2021-08-24 07:15:00,49691.94,49826.37,-134.4300000000003,-1.344300000000003,0.002189645439589921
2021-08-25 02:00:00,2021-08-25 02:45:00,48229.97,48217.15,12.819999999999709,0.1281999999999971,0.0075302645734758285
2021-08-25 05:45:00,2021-08-25 06:30:00,48535.74,48470.0,65.73999999999796,0.6573999999999797,0.007537055250841337
2021-08-25 12:00:00,2021-08-25 12:45:00,47632.86,47772.8,-139.94000000000233,-1.3994000000000233,0.0032987019825702446
2021-08-26 22:15:00,2021-08-26 23:00:00,47394.12,47073.89,320.2300000000032,3.202300000000032,0.004558378229663858
2021-08-27 20:30:00,2021-08-27 21:15:00,48991.53,48991.17,0.3600000000005821,0.0036000000000058208,0.014474918465600225
2021-08-28 16:00:00,2021-08-28 16:45:00,48925.69,48985.52,-59.82999999999447,-0.5982999999999448,0.006836513869761933
2021-08-30 20:00:00,2021-08-30 20:45:00,48703.74,48671.83,31.909999999996217,0.3190999999999622,0.0044079191585893575
2021-08-31 07:30:00,2021-08-31 08:15:00,47642.79,47969.99,-327.1999999999971,-3.271999999999971,0.012543841919793141
2021-09-02 06:30:00,2021-09-02 07:15:00,49832.22,50244.3,-412.08000000000175,-4.120800000000018,0.0068016188115421535
2021-09-02 12:00:00,2021-09-02 12:45:00,50164.03,50056.05,107.97999999999593,1.0797999999999592,0.0031542025704760384
2021-09-04 12:30:00,2021-09-04 13:15:00,50276.91,50172.25,104.66000000000349,1.0466000000000348,0.006858191088517174
2021-09-06 19:00:00,2021-09-06 19:45:00,52065.14,51756.43,308.7099999999991,3.0870999999999915,0.007189493299833334
2021-09-08 02:00:00,2021-09-08 02:45:00,47290.71,47060.14,230.5699999999997,2.305699999999997,0.00939174868251706
2021-09-12 08:00:00,2021-09-12 08:45:00,45559.06,46132.14,-573.0800000000017,-5.730800000000017,0.009563574123793184
2021-09-12 23:00:00,2021-09-12 23:45:00,46364.37,46046.73,317.6399999999994,3.1763999999999943,0.022292068832842647
2021-09-15 21:30:00,2021-09-15 22:15:00,48179.99,48000.0,179.98999999999796,1.7998999999999796,0.005635777764883115
2021-09-15 23:00:00,2021-09-15 23:45:00,48366.11,48106.12,259.98999999999796,2.59989999999998,0.007627291666666679
2021-09-21 10:45:00,2021-09-21 11:30:00,43420.65,43401.09,19.560000000004948,0.19560000000004948,0.007095253270691265
2021-09-22 15:30:00,2021-09-22 16:15:00,43006.13,43182.01,-175.88000000000466,-1.7588000000000465,0.016727752262074052
2021-10-01 03:45:00,2021-10-01 04:30:00,43609.27,43496.24,113.02999999999884,1.1302999999999883,0.0038968701420050707
2021-10-04 13:15:00,2021-10-04 14:00:00,47807.01,48121.5,-314.48999999999796,-3.14489999999998,0.00248971026004719
2021-10-06 12:15:00,2021-10-06 13:00:00,52262.98,54741.43,-2478.449999999997,-24.784499999999973,0.019936414708338426
2021-10-06 20:00:00,2021-10-06 20:45:00,55319.14,54957.69,361.4499999999971,3.614499999999971,0.006706567952566838
2021-10-11 01:15:00,2021-10-11 02:00:00,55529.09,55381.12,147.9699999999939,1.479699999999939,0.010171187982968035
2021-10-11 13:30:00,2021-10-11 14:15:00,57275.6,57388.87,-113.27000000000407,-1.1327000000000407,0.01376188358967237
2021-10-11 19:15:00,2021-10-11 20:00:00,57583.43,56990.01,593.4199999999983,5.934199999999983,0.0043234963863600035
2021-10-13 16:30:00,2021-10-13 17:15:00,56868.46,56935.93,-67.47000000000116,-0.6747000000000116,0.012433309690853161
2021-10-14 01:00:00,2021-10-14 01:45:00,58215.95,58339.18,-123.2300000000032,-1.2323000000000321,0.0151650612445896
2021-10-14 11:15:00,2021-10-14 12:00:00,58039.65,57814.34,225.31000000000495,2.2531000000000496,0.007261035249836595
2021-10-15 16:30:00,2021-10-15 17:15:00,61283.97,61264.18,19.790000000000873,0.19790000000000874,0.01992434941596142
2021-10-17 03:15:00,2021-10-17 04:00:00,61276.76,61220.58,56.18000000000029,0.561800000000003,0.004162381380324325
2021-10-17 22:00:00,2021-10-17 22:45:00,61243.47,61341.8,-98.33000000000175,-0.9833000000000175,0.02315944896195466
2021-10-18 05:00:00,2021-10-18 05:45:00,62405.99,62409.0,-3.0100000000020373,-0.030100000000020374,0.004644748087776221
2021-10-19 17:00:00,2021-10-19 17:45:00,63396.01,63435.17,-39.15999999999622,-0.3915999999999622,0.012452350658271213
2021-10-20 12:30:00,2021-10-20 13:15:00,64327.97,64489.95,-161.97999999999593,-1.6197999999999593,0.007389899286019427
2021-10-21 08:30:00,2021-10-21 09:15:00,66044.9,66409.7,-364.8000000000029,-3.648000000000029,0.014064728274154214
2021-10-28 03:00:00,2021-10-28 03:45:00,59095.37,58876.25,219.12000000000262,2.1912000000000265,0.006835603405858421
2021-10-28 08:15:00,2021-10-28 09:00:00,59722.05,60768.57,-1046.5199999999968,-10.465199999999967,0.012939982821995991
2021-10-31 00:00:00,2021-10-31 00:45:00,62388.4,62418.01,-29.610000000000582,-0.2961000000000058,0.011518539199415843
2021-11-02 15:30:00,2021-11-02 16:15:00,63937.13,63800.51,136.61999999999534,1.3661999999999535,0.008958100637120756
2021-11-04 13:00:00,2021-11-04 13:45:00,61983.83,62155.53,-171.6999999999971,-1.716999999999971,0.004600162074554323
2021-11-07 10:00:00,2021-11-07 10:45:00,62194.28,61977.18,217.09999999999854,2.1709999999999856,0.009673627886438566
2021-11-07 17:45:00,2021-11-07 18:30:00,62489.79,62459.23,30.55999999999767,0.3055999999999767,0.0056290634052140465
2021-11-08 00:15:00,2021-11-08 01:00:00,64301.9,65269.27,-967.3699999999953,-9.673699999999954,0.02243909233624244
2021-11-08 06:15:00,2021-11-08 07:00:00,66042.39,66104.56,-62.169999999998254,-0.6216999999999826,0.011085406220705982
2021-11-08 23:00:00,2021-11-08 23:45:00,67389.25,67606.96,-217.7100000000064,-2.177100000000064,0.017670883476217498
2021-11-14 00:00:00,2021-11-14 00:45:00,64678.24,65024.01,-345.7700000000041,-3.457700000000041,0.005413337478625804
2021-11-15 00:00:00,2021-11-15 00:45:00,65954.9,65925.21,29.689999999987776,0.29689999999987776,0.01736471674166364
2021-11-21 15:30:00,2021-11-21 16:15:00,59233.75,59165.0,68.75,0.6875,0.005354877308813483
2021-11-25 07:15:00,2021-11-25 08:00:00,57511.83,57906.03,-394.1999999999971,-3.941999999999971,0.004862709824592389
2021-11-27 02:30:00,2021-11-27 03:15:00,54453.74,54582.74,-129.0,-1.29,0.005196759519916237
2021-11-27 08:15:00,2021-11-27 09:00:00,55094.64,55124.53,-29.889999999999418,-0.29889999999999417,0.013264946928074034
2021-11-27 13:30:00,2021-11-27 14:15:00,55149.29,55026.1,123.19000000000233,1.2319000000000233,0.007465939357624914
2021-11-29 17:00:00,2021-11-29 17:45:00,57979.99,58656.01,-676.0200000000041,-6.760200000000041,0.015411205707319419
2021-12-01 12:00:00,2021-12-01 12:45:00,57279.03,57127.58,151.4499999999971,1.5144999999999709,0.006911028376280997
2021-12-02 19:00:00,2021-12-02 19:45:00,56802.21,56650.0,152.20999999999913,1.5220999999999913,0.010198337968267888
2021-12-05 12:15:00,2021-12-05 13:00:00,49437.01,49297.47,139.54000000000087,1.3954000000000089,0.006375112369065724
2021-12-06 21:45:00,2021-12-06 22:30:00,50063.93,50725.73,-661.8000000000029,-6.61800000000003,0.023822767818250826
2021-12-07 11:00:00,2021-12-07 11:45:00,51349.74,51433.34,-83.59999999999854,-0.8359999999999854,0.0037132692347913443
2021-12-10 12:00:00,2021-12-10 12:45:00,49081.98,49064.08,17.900000000001455,0.17900000000001456,0.01410348644961993
2021-12-14 08:00:00,2021-12-14 08:45:00,47086.54,47434.16,-347.6200000000026,-3.476200000000026,0.008406647535015225
2021-12-14 12:00:00,2021-12-14 12:45:00,47763.55,47483.53,280.0200000000041,2.8002000000000407,0.010158999390904293
2021-12-14 20:30:00,2021-12-14 21:15:00,47793.24,48278.7,-485.4599999999991,-4.854599999999992,0.020260587501320794
2021-12-15 18:30:00,2021-12-15 19:15:00,47646.77,48076.99,-430.22000000000116,-4.302200000000012,0.012125727069921375
2021-12-16 09:45:00,2021-12-16 10:30:00,48954.59,49067.31,-112.72000000000116,-1.1272000000000117,0.004196511959689741
2021-12-17 21:30:00,2021-12-17 22:15:00,46880.07,46295.83,584.239999999998,5.84239999999998,0.01535175778178888
2021-12-19 02:45:00,2021-12-19 03:30:00,47121.61,47713.44,-591.8300000000017,-5.918300000000017,0.010434437654122452
2021-12-19 16:15:00,2021-12-19 17:00:00,47321.64,47206.09,115.55000000000291,1.155500000000029,0.0019712656796081044
2021-12-20 14:45:00,2021-12-20 15:30:00,46282.07,46134.84,147.2300000000032,1.4723000000000321,0.014550075495984947
2021-12-21 03:30:00,2021-12-21 04:15:00,47361.63,48621.0,-1259.3700000000026,-12.593700000000027,0.008912033609929615
2021-12-22 02:15:00,2021-12-22 03:00:00,49224.22,49235.3,-11.080000000001746,-0.11080000000001747,0.010070702991621334
2021-12-22 08:30:00,2021-12-22 09:15:00,49437.25,49137.54,299.7099999999991,2.997099999999991,0.005317661652338805
2021-12-23 17:45:00,2021-12-23 18:30:00,50030.94,50467.18,-436.23999999999796,-4.36239999999998,0.01876545784125161
2021-12-24 18:15:00,2021-12-24 19:00:00,51174.18,51669.2,-495.0199999999968,-4.950199999999968,0.005389800832379901
2021-12-26 08:15:00,2021-12-26 09:00:00,50029.99,49860.0,169.98999999999796,1.6998999999999798,0.0031669041076112783
2022-01-04 10:45:00,2022-01-04 11:30:00,46599.84,46707.73,-107.8900000000067,-1.078900000000067,0.005262762782197191
2022-01-05 08:45:00,2022-01-05 09:30:00,46626.53,46886.99,-260.4599999999991,-2.604599999999991,0.006791326914983754
2022-01-08 21:30:00,2022-01-08 22:15:00,41944.51,42290.83,-346.3199999999997,-3.463199999999997,0.02360055855151456
2022-01-09 16:45:00,2022-01-09 17:30:00,42127.99,41961.64,166.34999999999854,1.6634999999999855,0.013827749353843403
2022-01-10 21:00:00,2022-01-10 21:45:00,41853.89,41696.66,157.22999999999593,1.5722999999999594,0.01251874558047
2022-01-11 01:30:00,2022-01-11 02:15:00,41866.01,42140.65,-274.6399999999994,-2.746399999999994,0.0066986587052867115
2022-01-11 16:30:00,2022-01-11 17:15:00,42755.34,42358.22,397.11999999999534,3.9711999999999534,0.024904587906773207
2022-01-14 04:30:00,2022-01-14 05:15:00,42738.11,42760.03,-21.919999999998254,-0.21919999999998255,0.0029820910261753692
2022-01-15 14:45:00,2022-01-15 15:30:00,43162.19,43247.0,-84.80999999999767,-0.8480999999999768,0.0070391169116359705
2022-01-16 05:15:00,2022-01-16 06:00:00,43075.7,43070.0,5.69999999999709,0.0569999999999709,0.0017052548499069812
2022-01-17 06:15:00,2022-01-17 07:00:00,42800.0,42826.6,-26.599999999998545,-0.26599999999998547,0.005267082787737151
2022-01-18 21:15:00,2022-01-18 22:00:00,42244.06,42319.99,-75.93000000000029,-0.759300000000003,0.018231681846678772
2022-01-22 03:00:00,2022-01-22 03:45:00,36579.68,36319.99,259.6900000000023,2.5969000000000233,0.007495412798553673
2022-01-26 03:30:00,2022-01-26 04:15:00,37358.73,37309.99,48.74000000000524,0.4874000000000524,0.015178466615362533
2022-01-28 00:00:00,2022-01-28 00:45:00,37345.01,37129.08,215.9300000000003,2.159300000000003,0.013838917884363538
2022-01-28 03:00:00,2022-01-28 03:45:00,37405.0,37341.84,63.16000000000349,0.6316000000000349,0.017010627699883832
2022-01-30 04:45:00,2022-01-30 05:30:00,38081.78,38166.43,-84.65000000000146,-0.8465000000000146,0.005167873401223009
2022-01-31 19:00:00,2022-01-31 19:45:00,38577.67,38400.0,177.66999999999825,1.7766999999999826,0.005826480541896355
2022-01-31 22:30:00,2022-01-31 23:15:00,38565.89,38395.41,170.47999999999593,1.7047999999999592,0.004446392606153356
2022-02-01 12:15:00,2022-02-01 13:00:00,38553.86,38603.8,-49.94000000000233,-0.49940000000002327,0.006232010999324517
2022-02-03 11:30:00,2022-02-03 12:15:00,36687.63,36322.76,364.86999999999534,3.6486999999999536,0.008971044318113922
2022-02-04 19:45:00,2022-02-04 20:30:00,40701.71,40545.24,156.47000000000116,1.5647000000000117,0.007218259233724763
2022-02-05 04:15:00,2022-02-05 05:00:00,41621.4,41443.11,178.29000000000087,1.7829000000000088,0.005386438754531827
2022-02-07 14:30:00,2022-02-07 15:15:00,43281.12,43299.99,-18.869999999995343,-0.18869999999995343,0.011814640728600011
2022-02-07 17:45:00,2022-02-07 18:30:00,44188.04,43881.96,306.08000000000175,3.0608000000000177,0.013254758083008505
2022-02-08 20:30:00,2022-02-08 21:15:00,44023.29,44070.76,-47.470000000001164,-0.47470000000001167,0.024144936619192356
2022-02-09 12:00:00,2022-02-09 12:45:00,43809.25,44120.42,-311.16999999999825,-3.1116999999999826,0.004841487612897554
2022-02-10 10:15:00,2022-02-10 11:00:00,44644.41,44750.0,-105.58999999999651,-1.0558999999999652,0.007319492933327439
2022-02-10 11:30:00,2022-02-10 12:15:00,45024.67,44733.46,291.2099999999991,2.9120999999999913,0.008896956638063953
2022-02-10 15:00:00,2022-02-10 15:45:00,44839.02,44936.02,-97.0,-0.97,0.03098115498165159
2022-02-11 08:00:00,2022-02-11 08:45:00,43469.97,42966.27,503.70000000000437,5.037000000000043,0.00683079695333296
2022-02-15 10:45:00,2022-02-15 11:30:00,44235.0,44285.0,-50.0,-0.5,0.006003957153578495
2022-02-17 08:00:00,2022-02-17 08:45:00,43907.9,43461.4,446.5,4.465,0.0034462978579476913
2022-02-21 14:15:00,2022-02-21 15:00:00,38580.0,39045.2,-465.1999999999971,-4.651999999999971,0.029730876712548183
2022-02-22 10:30:00,2022-02-22 11:15:00,37600.0,37483.1,116.90000000000146,1.1690000000000145,0.013133006041075038
2022-02-22 23:30:00,2022-02-23 00:15:00,38329.9,38173.7,156.20000000000437,1.5620000000000438,0.01134300791556732
2022-02-23 13:00:00,2022-02-23 13:45:00,39113.4,38935.4,178.0,1.78,0.00660114419832771
2022-02-26 08:15:00,2022-02-26 09:00:00,39316.3,38648.4,667.9000000000015,6.6790000000000145,0.005200330325800476
2022-02-26 19:15:00,2022-02-26 20:00:00,39314.4,39229.3,85.09999999999854,0.8509999999999854,0.010689330721414213
2022-03-01 12:15:00,2022-03-01 13:00:00,44459.3,44639.6,-180.29999999999563,-1.8029999999999564,0.022593555213101246
2022-03-05 03:30:00,2022-03-05 04:15:00,39038.8,38872.4,166.40000000000146,1.6640000000000146,0.004823507003608659
2022-03-05 16:15:00,2022-03-05 17:00:00,39233.7,39469.3,-235.60000000000582,-2.356000000000058,0.00372748669668433
2022-03-06 00:00:00,2022-03-06 00:45:00,39488.7,39624.5,-135.8000000000029,-1.3580000000000292,0.0037492501499700064
2022-03-07 12:15:00,2022-03-07 13:00:00,38646.3,38723.4,-77.09999999999854,-0.7709999999999855,0.009922491154165889
2022-03-10 23:00:00,2022-03-10 23:45:00,39450.0,39407.2,42.80000000000291,0.42800000000002913,0.004993121720079483
2022-03-11 11:45:00,2022-03-11 12:30:00,39878.4,39950.9,-72.5,-0.725,0.02542054729003488
2022-03-14 07:30:00,2022-03-14 08:15:00,39069.9,38966.5,103.40000000000146,1.0340000000000145,0.011361341927467615
2022-03-16 02:00:00,2022-03-16 02:45:00,41402.8,40867.8,535.0,5.3500000000000005,0.05611305257250728
2022-03-16 08:00:00,2022-03-16 08:45:00,39736.8,40289.0,-552.1999999999971,-5.521999999999971,0.00847911437541097
2022-03-17 21:45:00,2022-03-17 22:30:00,40983.3,40888.2,95.10000000000582,0.9510000000000582,0.006374666349079426
2022-03-19 11:15:00,2022-03-19 12:00:00,41785.1,41706.2,78.90000000000146,0.7890000000000146,0.0028704803734504215
2022-03-19 12:45:00,2022-03-19 13:30:00,41836.3,41727.5,108.80000000000291,1.0880000000000292,0.0031218454854326913
2022-03-19 23:15:00,2022-03-20 00:00:00,42194.6,42249.0,-54.400000000001455,-0.5440000000000146,0.007750160615809373
2022-03-20 20:00:00,2022-03-20 20:45:00,41631.9,41273.2,358.70000000000437,3.5870000000000437,0.008798414298453032
2022-03-21 20:00:00,2022-03-21 20:45:00,41194.3,41104.3,90.0,0.9,0.005440380362887317
2022-03-22 10:30:00,2022-03-22 11:15:00,42811.7,42942.2,-130.5,-1.305,0.008568130418394201
2022-03-23 06:45:00,2022-03-23 07:30:00,42207.1,42163.2,43.900000000001455,0.43900000000001455,0.004928559693905491
2022-03-23 23:45:00,2022-03-24 00:30:00,42867.9,43175.3,-307.40000000000146,-3.0740000000000145,0.01085657018216121
2022-03-28 13:30:00,2022-03-28 14:15:00,47520.5,47561.5,-41.0,-0.41000000000000003,0.006790254237288135
2022-03-28 17:45:00,2022-03-28 18:30:00,47574.0,47731.7,-157.6999999999971,-1.5769999999999709,0.004900511174010393
2022-04-03 21:30:00,2022-04-03 22:15:00,46678.1,47273.1,-595.0,-5.95,0.007037467719769785
2022-04-04 19:00:00,2022-04-04 19:45:00,45681.1,45905.6,-224.5,-2.245,0.009509224146313338
2022-04-08 08:00:00,2022-04-08 08:45:00,43816.9,43684.4,132.5,1.325,0.009299015046115107
2022-04-10 17:00:00,2022-04-10 17:45:00,42814.3,43074.1,-259.79999999999563,-2.5979999999999563,0.0035628646369276853
2022-04-16 21:45:00,2022-04-16 22:30:00,40465.1,40452.2,12.900000000001455,0.12900000000001455,0.004730028355340587
2022-04-18 16:45:00,2022-04-18 17:30:00,39441.0,40045.9,-604.9000000000015,-6.049000000000015,0.00944927031772268
2022-04-18 18:15:00,2022-04-18 19:00:00,40746.8,40508.1,238.70000000000437,2.3870000000000435,0.017504956824436018
2022-04-19 14:00:00,2022-04-19 14:45:00,41507.9,41545.3,-37.400000000001455,-0.37400000000001454,0.013527405204388348
2022-04-22 19:30:00,2022-04-22 20:15:00,39605.9,39400.1,205.8000000000029,2.058000000000029,0.002594713366444407
2022-04-23 21:00:00,2022-04-23 21:45:00,39785.0,39863.8,-78.80000000000291,-0.7880000000000291,0.0010215275611154915
2022-04-27 20:00:00,2022-04-27 20:45:00,39000.0,39080.0,-80.0,-0.8,0.006812766385877811
2022-04-28 00:30:00,2022-04-28 01:15:00,39287.1,39463.9,-176.8000000000029,-1.768000000000029,0.001991889617179692
2022-04-28 07:15:00,2022-04-28 08:00:00,39482.8,39497.4,-14.599999999998545,-0.14599999999998545,0.0024373648024211157
2022-04-29 12:30:00,2022-04-29 13:15:00,39100.3,39032.6,67.70000000000437,0.6770000000000437,0.009357784902601593
2022-05-03 21:15:00,2022-05-03 22:00:00,37949.2,37766.0,183.1999999999971,1.831999999999971,0.010068962947387357
2022-05-04 06:00:00,2022-05-04 06:45:00,38280.2,38379.7,-99.5,-0.995,0.007283558839472143
2022-05-05 10:30:00,2022-05-05 11:15:00,39589.0,39545.4,43.599999999998545,0.43599999999998545,0.0025780506088049523
2022-05-07 10:30:00,2022-05-07 11:15:00,36066.0,36054.3,11.69999999999709,0.1169999999999709,0.002719068510517705
2022-05-07 14:45:00,2022-05-07 15:30:00,35941.4,35937.9,3.5,0.035,0.0016833421588027496
2022-05-09 20:00:00,2022-05-09 20:45:00,31815.0,30939.9,875.0999999999985,8.750999999999985,0.040804509335017
2022-05-10 05:00:00,2022-05-10 05:45:00,31440.0,31812.2,-372.2000000000007,-3.7220000000000075,0.015408763391025987
2022-05-10 11:30:00,2022-05-10 12:15:00,31760.6,31763.7,-3.100000000002183,-0.03100000000002183,0.014615165910085583
2022-05-10 12:45:00,2022-05-10 13:30:00,32153.2,31729.1,424.1000000000022,4.241000000000022,0.017503109167376123
2022-05-11 13:45:00,2022-05-11 14:30:00,31223.0,31746.4,-523.4000000000015,-5.234000000000015,0.0671902984564483
2022-05-12 00:30:00,2022-05-12 01:15:00,30025.1,29489.3,535.7999999999993,5.3579999999999925,0.032574566939153
2022-05-12 10:45:00,2022-05-12 11:30:00,28590.9,28446.5,144.40000000000146,1.4440000000000146,0.02816486081193341
2022-05-15 20:00:00,2022-05-15 20:45:00,30815.4,31056.0,-240.59999999999854,-2.4059999999999855,0.02029977849369095
2022-05-19 15:30:00,2022-05-19 16:15:00,30362.7,30269.2,93.5,0.935,0.017060033363034
2022-05-19 21:00:00,2022-05-19 21:45:00,30405.4,30274.7,130.70000000000073,1.3070000000000073,0.012197476613735526
2022-05-23 06:00:00,2022-05-23 06:45:00,30379.9,30472.5,-92.59999999999854,-0.9259999999999855,0.0065835685791155
2022-05-25 02:15:00,2022-05-25 03:00:00,30003.0,30148.6,-145.59999999999854,-1.4559999999999855,0.01252024838012959
2022-05-28 11:15:00,2022-05-28 12:00:00,28894.7,28786.1,108.60000000000218,1.0860000000000218,0.0037517325709442205
2022-05-29 05:45:00,2022-05-29 06:30:00,29033.0,29021.9,11.099999999998545,0.11099999999998544,0.003234344872388458
2022-05-29 22:30:00,2022-05-29 23:15:00,29448.0,29470.9,-22.900000000001455,-0.22900000000001455,0.007799425737762755
2022-05-30 01:30:00,2022-05-30 02:15:00,29659.9,30164.4,-504.5,-5.045,0.011654876493099873
2022-05-30 06:15:00,2022-05-30 07:00:00,30575.1,30604.4,-29.30000000000291,-0.2930000000000291,0.008303845557706427
2022-06-02 15:15:00,2022-06-02 16:00:00,30281.5,30324.0,-42.5,-0.425,0.010383613110312568
2022-06-04 00:00:00,2022-06-04 00:45:00,29730.1,29697.9,32.19999999999709,0.3219999999999709,0.0022418047708302434
2022-06-04 22:00:00,2022-06-04 22:45:00,29908.3,29794.6,113.70000000000073,1.1370000000000073,0.005503519966649433
2022-06-05 15:30:00,2022-06-05 16:15:00,29874.9,29848.9,26.0,0.26,0.003476490860355912
2022-06-06 06:45:00,2022-06-06 07:30:00,31260.4,31189.6,70.80000000000291,0.7080000000000292,0.0031898847918873418
2022-06-09 07:15:00,2022-06-09 08:00:00,30401.4,30380.3,21.100000000002183,0.21100000000002184,0.004052353634733352
2022-06-11 18:30:00,2022-06-11 19:15:00,28590.1,28657.3,-67.20000000000073,-0.6720000000000073,0.0036649968229672367
2022-06-14 05:15:00,2022-06-14 06:00:00,22854.9,22543.9,311.0,3.11,0.04245556260006125
2022-06-15 11:30:00,2022-06-15 12:15:00,21173.0,21197.2,-24.200000000000728,-0.2420000000000073,0.029484698491729383
2022-06-15 21:45:00,2022-06-15 22:30:00,22197.5,22502.1,-304.59999999999854,-3.0459999999999856,0.018500250065384104
2022-06-19 08:30:00,2022-06-19 09:15:00,18583.1,18913.9,-330.8000000000029,-3.308000000000029,0.015630892327199393
2022-06-20 22:45:00,2022-06-20 23:30:00,20483.1,20688.8,-205.70000000000073,-2.0570000000000075,0.008259784497398477
2022-06-21 05:15:00,2022-06-21 06:00:00,20753.3,21134.0,-380.7000000000007,-3.8070000000000075,0.011201847647075913
2022-06-23 22:30:00,2022-06-23 23:15:00,21072.6,21141.2,-68.60000000000218,-0.6860000000000218,0.019161943084869563
2022-06-24 11:15:00,2022-06-24 12:00:00,21142.6,21250.0,-107.40000000000146,-1.0740000000000145,0.011515699529707685
2022-06-25 21:15:00,2022-06-25 22:00:00,21367.1,21422.6,-55.5,-0.555,0.008286341221716186
2022-06-30 23:30:00,2022-07-01 00:15:00,19053.1,20479.4,-1426.300000000003,-14.26300000000003,0.008906586743906353
2022-07-01 07:30:00,2022-07-01 08:15:00,19531.6,19647.5,-115.90000000000146,-1.1590000000000147,0.007261175402768286
2022-07-02 14:30:00,2022-07-02 15:15:00,19323.2,19186.6,136.60000000000218,1.3660000000000219,0.003432500220697934
2022-07-03 16:30:00,2022-07-03 17:15:00,19130.2,19128.0,2.2000000000007276,0.022000000000007278,0.004985474355539522
2022-07-03 20:00:00,2022-07-03 20:45:00,19525.5,19433.5,92.0,0.92,0.014475058321080201
2022-07-04 11:45:00,2022-07-04 12:30:00,19794.2,19670.6,123.60000000000218,1.2360000000000217,0.0146605017377308
2022-07-04 17:15:00,2022-07-04 18:00:00,19970.9,19880.7,90.20000000000073,0.9020000000000072,0.014214615814331494
2022-07-05 19:00:00,2022-07-05 19:45:00,20250.1,20392.8,-142.70000000000073,-1.4270000000000074,0.025300753402462586
2022-07-06 04:00:00,2022-07-06 04:45:00,20244.8,20091.0,153.79999999999927,1.5379999999999927,0.019755598762882482
2022-07-06 16:45:00,2022-07-06 17:30:00,20291.9,20247.8,44.10000000000218,0.4410000000000218,0.006457788777732072
2022-07-07 14:30:00,2022-07-07 15:15:00,20889.4,20888.0,1.4000000000014552,0.014000000000014553,0.017377243992480394
2022-07-09 10:45:00,2022-07-09 11:30:00,21725.5,21693.6,31.900000000001455,0.31900000000001455,0.0029082515868436238
2022-07-09 20:45:00,2022-07-09 21:30:00,21671.1,21695.2,-24.100000000002183,-0.24100000000002184,0.0030548342752405684
2022-07-14 15:00:00,2022-07-14 15:45:00,20026.4,20379.3,-352.8999999999978,-3.528999999999978,0.014791355240821985
2022-07-14 23:30:00,2022-07-15 00:15:00,20565.5,20449.9,115.59999999999854,1.1559999999999855,0.0034251755280479295
2022-07-15 18:45:00,2022-07-15 19:30:00,21027.4,21116.1,-88.69999999999709,-0.8869999999999709,0.011384898055380566
2022-07-17 07:00:00,2022-07-17 07:45:00,21592.7,21460.0,132.70000000000073,1.3270000000000073,0.00891981048323045
2022-07-18 05:30:00,2022-07-18 06:15:00,21762.3,21945.5,-183.20000000000073,-1.8320000000000074,0.02236180078266303
2022-07-19 15:00:00,2022-07-19 15:45:00,22747.4,23116.2,-368.7999999999993,-3.6879999999999926,0.02115720435803408
2022-07-23 08:15:00,2022-07-23 09:00:00,22846.1,22655.0,191.09999999999854,1.9109999999999854,0.004449349084849662
2022-07-25 20:00:00,2022-07-25 20:45:00,22153.7,22160.7,-7.0,-0.07,0.02443908033220502
2022-07-27 16:15:00,2022-07-27 17:00:00,21662.4,21488.1,174.3000000000029,1.7430000000000292,0.009718512717967361
2022-07-30 11:30:00,2022-07-30 12:15:00,24027.2,24170.0,-142.79999999999927,-1.4279999999999928,0.009363854429661929
2022-08-01 20:15:00,2022-08-01 21:00:00,23006.0,23079.6,-73.59999999999854,-0.7359999999999854,0.0041815435919371835
2022-08-02 11:15:00,2022-08-02 12:00:00,22885.0,22854.9,30.099999999998545,0.30099999999998545,0.003943830033647646
2022-08-02 16:30:00,2022-08-02 17:15:00,23356.8,23291.2,65.59999999999854,0.6559999999999855,0.01715818628390266
2022-08-05 21:15:00,2022-08-05 22:00:00,23172.3,23161.0,11.299999999999272,0.11299999999999273,0.010126416739319933
2022-08-07 03:00:00,2022-08-07 03:45:00,22997.6,22979.7,17.899999999997817,0.17899999999997818,0.0027075930326349346
2022-08-08 08:45:00,2022-08-08 09:30:00,24120.4,24142.8,-22.399999999997817,-0.2239999999999782,0.01402884805374435
2022-08-08 12:00:00,2022-08-08 12:45:00,24190.4,24117.4,73.0,0.73,0.005678936384272014
2022-08-10 08:45:00,2022-08-10 09:30:00,23088.0,23044.1,43.900000000001455,0.43900000000001455,0.005461054061822331
2022-08-11 01:15:00,2022-08-11 02:00:00,24380.1,24340.3,39.79999999999927,0.39799999999999275,0.016672018281672845
2022-08-11 05:00:00,2022-08-11 05:45:00,24569.5,24546.8,22.700000000000728,0.22700000000000728,0.011548437564329533
2022-08-14 07:00:00,2022-08-14 07:45:00,24747.3,24867.1,-119.79999999999927,-1.1979999999999928,0.005660760728218436
2022-08-14 20:15:00,2022-08-14 21:00:00,24289.8,24342.7,-52.900000000001455,-0.5290000000000146,0.0012613771270280365
2022-08-14 21:15:00,2022-08-14 22:00:00,24380.0,24200.6,179.40000000000146,1.7940000000000147,0.0036639084434564244
2022-08-15 03:00:00,2022-08-15 03:45:00,25134.1,24856.1,278.0,2.7800000000000002,0.01347586078976113
2022-08-17 05:00:00,2022-08-17 05:45:00,24078.1,24151.1,-73.0,-0.73,0.003066091774458895
2022-08-20 06:30:00,2022-08-20 07:15:00,21212.3,21286.4,-74.10000000000218,-0.7410000000000219,0.004522465525079558
2022-08-20 12:30:00,2022-08-20 13:15:00,21267.3,21260.9,6.399999999997817,0.06399999999997817,0.0022243062002535677
2022-08-23 08:15:00,2022-08-23 09:00:00,21429.3,21454.0,-24.700000000000728,-0.24700000000000727,0.009711070903539454
2022-08-24 04:45:00,2022-08-24 05:30:00,21316.4,21457.1,-140.6999999999971,-1.406999999999971,0.0032238480038027286
2022-08-29 12:15:00,2022-08-29 13:00:00,19971.9,19901.4,70.5,0.705,0.008355884966475482
2022-08-29 22:00:00,2022-08-29 22:45:00,20193.6,20198.0,-4.400000000001455,-0.044000000000014555,0.0011551637804097744
2022-09-04 00:00:00,2022-09-04 00:45:00,19825.7,19794.9,30.799999999999272,0.3079999999999927,0.0025131472491909754
2022-09-04 23:30:00,2022-09-05 00:15:00,19988.3,19919.4,68.89999999999782,0.6889999999999782,0.00821673207097954
2022-09-06 00:45:00,2022-09-06 01:30:00,20093.6,19872.2,221.39999999999782,2.213999999999978,0.011889714213773061
2022-09-06 08:45:00,2022-09-06 09:30:00,20008.3,19920.0,88.29999999999927,0.8829999999999928,0.007310037204665975
2022-09-08 04:30:00,2022-09-08 05:15:00,19327.0,19304.9,22.099999999998545,0.22099999999998546,0.006137715978364497
2022-09-09 08:30:00,2022-09-09 09:15:00,20729.7,20660.8,68.90000000000146,0.6890000000000146,0.005144591632886702
2022-09-09 15:30:00,2022-09-09 16:15:00,21291.1,21330.4,-39.30000000000291,-0.3930000000000291,0.009415669076685958
2022-09-10 18:30:00,2022-09-10 19:15:00,21418.0,21518.0,-100.0,-1.0,0.006418750646104041
2022-09-12 01:30:00,2022-09-12 02:15:00,22113.7,21807.9,305.7999999999993,3.0579999999999927,0.022267936390532577
2022-09-13 09:30:00,2022-09-13 10:15:00,22412.0,22471.9,-59.900000000001455,-0.5990000000000145,0.008445710326084543
2022-09-14 02:15:00,2022-09-14 03:00:00,20389.1,20373.9,15.19999999999709,0.1519999999999709,0.007127756263336722
2022-09-14 21:45:00,2022-09-14 22:30:00,20191.4,20305.6,-114.19999999999709,-1.1419999999999708,0.016973567571923604
2022-09-17 00:15:00,2022-09-17 01:00:00,19915.3,20016.5,-101.20000000000073,-1.0120000000000073,0.010672418167977633
2022-09-17 13:45:00,2022-09-17 14:30:00,19889.7,19874.0,15.700000000000728,0.15700000000000727,0.002196905185401776
2022-09-18 05:45:00,2022-09-18 06:30:00,20059.6,20036.2,23.399999999997817,0.23399999999997817,0.0024787606196900822
2022-09-22 08:45:00,2022-09-22 09:30:00,19195.0,19120.7,74.29999999999927,0.7429999999999928,0.015178760313094987
2022-09-22 18:45:00,2022-09-22 19:30:00,19185.6,19389.4,-203.8000000000029,-2.038000000000029,0.011056187354419803
2022-09-23 03:15:00,2022-09-23 04:00:00,19398.3,19374.6,23.700000000000728,0.2370000000000073,0.005963709531044998
2022-09-24 08:45:00,2022-09-24 09:30:00,19072.3,19012.4,59.89999999999782,0.5989999999999782,0.0063157561495520795
2022-09-26 22:30:00,2022-09-26 23:15:00,19158.5,19165.4,-6.900000000001455,-0.06900000000001455,0.003814374112555435
2022-09-27 01:15:00,2022-09-27 02:00:00,19700.0,19701.7,-1.7000000000007276,-0.017000000000007277,0.02123335959855672
2022-09-29 11:15:00,2022-09-29 12:00:00,19478.4,19312.4,166.0,1.6600000000000001,0.003730804905699343
2022-09-29 23:45:00,2022-09-30 00:30:00,19582.5,19462.5,120.0,1.2,0.007387249278508482
2022-09-30 07:15:00,2022-09-30 08:00:00,19562.1,19543.0,19.099999999998545,0.19099999999998546,0.008132218116602984
2022-10-02 16:15:00,2022-10-02 17:00:00,19191.5,19189.0,2.5,0.025,0.003907557750251126
2022-10-03 17:15:00,2022-10-03 18:00:00,19506.6,19587.3,-80.70000000000073,-0.8070000000000073,0.006989757991244621
2022-10-04 03:30:00,2022-10-04 04:15:00,19608.5,19562.9,45.599999999998545,0.4559999999999855,0.003628900171976162
2022-10-04 06:30:00,2022-10-04 07:15:00,19819.8,19875.0,-55.20000000000073,-0.5520000000000073,0.011126585959381
2022-10-07 08:30:00,2022-10-07 09:15:00,19982.1,19978.4,3.6999999999970896,0.036999999999970896,0.003283676512675183
2022-10-08 11:30:00,2022-10-08 12:15:00,19534.9,19497.0,37.900000000001455,0.37900000000001455,0.0020980814609624222
2022-10-12 00:15:00,2022-10-12 01:00:00,19076.8,19064.5,12.299999999999272,0.12299999999999273,0.0019853983927726913
2022-10-12 09:15:00,2022-10-12 10:00:00,19184.5,19163.1,21.400000000001455,0.21400000000001457,0.0037671680837148462
2022-10-12 21:00:00,2022-10-12 21:45:00,19179.8,19170.5,9.299999999999272,0.09299999999999273,0.0027080719364282347
2022-10-16 08:15:00,2022-10-16 09:00:00,19173.4,19152.2,21.200000000000728,0.2120000000000073,0.00259362678965489
2022-10-17 05:00:00,2022-10-17 05:45:00,19238.2,19263.7,-25.5,-0.255,0.0034581861995941596
2022-10-18 23:00:00,2022-10-18 23:45:00,19359.1,19320.9,38.19999999999709,0.3819999999999709,0.0035301435902751824
2022-10-20 12:15:00,2022-10-20 13:00:00,19230.1,19143.0,87.09999999999854,0.8709999999999855,0.002575505586344493
2022-10-21 02:30:00,2022-10-21 03:15:00,19099.0,19083.2,15.799999999999272,0.15799999999999273,0.0021618444941179323
2022-10-22 13:15:00,2022-10-22 14:00:00,19219.9,19210.4,9.5,0.095,0.0032781579675422124
2022-10-25 03:15:00,2022-10-25 04:00:00,19348.0,19338.1,9.900000000001455,0.09900000000001455,0.0029495466821488387
2022-10-28 13:30:00,2022-10-28 14:15:00,20536.4,20477.6,58.80000000000291,0.5880000000000292,0.01665849830939757
2022-10-29 02:30:00,2022-10-29 03:15:00,20724.9,20750.0,-25.099999999998545,-0.25099999999998546,0.0051360395751492045
2022-10-31 10:00:00,2022-10-31 10:45:00,20716.9,20741.6,-24.69999999999709,-0.2469999999999709,0.010565699038550763
2022-11-03 00:45:00,2022-11-03 01:30:00,20191.1,20266.4,-75.30000000000291,-0.7530000000000291,0.003100051170716331
2022-11-04 14:15:00,2022-11-04 15:00:00,21131.4,21140.0,-8.599999999998545,-0.08599999999998545,0.018807885715938836
2022-11-05 03:15:00,2022-11-05 04:00:00,21392.0,21451.5,-59.5,-0.595,0.0021596653221461048
2022-11-12 07:15:00,2022-11-12 08:00:00,16799.1,16791.0,8.099999999998545,0.08099999999998544,0.0033206916116701136
2022-11-14 23:15:00,2022-11-15 00:00:00,16634.6,16589.7,44.89999999999782,0.4489999999999782,0.017039722668883945
2022-11-21 04:15:00,2022-11-21 05:00:00,16189.7,16189.4,0.3000000000010914,0.003000000000010914,0.011135815731291522
2022-11-23 23:30:00,2022-11-24 00:15:00,16609.9,16556.4,53.5,0.535,0.006367844505840858
2022-11-27 04:30:00,2022-11-27 05:15:00,16584.3,16556.3,28.0,0.28,0.0038861750231536573
2022-11-27 10:30:00,2022-11-27 11:15:00,16568.0,16542.2,25.799999999999272,0.25799999999999274,0.003288178905999217
2022-11-29 19:00:00,2022-11-29 19:45:00,16436.3,16418.2,18.099999999998545,0.18099999999998545,0.004805076508310981
2022-11-30 16:00:00,2022-11-30 16:45:00,16864.3,16853.4,10.899999999997817,0.10899999999997817,0.003343625989850175
2022-12-03 04:15:00,2022-12-03 05:00:00,17022.4,17007.6,14.80000000000291,0.1480000000000291,0.0009113947868218193
2022-12-04 05:00:00,2022-12-04 05:45:00,17052.1,17010.1,42.0,0.42,0.005608303355546296
2022-12-04 15:00:00,2022-12-04 15:45:00,17029.9,17022.2,7.700000000000728,0.07700000000000727,0.006174152457253595
2022-12-05 04:45:00,2022-12-05 05:30:00,17346.0,17295.3,50.70000000000073,0.5070000000000073,0.00916310323762981
2022-12-08 18:15:00,2022-12-08 19:00:00,17005.5,17214.5,-209.0,-2.09,0.004162976085031001
2022-12-09 11:45:00,2022-12-09 12:30:00,17231.9,17214.4,17.5,0.17500000000000002,0.001639182268930563
2022-12-11 03:30:00,2022-12-11 04:15:00,17160.8,17147.5,13.299999999999272,0.13299999999999274,0.0013186915778785721
2022-12-12 18:15:00,2022-12-12 19:00:00,17005.7,17003.0,2.7000000000007276,0.027000000000007275,0.0007709238138955889
2022-12-13 13:30:00,2022-12-13 14:15:00,17873.0,17897.4,-24.400000000001455,-0.24400000000001457,0.02619310091406003
2022-12-16 00:00:00,2022-12-16 00:45:00,17367.9,17418.2,-50.29999999999927,-0.5029999999999928,0.0018805558600083173
2022-12-16 07:00:00,2022-12-16 07:45:00,17462.3,17496.6,-34.29999999999927,-0.34299999999999276,0.004619721551029759
2022-12-17 23:00:00,2022-12-17 23:45:00,16736.2,16768.0,-31.799999999999272,-0.31799999999999273,0.0018737017282353843
2022-12-18 04:00:00,2022-12-18 04:45:00,16761.9,16756.3,5.600000000002183,0.05600000000002183,0.0023920726711677497
2022-12-25 21:30:00,2022-12-25 22:15:00,16816.9,16814.3,2.600000000002183,0.02600000000002183,0.0033949880668258624
2022-12-26 02:00:00,2022-12-26 02:45:00,16856.5,16881.2,-24.700000000000728,-0.24700000000000727,0.0015805203833652334
2022-12-29 19:00:00,2022-12-29 19:45:00,16629.8,16608.1,21.700000000000728,0.21700000000000727,0.0008907613602166279
2023-01-01 06:15:00,2023-01-01 07:00:00,16540.3,16522.8,17.5,0.17500000000000002,0.0016229145850364412
2023-01-01 12:00:00,2023-01-01 12:45:00,16557.0,16553.9,3.099999999998545,0.03099999999998545,0.0010943895906014634
2023-01-02 15:30:00,2023-01-02 16:15:00,16737.4,16726.4,11.0,0.11,0.002557697952044704
2023-01-03 06:00:00,2023-01-03 06:45:00,16730.3,16719.8,10.5,0.105,0.002696984771025993
2023-01-03 20:00:00,2023-01-03 20:45:00,16656.6,16656.1,0.5,0.005,0.0016717983257961654
2023-01-04 23:30:00,2023-01-05 00:15:00,16852.4,16857.9,-5.5,-0.055,0.0020037220474829046
2023-01-06 19:30:00,2023-01-06 20:15:00,16920.7,16936.9,-16.200000000000728,-0.16200000000000728,0.004696703401102163
2023-01-07 18:30:00,2023-01-07 19:15:00,16933.3,16933.6,-0.2999999999992724,-0.002999999999992724,0.0005968138413537951
2023-01-09 02:30:00,2023-01-09 03:15:00,17227.7,17178.0,49.70000000000073,0.49700000000000727,0.0035358536727442607
2023-01-09 13:30:00,2023-01-09 14:15:00,17260.4,17239.4,21.0,0.21,0.001032326911254852
2023-01-10 20:15:00,2023-01-10 21:00:00,17449.5,17443.1,6.400000000001455,0.06400000000001456,0.0018487366009657484
2023-01-12 17:30:00,2023-01-12 18:15:00,18648.1,18635.2,12.899999999997817,0.1289999999999782,0.02866772577833659
2023-01-12 20:45:00,2023-01-12 21:30:00,19042.2,18842.6,199.60000000000218,1.996000000000022,0.010850523946533113
2023-01-13 15:00:00,2023-01-13 15:45:00,19122.9,19252.5,-129.59999999999854,-1.2959999999999854,0.010879045942560062
2023-01-14 20:45:00,2023-01-14 21:30:00,20895.0,20900.9,-5.900000000001455,-0.059000000000014555,0.005050505050505051
2023-01-14 23:00:00,2023-01-14 23:45:00,21035.6,20962.8,72.79999999999927,0.7279999999999928,0.006661434505464916
